ISO-10303-21;
HEADER;
FILE_DESCRIPTION (( 'STEP AP203' ),
    '1' );
FILE_NAME ('spring.STEP',
    '2026-08-21T19:10:38',
    ( '' ),
    ( '' ),
    'SwSTEP 2.0',
    'SolidWorks 2025',
    '' );
FILE_SCHEMA (( 'CONFIG_CONTROL_DESIGN' ));
ENDSEC;

DATA;
#1 = CARTESIAN_POINT ( 'NONE',  ( 9.317337899759843722, 5.604432560403450836, -15.38897587789217347 ) ) ;
#2 = CARTESIAN_POINT ( 'NONE',  ( -5.026038205973742734, 1.108745869532015371, 13.44133946412361524 ) ) ;
#3 = CARTESIAN_POINT ( 'NONE',  ( -1.269747079907964649, 46.31871827468916791, 13.93278074187870885 ) ) ;
#4 = CARTESIAN_POINT ( 'NONE',  ( 13.93264083057369085, -1.301968416182270660, -1.270988827084796213 ) ) ;
#5 = CARTESIAN_POINT ( 'NONE',  ( -17.84085098524932178, 32.92586113183201491, 2.310281418091025163 ) ) ;
#6 = CARTESIAN_POINT ( 'NONE',  ( 13.26144797630247041, 50.39446015524630695, -12.83067754871767185 ) ) ;
#7 = CARTESIAN_POINT ( 'NONE',  ( 5.941431822409549035, 56.79408921496772678, 16.97774488012678518 ) ) ;
#8 = CARTESIAN_POINT ( 'NONE',  ( 12.71941253312912679, 48.75837492925344208, 12.71852892936481716 ) ) ;
#9 = CARTESIAN_POINT ( 'NONE',  ( -12.50898567444951226, -3.980539844753699263, -12.92895578804443524 ) ) ;
#10 = CARTESIAN_POINT ( 'NONE',  ( 13.04560959886932103, 54.38337492925344208, -13.04651592615081412 ) ) ;
#11 = CARTESIAN_POINT ( 'NONE',  ( 9.928605823046513734, 43.37228970326059851, -10.36118890519427360 ) ) ;
#12 = CARTESIAN_POINT ( 'NONE',  ( 15.62233376509898974, 33.49051778639630328, 9.815406020601812997 ) ) ;
#13 = CARTESIAN_POINT ( 'NONE',  ( -4.620315574588849117, 38.04408921496773388, -13.20221155889332287 ) ) ;
#14 = CARTESIAN_POINT ( 'NONE',  ( -16.87987034191867508, 10.48374586953201515, -6.221141182516696233 ) ) ;
#15 = CARTESIAN_POINT ( 'NONE',  ( -13.89932148812502000, 58.93694635782487978, 1.566706170381279684 ) ) ;
#16 = CARTESIAN_POINT ( 'NONE',  ( -12.82977122143616278, 24.62228970326059141, 13.26235430358396883 ) ) ;
#17 = CARTESIAN_POINT ( 'NONE',  ( 4.339426733693342975, 15.30517444096058988, 13.30049881527948408 ) ) ;
#18 = CARTESIAN_POINT ( 'NONE',  ( 15.07165777450069477, 36.14014684611774442, -9.822346768312613108 ) ) ;
#19 = CARTESIAN_POINT ( 'NONE',  ( -9.890985408382910293, 0.008374929253446961042, -9.890101804618650405 ) ) ;
#20 = CARTESIAN_POINT ( 'NONE',  ( -7.375178794414805061, 3.787317298103443974, -12.31005298071982068 ) ) ;
#21 = CARTESIAN_POINT ( 'NONE',  ( 1.269747079907966647, 20.06871827468916791, -13.93278074187870885 ) ) ;
#22 = FACE_OUTER_BOUND ( 'NONE', #3343, .T. ) ;
#23 = CARTESIAN_POINT ( 'NONE',  ( 10.07494671716892043, 45.51514684611774442, 15.45925353677825420 ) ) ;
#24 = CARTESIAN_POINT ( 'NONE',  ( 13.89932148812502177, 2.686946357824875786, -1.566706170381278795 ) ) ;
#25 = CARTESIAN_POINT ( 'NONE',  ( -9.569313298882221375, 50.36551778639630328, 15.23064924101556450 ) ) ;
#26 = CARTESIAN_POINT ( 'NONE',  ( -5.026038205973742734, 53.60874586953201515, 13.44133946412361524 ) ) ;
#27 = CARTESIAN_POINT ( 'NONE',  ( 12.71941253312912679, 48.75837492925344208, 12.71852892936481716 ) ) ;
#28 = CARTESIAN_POINT ( 'NONE',  ( -4.449813364350533540, 54.08657541754632092, 13.64296925676377015 ) ) ;
#29 = CARTESIAN_POINT ( 'NONE',  ( -9.569313298882221375, 42.86551778639630328, 15.23064924101556450 ) ) ;
#30 = CARTESIAN_POINT ( 'NONE',  ( 1.606996938753243453, 49.56194635782487268, 14.25676843841640640 ) ) ;
#31 = CARTESIAN_POINT ( 'NONE',  ( -13.26144797630246863, 1.644460155246301625, 12.83067754871767185 ) ) ;
#32 = CARTESIAN_POINT ( 'NONE',  ( 18.33398143151067217, 2.954803500682018136, 2.065098662640570737 ) ) ;
#33 = CARTESIAN_POINT ( 'NONE',  ( -17.84085098524932178, 25.42586113183201846, 2.310281418091025163 ) ) ;
#34 = CARTESIAN_POINT ( 'NONE',  ( 13.10433702068518791, 14.23374586953201693, 4.900024934696060264 ) ) ;
#35 = CARTESIAN_POINT ( 'NONE',  ( 1.717604984321167372, 50.06871827468917502, -17.90762958145169037 ) ) ;
#36 = CARTESIAN_POINT ( 'NONE',  ( -14.29108815922407594, 63.19371827468917502, -1.302400991952681997 ) ) ;
#37 = CARTESIAN_POINT ( 'NONE',  ( 9.680558549703299320, 7.269460155246302513, 10.10052866329826493 ) ) ;
#38 = CARTESIAN_POINT ( 'NONE',  ( -1.910319204534601800, 12.30086113183202379, -14.22259222699365289 ) ) ;
#39 = CARTESIAN_POINT ( 'NONE',  ( 15.22998441137731085, 54.65123207211058798, -9.570371369190235455 ) ) ;
#40 = CARTESIAN_POINT ( 'NONE',  ( -15.78473206644855864, 41.22943256040345972, -9.556950604592149290 ) ) ;
#41 = CARTESIAN_POINT ( 'NONE',  ( -1.565464423204447009, 4.829803500682018580, 13.89946139943004866 ) ) ;
#42 = CARTESIAN_POINT ( 'NONE',  ( -15.62233376509898974, 44.74051778639631749, -9.815406020601807668 ) ) ;
#43 = CARTESIAN_POINT ( 'NONE',  ( -2.309039670914129427, 0.8408887266748727995, 17.84099089655435932 ) ) ;
#44 = CARTESIAN_POINT ( 'NONE',  ( 1.269747079907966647, 42.56871827468916081, -13.93278074187870885 ) ) ;
#45 = CARTESIAN_POINT ( 'NONE',  ( 12.71941253312912679, 48.75837492925344208, 12.71852892936481716 ) ) ;
#46 = CARTESIAN_POINT ( 'NONE',  ( -1.606996938753239457, 38.31194635782487268, -14.25676843841640462 ) ) ;
#47 = CARTESIAN_POINT ( 'NONE',  ( 17.51517412020538700, 13.43017444096058632, -5.806114391418052634 ) ) ;
#48 = CARTESIAN_POINT ( 'NONE',  ( -17.41435922388530244, 13.66908921496773210, 6.094226812229657675 ) ) ;
#49 = CARTESIAN_POINT ( 'NONE',  ( 6.222320663305056065, 30.78300398897487966, 16.87945762374062042 ) ) ;
#50 = CARTESIAN_POINT ( 'NONE',  ( -10.36028257791282137, 1.644460155246301625, 9.929512150327971298 ) ) ;
#51 = CARTESIAN_POINT ( 'NONE',  ( 17.84085098524932178, 44.17586113183202912, -2.310281418091023387 ) ) ;
#52 = CARTESIAN_POINT ( 'NONE',  ( -18.33398143151067217, 6.704803500682018580, -2.065098662640568961 ) ) ;
#53 = CARTESIAN_POINT ( 'NONE',  ( -4.339426733693341198, 26.55517444096058455, -13.30049881527948585 ) ) ;
#54 = CARTESIAN_POINT ( 'NONE',  ( -1.606996938753239457, 38.31194635782487268, -14.25676843841640462 ) ) ;
#55 = CARTESIAN_POINT ( 'NONE',  ( -14.29108815922407594, 18.19371827468916081, -1.302400991952681997 ) ) ;
#56 = CARTESIAN_POINT ( 'NONE',  ( 17.41435922388530244, 54.91908921496773388, -6.094226812229655899 ) ) ;
#57 = CARTESIAN_POINT ( 'NONE',  ( -12.82977122143616278, 32.12228970326059141, 13.26235430358396883 ) ) ;
#58 = CARTESIAN_POINT ( 'NONE',  ( -17.41435922388530244, 58.66908921496774809, 6.094226812229657675 ) ) ;
#59 = CARTESIAN_POINT ( 'NONE',  ( -2.013322327617646401, 42.32980350068201858, 17.87431023900302307 ) ) ;
#60 = CC_DESIGN_PERSON_AND_ORGANIZATION_ASSIGNMENT ( #1109, #1412, ( #698 ) ) ;
#61 = CARTESIAN_POINT ( 'NONE',  ( -2.309039670914129427, 15.84088872667487280, 17.84099089655435932 ) ) ;
#62 = CARTESIAN_POINT ( 'NONE',  ( -11.68476097758756893, 54.89014684611773731, 7.694218462251239288 ) ) ;
#63 = CARTESIAN_POINT ( 'NONE',  ( 15.22998441137731085, 39.65123207211058798, -9.570371369190235455 ) ) ;
#64 = CARTESIAN_POINT ( 'NONE',  ( 1.565464423204449673, 38.57980350068201858, -13.89946139943004688 ) ) ;
#65 = CARTESIAN_POINT ( 'NONE',  ( -12.50898567444951226, 3.519460155246302069, -12.92895578804443524 ) ) ;
#66 = CARTESIAN_POINT ( 'NONE',  ( -9.569313298882221375, 12.86551778639630506, 15.23064924101556450 ) ) ;
#67 = CARTESIAN_POINT ( 'NONE',  ( 18.36815764293342212, 29.44371827468916436, 1.761776396859212168 ) ) ;
#68 = CARTESIAN_POINT ( 'NONE',  ( -14.22273573637858668, 17.71588872667487280, -1.909045523515404463 ) ) ;
#69 = CARTESIAN_POINT ( 'NONE',  ( -17.31354432756522499, 40.15800398897488321, 6.382339233041261828 ) ) ;
#70 = CARTESIAN_POINT ( 'NONE',  ( -17.87417032769798908, 21.43694635782487623, 2.014564074794545689 ) ) ;
#71 = CARTESIAN_POINT ( 'NONE',  ( -10.36028257791282137, 24.14446015524630340, 9.929512150327971298 ) ) ;
#72 = CARTESIAN_POINT ( 'NONE',  ( 1.565464423204449673, 31.07980350068201858, -13.89946139943004688 ) ) ;
#73 = CARTESIAN_POINT ( 'NONE',  ( -11.68476097758756893, 17.39014684611773731, 7.694218462251239288 ) ) ;
#74 = DIRECTION ( 'NONE',  ( 0.7051471715689086039, 0.07439712935806916394, -0.7051471715689193731 ) ) ;
#75 = CARTESIAN_POINT ( 'NONE',  ( 2.369694609441195698, 46.05086113183203622, 18.29966171070299197 ) ) ;
#76 = CARTESIAN_POINT ( 'NONE',  ( 9.569313298882223151, 39.11551778639630328, -15.23064924101556095 ) ) ;
#77 = CARTESIAN_POINT ( 'NONE',  ( -1.763050077878471233, 11.82303158381773045, -18.36801413354849544 ) ) ;
#78 = CARTESIAN_POINT ( 'NONE',  ( -11.84308761446418679, 5.901232072110590643, 7.442243063128862524 ) ) ;
#79 = CARTESIAN_POINT ( 'NONE',  ( 18.33398143151067217, 47.95480350068203279, 2.065098662640570737 ) ) ;
#80 = CARTESIAN_POINT ( 'NONE',  ( 10.14444420047966666, 46.88337492925346339, -10.14535052776112423 ) ) ;
#81 = CARTESIAN_POINT ( 'NONE',  ( -17.90748967014665993, 17.44803158381773045, 1.718846731498061331 ) ) ;
#82 = CARTESIAN_POINT ( 'NONE',  ( -15.62233376509898974, 14.74051778639630506, -9.815406020601807668 ) ) ;
#83 = CARTESIAN_POINT ( 'NONE',  ( -13.10433702068519146, 32.98374586953200804, -4.900024934696059375 ) ) ;
#84 = CARTESIAN_POINT ( 'NONE',  ( -6.222320663305054289, 42.03300398897489032, -16.87945762374062042 ) ) ;
#85 = CARTESIAN_POINT ( 'NONE',  ( 13.04560959886931926, 16.88337492925344918, -13.04651592615081412 ) ) ;
#86 = CARTESIAN_POINT ( 'NONE',  ( 13.20262427707134556, 33.22266064353915738, 4.619136093800549681 ) ) ;
#87 = CARTESIAN_POINT ( 'NONE',  ( -13.86600214567635270, 17.92586113183202201, 1.862423513677762710 ) ) ;
#88 = CARTESIAN_POINT ( 'NONE',  ( -16.97815759830483273, 59.47266064353916448, -5.940252341621187426 ) ) ;
#89 = CARTESIAN_POINT ( 'NONE',  ( -10.07494671716892043, 49.26514684611775152, -15.45925353677825420 ) ) ;
#90 = CARTESIAN_POINT ( 'NONE',  ( 9.821288698004604356, 12.62660301238915928, -15.07232260413894842 ) ) ;
#91 = CARTESIAN_POINT ( 'NONE',  ( -13.20262427707134734, 6.972660643539161818, -4.619136093800548792 ) ) ;
#92 = CARTESIAN_POINT ( 'NONE',  ( 9.317337899759843722, 5.604432560403450836, -15.38897587789217347 ) ) ;
#93 = CARTESIAN_POINT ( 'NONE',  ( 13.89932148812502177, 55.18694635782487268, -1.566706170381278795 ) ) ;
#94 = CARTESIAN_POINT ( 'NONE',  ( 17.90748967014665993, 21.19803158381773045, -1.718846731498061331 ) ) ;
#95 = CARTESIAN_POINT ( 'NONE',  ( 12.71941253312912679, 3.758374929253446961, 12.71852892936481716 ) ) ;
#96 = CARTESIAN_POINT ( 'NONE',  ( -13.10433702068519146, 17.98374586953201515, -4.900024934696059375 ) ) ;
#97 = CARTESIAN_POINT ( 'NONE',  ( -13.30091153345750854, 10.96157541754630671, -4.338247252905039097 ) ) ;
#98 = CARTESIAN_POINT ( 'NONE',  ( 18.36815764293342212, 59.44371827468916791, 1.761776396859212168 ) ) ;
#99 = CARTESIAN_POINT ( 'NONE',  ( 16.97815759830482918, 18.22266064353916093, 5.940252341621189203 ) ) ;
#100 = CARTESIAN_POINT ( 'NONE',  ( -11.84308761446418679, 43.40123207211058798, 7.442243063128862524 ) ) ;
#101 = CARTESIAN_POINT ( 'NONE',  ( -7.892089626434113825, 34.26514684611774442, -11.98525637802066512 ) ) ;
#102 = CARTESIAN_POINT ( 'NONE',  ( -18.33398143151067217, 6.704803500682018580, -2.065098662640568961 ) ) ;
#103 = CARTESIAN_POINT ( 'NONE',  ( 5.804904578083527333, 50.33657541754631382, -17.51559745220038522 ) ) ;
#104 = CARTESIAN_POINT ( 'NONE',  ( -17.41435922388530244, 58.66908921496774809, 6.094226812229657675 ) ) ;
#105 = CARTESIAN_POINT ( 'NONE',  ( 1.763050077878475008, 15.57303158381773400, 18.36801413354849544 ) ) ;
#106 = CARTESIAN_POINT ( 'NONE',  ( 13.89932148812502177, 2.686946357824875786, -1.566706170381278795 ) ) ;
#107 = CARTESIAN_POINT ( 'NONE',  ( 17.84085098524932178, 6.675861131832021123, -2.310281418091023387 ) ) ;
#108 = CARTESIAN_POINT ( 'NONE',  ( -9.680558549703295768, -3.980539844753699263, -10.10052866329826671 ) ) ;
#109 = CARTESIAN_POINT ( 'NONE',  ( 6.381129419706736527, 19.85874586953201515, -17.31396765956023387 ) ) ;
#110 = CARTESIAN_POINT ( 'NONE',  ( -2.013322327617646401, 27.32980350068201858, 17.87431023900302307 ) ) ;
#111 = CARTESIAN_POINT ( 'NONE',  ( 9.680558549703299320, 22.26946015524630340, 10.10052866329826493 ) ) ;
#112 = CARTESIAN_POINT ( 'NONE',  ( -10.10141226706252482, 11.49728970326059319, -9.679674945939034103 ) ) ;
#113 = CARTESIAN_POINT ( 'NONE',  ( -15.62233376509898974, 7.240517786396306832, -9.815406020601807668 ) ) ;
#114 = CARTESIAN_POINT ( 'NONE',  ( 13.89932148812502177, 10.18694635782487623, -1.566706170381278795 ) ) ;
#115 = CARTESIAN_POINT ( 'NONE',  ( 17.31354432756522499, 58.90800398897489032, -6.382339233041259163 ) ) ;
#116 = CARTESIAN_POINT ( 'NONE',  ( -7.633634210424458999, 30.27623207211059153, -12.14765467937024290 ) ) ;
#117 = CARTESIAN_POINT ( 'NONE',  ( 13.04560959886931926, 9.383374929253447405, -13.04651592615081412 ) ) ;
#118 = CARTESIAN_POINT ( 'NONE',  ( 13.89932148812502177, 55.18694635782487268, -1.566706170381278795 ) ) ;
#119 = CARTESIAN_POINT ( 'NONE',  ( 1.606996938753243231, 4.561946357824875342, 14.25676843841640462 ) ) ;
#120 = CARTESIAN_POINT ( 'NONE',  ( 12.31073490769093581, 37.47943256040345261, 7.374093513857401305 ) ) ;
#121 = CARTESIAN_POINT ( 'NONE',  ( -2.066372343659833799, 8.311946357824879783, -18.33383792212573837 ) ) ;
#122 = CARTESIAN_POINT ( 'NONE',  ( -9.317337899759843722, 54.35443256040345261, 15.38897587789217702 ) ) ;
#123 = PERSON_AND_ORGANIZATION_ROLE ( 'design_owner' ) ;
#124 = CARTESIAN_POINT ( 'NONE',  ( -12.50898567444951226, 33.51946015524629985, -12.92895578804443524 ) ) ;
#125 = CARTESIAN_POINT ( 'NONE',  ( 12.14833660634136869, 3.490517786396305056, 7.632548929867059684 ) ) ;
#126 = CARTESIAN_POINT ( 'NONE',  ( -15.22998441137730907, 28.40123207211059153, 9.570371369190237232 ) ) ;
#127 = CARTESIAN_POINT ( 'NONE',  ( 16.97815759830482918, 55.72266064353915738, 5.940252341621189203 ) ) ;
#128 = CARTESIAN_POINT ( 'NONE',  ( -14.25691194780133308, 59.20480350068203279, -1.605723257734043008 ) ) ;
#129 = CARTESIAN_POINT ( 'NONE',  ( -9.821288698004600803, 16.37660301238915750, 15.07232260413895020 ) ) ;
#130 = CARTESIAN_POINT ( 'NONE',  ( 16.97815759830482918, 18.22266064353916093, 5.940252341621189203 ) ) ;
#131 = CARTESIAN_POINT ( 'NONE',  ( -9.569313298882221375, 12.86551778639630506, 15.23064924101556450 ) ) ;
#132 = CARTESIAN_POINT ( 'NONE',  ( -13.93264083057369085, 24.94803158381773045, 1.270988827084797990 ) ) ;
#133 = CARTESIAN_POINT ( 'NONE',  ( 13.64254592476879147, 20.93017444096059521, -4.451023177684999332 ) ) ;
#134 = CARTESIAN_POINT ( 'NONE',  ( 14.29108815922407594, 14.44371827468916614, 1.302400991952682663 ) ) ;
#135 = CARTESIAN_POINT ( 'NONE',  ( -16.97815759830483273, 6.972660643539161818, -5.940252341621187426 ) ) ;
#136 = CARTESIAN_POINT ( 'NONE',  ( -13.54173102844871579, 13.66908921496773210, 4.739135598496603485 ) ) ;
#137 = CARTESIAN_POINT ( 'NONE',  ( -17.07644485469099394, 63.46157541754630671, -5.659363500725679508 ) ) ;
#138 = CARTESIAN_POINT ( 'NONE',  ( 14.25691194780132953, 40.45480350068201147, 1.605723257734045006 ) ) ;
#139 = CARTESIAN_POINT ( 'NONE',  ( -15.22998441137730907, 5.901232072110590643, 9.570371369190237232 ) ) ;
#140 = CARTESIAN_POINT ( 'NONE',  ( 13.54173102844871401, 54.91908921496773388, -4.739135598496600821 ) ) ;
#141 = CARTESIAN_POINT ( 'NONE',  ( 10.14444420047966666, 9.383374929253447405, -10.14535052776112245 ) ) ;
#142 = CARTESIAN_POINT ( 'NONE',  ( -11.68476097758756893, 24.89014684611773731, 7.694218462251239288 ) ) ;
#143 = CARTESIAN_POINT ( 'NONE',  ( -14.22273573637858668, 47.71588872667486925, -1.909045523515404463 ) ) ;
#144 = CARTESIAN_POINT ( 'NONE',  ( -16.97815759830483273, 6.972660643539161818, -5.940252341621187426 ) ) ;
#145 = CARTESIAN_POINT ( 'NONE',  ( -18.36815764293342212, 48.19371827468916791, -1.761776396859210170 ) ) ;
#146 = PRODUCT ( 'spring', 'spring', '', ( #2463 ) ) ;
#147 = CARTESIAN_POINT ( 'NONE',  ( -12.50898567444951226, 41.01946015524631406, -12.92895578804443524 ) ) ;
#148 = CARTESIAN_POINT ( 'NONE',  ( 13.89932148812502177, 10.18694635782487623, -1.566706170381278795 ) ) ;
#149 = CARTESIAN_POINT ( 'NONE',  ( 16.97815759830482918, 33.22266064353915738, 5.940252341621189203 ) ) ;
#150 = CARTESIAN_POINT ( 'NONE',  ( 2.066372343659836464, 57.06194635782487978, 18.33383792212573837 ) ) ;
#151 = CARTESIAN_POINT ( 'NONE',  ( 9.558035885149614330, 30.03731729810344220, 15.78405013947740443 ) ) ;
#152 = CARTESIAN_POINT ( 'NONE',  ( 16.97815759830482918, 33.22266064353915738, 5.940252341621189203 ) ) ;
#153 = CARTESIAN_POINT ( 'NONE',  ( 17.41435922388530244, 17.41908921496774099, -6.094226812229655899 ) ) ;
#154 = CARTESIAN_POINT ( 'NONE',  ( 1.303674672971881554, 38.07303158381773756, 14.29094464983915458 ) ) ;
#155 = CARTESIAN_POINT ( 'NONE',  ( 1.861181766500932033, 27.09088872667487280, -13.86614205698138669 ) ) ;
#156 = CARTESIAN_POINT ( 'NONE',  ( 9.569313298882223151, 31.61551778639630328, -15.23064924101556095 ) ) ;
#157 = CARTESIAN_POINT ( 'NONE',  ( 12.31073490769093581, 7.479432560403450836, 7.374093513857401305 ) ) ;
#158 = CARTESIAN_POINT ( 'NONE',  ( 9.816491301159272709, 11.52623207211058975, 15.62165183812783198 ) ) ;
#159 = CARTESIAN_POINT ( 'NONE',  ( 13.20262427707134556, 10.72266064353916093, 4.619136093800549681 ) ) ;
#160 = CARTESIAN_POINT ( 'NONE',  ( -5.804904578083523781, 61.58657541754631382, 17.51559745220038522 ) ) ;
#161 = CARTESIAN_POINT ( 'NONE',  ( -13.54173102844871401, 36.16908921496773388, 4.739135598496604374 ) ) ;
#162 = CARTESIAN_POINT ( 'NONE',  ( -12.50898567444951226, 48.51946015524631406, -12.92895578804443524 ) ) ;
#163 = CARTESIAN_POINT ( 'NONE',  ( -4.620315574588849117, 45.54408921496773388, -13.20221155889332287 ) ) ;
#164 = CARTESIAN_POINT ( 'NONE',  ( -1.565464423204447009, 19.82980350068201858, 13.89946139943004866 ) ) ;
#165 = CARTESIAN_POINT ( 'NONE',  ( -9.928605823046511958, 32.12228970326059141, 10.36118890519427360 ) ) ;
#166 = CARTESIAN_POINT ( 'NONE',  ( -12.50898567444951226, -3.980539844753699263, -12.92895578804443524 ) ) ;
#167 = CARTESIAN_POINT ( 'NONE',  ( 13.04560959886932103, 1.883374929253446961, -13.04651592615081412 ) ) ;
#168 = CARTESIAN_POINT ( 'NONE',  ( -5.804904578083523781, 61.58657541754631382, 17.51559745220038522 ) ) ;
#169 = DATE_AND_TIME ( #3712, #2221 ) ;
#170 = CARTESIAN_POINT ( 'NONE',  ( 17.51517412020538700, 35.93017444096059165, -5.806114391418052634 ) ) ;
#171 = CARTESIAN_POINT ( 'NONE',  ( -9.890985408382910293, 22.50837492925344918, -9.890101804618650405 ) ) ;
#172 = CARTESIAN_POINT ( 'NONE',  ( -15.62233376509898797, 29.74051778639630683, -9.815406020601805892 ) ) ;
#173 = CARTESIAN_POINT ( 'NONE',  ( 1.717604984321167372, 12.56871827468916436, -17.90762958145169037 ) ) ;
#174 = CARTESIAN_POINT ( 'NONE',  ( -12.50898567444951226, 33.51946015524629985, -12.92895578804443524 ) ) ;
#175 = ORIENTED_EDGE ( 'NONE', *, *, #322, .T. ) ;
#176 = CARTESIAN_POINT ( 'NONE',  ( -2.066372343659833799, 30.81194635782487623, -18.33383792212573837 ) ) ;
#177 = CARTESIAN_POINT ( 'NONE',  ( -13.04560959886931926, 5.633374929253450070, 13.04651592615081768 ) ) ;
#178 = CARTESIAN_POINT ( 'NONE',  ( 4.339426733693342975, 37.80517444096058455, 13.30049881527948408 ) ) ;
#179 = CARTESIAN_POINT ( 'NONE',  ( 7.693160391943282050, 20.12660301238916105, -11.68542580722579238 ) ) ;
#180 = CARTESIAN_POINT ( 'NONE',  ( -2.013322327617646401, 42.32980350068201858, 17.87431023900302307 ) ) ;
#181 = CARTESIAN_POINT ( 'NONE',  ( -7.189209593698521417, 16.85443256040345261, 12.00207908097901921 ) ) ;
#182 = CARTESIAN_POINT ( 'NONE',  ( -5.941431822409547259, 15.54408921496773388, -16.97774488012678518 ) ) ;
#183 = CARTESIAN_POINT ( 'NONE',  ( -1.565464423204447009, 12.32980350068201858, 13.89946139943004866 ) ) ;
#184 = CARTESIAN_POINT ( 'NONE',  ( -2.013322327617646401, 49.82980350068201858, 17.87431023900302307 ) ) ;
#185 = CARTESIAN_POINT ( 'NONE',  ( -1.606996938753239457, 30.81194635782487623, -14.25676843841640284 ) ) ;
#186 = CARTESIAN_POINT ( 'NONE',  ( 15.22998441137731085, 2.151232072110589311, -9.570371369190235455 ) ) ;
#187 = CARTESIAN_POINT ( 'NONE',  ( -4.339426733693341198, -3.444825559039413676, -13.30049881527948585 ) ) ;
#188 = CARTESIAN_POINT ( 'NONE',  ( 4.737925785162139469, 16.34766064353916448, -13.54215436044368914 ) ) ;
#189 = CARTESIAN_POINT ( 'NONE',  ( -4.449813364350533540, 24.08657541754631026, 13.64296925676377015 ) ) ;
#190 = CARTESIAN_POINT ( 'NONE',  ( 1.861181766500932033, 49.59088872667487635, -13.86614205698138669 ) ) ;
#191 = CARTESIAN_POINT ( 'NONE',  ( 15.45993546374941552, 29.50160301238915750, 10.07386143661146605 ) ) ;
#192 = CARTESIAN_POINT ( 'NONE',  ( 12.14833660634136869, 10.99051778639630328, 7.632548929867059684 ) ) ;
#193 = CARTESIAN_POINT ( 'NONE',  ( -2.013322327617646401, 34.82980350068201858, 17.87431023900302307 ) ) ;
#194 = CARTESIAN_POINT ( 'NONE',  ( 12.92983939180874131, 22.74728970326059141, 12.50810207068520441 ) ) ;
#195 = CARTESIAN_POINT ( 'NONE',  ( -17.51517412020538345, 47.18017444096059876, 5.806114391418055298 ) ) ;
#196 = CARTESIAN_POINT ( 'NONE',  ( 9.569313298882223151, 1.615517786396304167, -15.23064924101556095 ) ) ;
#197 = CARTESIAN_POINT ( 'NONE',  ( -13.04560959886931926, 28.13337492925345629, 13.04651592615081768 ) ) ;
#198 = CARTESIAN_POINT ( 'NONE',  ( -15.22998441137730907, 28.40123207211059153, 9.570371369190237232 ) ) ;
#199 = CARTESIAN_POINT ( 'NONE',  ( 5.026038205973743622, 42.35874586953202225, -13.44133946412361524 ) ) ;
#200 = CARTESIAN_POINT ( 'NONE',  ( 12.00141425134080642, 35.66231729810344575, -7.190267664006485759 ) ) ;
#201 = CARTESIAN_POINT ( 'NONE',  ( -9.816491301159269156, 37.77623207211058798, -15.62165183812783198 ) ) ;
#202 = CARTESIAN_POINT ( 'NONE',  ( -7.892089626434113825, 34.26514684611774442, -11.98525637802066512 ) ) ;
#203 = CARTESIAN_POINT ( 'NONE',  ( 18.33398143151067217, 2.954803500682018136, 2.065098662640570737 ) ) ;
#204 = CARTESIAN_POINT ( 'NONE',  ( 4.620315574588850005, 4.294089214967732993, 13.20221155889332287 ) ) ;
#205 = CARTESIAN_POINT ( 'NONE',  ( -6.093016998895129710, 42.59766064353916448, 17.41478255588030777 ) ) ;
#206 = CARTESIAN_POINT ( 'NONE',  ( -13.89932148812502000, 43.93694635782487268, 1.566706170381279684 ) ) ;
#207 = CARTESIAN_POINT ( 'NONE',  ( 6.381129419706736527, 49.85874586953201515, -17.31396765956023387 ) ) ;
#208 = CARTESIAN_POINT ( 'NONE',  ( -11.84308761446418679, 50.90123207211058798, 7.442243063128862524 ) ) ;
#209 = CARTESIAN_POINT ( 'NONE',  ( 7.441184992820901734, 16.61551778639630683, -11.84375244410240668 ) ) ;
#210 = CARTESIAN_POINT ( 'NONE',  ( -5.941431822409547259, 23.04408921496773388, -16.97774488012678518 ) ) ;
#211 = CARTESIAN_POINT ( 'NONE',  ( -13.44091613212862946, 40.15800398897488321, 5.027248019308207638 ) ) ;
#212 = CARTESIAN_POINT ( 'NONE',  ( -11.98593830499178914, 48.25160301238916105, -7.891004345876712733 ) ) ;
#213 = SECURITY_CLASSIFICATION_LEVEL ( 'unclassified' ) ;
#214 = CARTESIAN_POINT ( 'NONE',  ( -6.381129419706733863, 38.60874586953201515, 17.31396765956023387 ) ) ;
#215 = CARTESIAN_POINT ( 'NONE',  ( -12.14833660634136869, 14.74051778639630506, -7.632548929867056131 ) ) ;
#216 = CARTESIAN_POINT ( 'NONE',  ( 16.97815759830482918, 25.72266064353916448, 5.940252341621189203 ) ) ;
#217 = CARTESIAN_POINT ( 'NONE',  ( 15.78473206644855686, 14.97943256040345261, 9.556950604592154619 ) ) ;
#218 = CARTESIAN_POINT ( 'NONE',  ( 5.660542981514042893, 37.80517444096058455, 17.07603213651294638 ) ) ;
#219 = CARTESIAN_POINT ( 'NONE',  ( -12.71941253312912501, 0.008374929253446718180, -12.71852892936481894 ) ) ;
#220 = CARTESIAN_POINT ( 'NONE',  ( -2.066372343659833799, 45.81194635782489399, -18.33383792212573837 ) ) ;
#221 = CARTESIAN_POINT ( 'NONE',  ( -16.97815759830483273, 21.97266064353916093, -5.940252341621187426 ) ) ;
#222 = CARTESIAN_POINT ( 'NONE',  ( -10.36028257791282137, 46.64446015524629985, 9.929512150327971298 ) ) ;
#223 = CARTESIAN_POINT ( 'NONE',  ( 10.36028257791282137, 35.39446015524630695, -9.929512150327971298 ) ) ;
#224 =( GEOMETRIC_REPRESENTATION_CONTEXT ( 3 ) GLOBAL_UNCERTAINTY_ASSIGNED_CONTEXT ( ( #2294 ) ) GLOBAL_UNIT_ASSIGNED_CONTEXT ( ( #3261, #1548, #1818 ) ) REPRESENTATION_CONTEXT ( 'NONE', 'WORKASPACE' ) );
#225 = CARTESIAN_POINT ( 'NONE',  ( -2.066372343659833799, 30.81194635782487623, -18.33383792212573837 ) ) ;
#226 = CARTESIAN_POINT ( 'NONE',  ( -9.928605823046511958, 39.62228970326060562, 10.36118890519427360 ) ) ;
#227 = CARTESIAN_POINT ( 'NONE',  ( 16.97815759830482918, 33.22266064353915738, 5.940252341621189203 ) ) ;
#228 = CARTESIAN_POINT ( 'NONE',  ( -13.54173102844871579, 28.66908921496773388, 4.739135598496603485 ) ) ;
#229 = CARTESIAN_POINT ( 'NONE',  ( -15.22998441137730907, 43.40123207211058798, 9.570371369190237232 ) ) ;
#230 = CARTESIAN_POINT ( 'NONE',  ( 9.890985408382912070, 48.75837492925344208, 9.890101804618648629 ) ) ;
#231 = CARTESIAN_POINT ( 'NONE',  ( 12.82977122143616633, 13.37228970326059674, -13.26235430358396883 ) ) ;
#232 = CARTESIAN_POINT ( 'NONE',  ( 15.62233376509898974, 3.490517786396304611, 9.815406020601812997 ) ) ;
#233 = CARTESIAN_POINT ( 'NONE',  ( -4.620315574588849117, 23.04408921496773388, -13.20221155889332287 ) ) ;
#234 = CARTESIAN_POINT ( 'NONE',  ( 16.97815759830482918, 18.22266064353916093, 5.940252341621189203 ) ) ;
#235 = CARTESIAN_POINT ( 'NONE',  ( 12.31073490769093581, 52.47943256040345972, 7.374093513857401305 ) ) ;
#236 = CARTESIAN_POINT ( 'NONE',  ( -5.026038205973742734, 46.10874586953202936, 13.44133946412361524 ) ) ;
#237 = CARTESIAN_POINT ( 'NONE',  ( 15.38831104825393048, 43.16231729810344575, -9.318395970067859579 ) ) ;
#238 = CARTESIAN_POINT ( 'NONE',  ( 4.620315574588850005, 19.29408921496773388, 13.20221155889332287 ) ) ;
#239 = CARTESIAN_POINT ( 'NONE',  ( 17.07644485469099038, 14.71157541754630671, 5.659363500725681284 ) ) ;
#240 = CARTESIAN_POINT ( 'NONE',  ( -5.660542981514041116, 41.55517444096059165, -17.07603213651294638 ) ) ;
#241 = CARTESIAN_POINT ( 'NONE',  ( 16.97815759830482918, 3.222660643539161374, 5.940252341621189203 ) ) ;
#242 = CARTESIAN_POINT ( 'NONE',  ( 12.71941253312912679, 41.25837492925344208, 12.71852892936481716 ) ) ;
#243 = CARTESIAN_POINT ( 'NONE',  ( 2.066372343659836464, 27.06194635782488689, 18.33383792212573837 ) ) ;
#244 = CARTESIAN_POINT ( 'NONE',  ( -7.375178794414805061, 33.78731729810343865, -12.31005298071982068 ) ) ;
#245 = CARTESIAN_POINT ( 'NONE',  ( -15.62233376509898974, 44.74051778639631749, -9.815406020601807668 ) ) ;
#246 = CARTESIAN_POINT ( 'NONE',  ( 11.68476097758757071, 36.14014684611774442, -7.694218462251239288 ) ) ;
#247 = CARTESIAN_POINT ( 'NONE',  ( -2.066372343659833799, 30.81194635782487623, -18.33383792212573837 ) ) ;
#248 = CARTESIAN_POINT ( 'NONE',  ( 9.890985408382912070, 18.75837492925344563, 9.890101804618648629 ) ) ;
#249 = CARTESIAN_POINT ( 'NONE',  ( 15.62233376509898797, 40.99051778639629617, 9.815406020601811221 ) ) ;
#250 = CARTESIAN_POINT ( 'NONE',  ( -13.20262427707134734, 59.47266064353916448, -4.619136093800548792 ) ) ;
#251 = CARTESIAN_POINT ( 'NONE',  ( 9.317337899759843722, 20.60443256040345261, -15.38897587789217347 ) ) ;
#252 = CARTESIAN_POINT ( 'NONE',  ( 1.763050077878475008, 53.07303158381773756, 18.36801413354849544 ) ) ;
#253 = CARTESIAN_POINT ( 'NONE',  ( 7.633634210424459887, 26.52623207211059508, 12.14765467937024113 ) ) ;
#254 = CARTESIAN_POINT ( 'NONE',  ( 13.04560959886932103, 24.38337492925344918, -13.04651592615081412 ) ) ;
#255 = CARTESIAN_POINT ( 'NONE',  ( 4.901204415484357924, 38.28300398897488321, 13.10392430250715812 ) ) ;
#256 = CARTESIAN_POINT ( 'NONE',  ( -13.10433702068519146, 10.48374586953201515, -4.900024934696059375 ) ) ;
#257 = CARTESIAN_POINT ( 'NONE',  ( 1.565464423204449673, 16.07980350068201858, -13.89946139943004688 ) ) ;
#258 = CARTESIAN_POINT ( 'NONE',  ( -12.82977122143616278, 17.12228970326059496, 13.26235430358396883 ) ) ;
#259 = CARTESIAN_POINT ( 'NONE',  ( -16.87987034191867508, 32.98374586953200804, -6.221141182516696233 ) ) ;
#260 = CARTESIAN_POINT ( 'NONE',  ( 13.04560959886932103, 39.38337492925344208, -13.04651592615081412 ) ) ;
#261 = CARTESIAN_POINT ( 'NONE',  ( -13.04560959886931926, 28.13337492925345629, 13.04651592615081768 ) ) ;
#262 = CARTESIAN_POINT ( 'NONE',  ( 15.38831104825393048, -1.837682701896556248, -9.318395970067859579 ) ) ;
#263 = CARTESIAN_POINT ( 'NONE',  ( -9.569313298882221375, 57.86551778639630328, 15.23064924101556450 ) ) ;
#264 = CARTESIAN_POINT ( 'NONE',  ( -7.189209593698521417, 24.35443256040345261, 12.00207908097901921 ) ) ;
#265 = CARTESIAN_POINT ( 'NONE',  ( 5.941431822409549035, 34.29408921496773388, 16.97774488012678518 ) ) ;
#266 = CARTESIAN_POINT ( 'NONE',  ( 7.633634210424460775, 26.52623207211060219, 12.14765467937024468 ) ) ;
#267 = CARTESIAN_POINT ( 'NONE',  ( -13.89932148812502000, 51.43694635782487978, 1.566706170381279684 ) ) ;
#268 = CARTESIAN_POINT ( 'NONE',  ( 15.07165777450069477, 13.64014684611773909, -9.822346768312613108 ) ) ;
#269 = CARTESIAN_POINT ( 'NONE',  ( -1.303674672971879112, 4.323031583817729562, -14.29094464983915458 ) ) ;
#270 = CARTESIAN_POINT ( 'NONE',  ( -18.33398143151067217, 21.70480350068201858, -2.065098662640568961 ) ) ;
#271 = CARTESIAN_POINT ( 'NONE',  ( 4.449813364350533540, 42.83657541754630671, -13.64296925676377015 ) ) ;
#272 = CARTESIAN_POINT ( 'NONE',  ( -1.861181766500929369, 8.340888726674872800, 13.86614205698138669 ) ) ;
#273 = CARTESIAN_POINT ( 'NONE',  ( -9.890985408382910293, 30.00837492925344918, -9.890101804618650405 ) ) ;
#274 = CARTESIAN_POINT ( 'NONE',  ( -17.07644485469099394, 25.96157541754630671, -5.659363500725679508 ) ) ;
#275 = CARTESIAN_POINT ( 'NONE',  ( -18.29980522008792931, 55.21588872667486925, -2.368420928421930860 ) ) ;
#276 = CARTESIAN_POINT ( 'NONE',  ( -17.41435922388530244, 36.16908921496773388, 6.094226812229657675 ) ) ;
#277 = CARTESIAN_POINT ( 'NONE',  ( -12.71941253312912501, 22.50837492925344918, -12.71852892936481894 ) ) ;
#278 = CARTESIAN_POINT ( 'NONE',  ( -14.22273573637858668, 55.21588872667486925, -1.909045523515404463 ) ) ;
#279 = CARTESIAN_POINT ( 'NONE',  ( 5.941431822409549035, 56.79408921496772678, 16.97774488012678518 ) ) ;
#280 = CARTESIAN_POINT ( 'NONE',  ( 13.44091613212862768, 28.90800398897487966, -5.027248019308205862 ) ) ;
#281 = CARTESIAN_POINT ( 'NONE',  ( -12.71941253312912501, 30.00837492925344918, -12.71852892936481894 ) ) ;
#282 = CARTESIAN_POINT ( 'NONE',  ( 4.620315574588850005, 26.79408921496773388, 13.20221155889332287 ) ) ;
#283 = CARTESIAN_POINT ( 'NONE',  ( -13.20262427707134734, 51.97266064353916448, -4.619136093800548792 ) ) ;
#284 = CARTESIAN_POINT ( 'NONE',  ( -17.84085098524932178, 10.42586113183202201, 2.310281418091025163 ) ) ;
#285 = CARTESIAN_POINT ( 'NONE',  ( 14.22273573637858668, 13.96588872667487280, 1.909045523515405351 ) ) ;
#286 = LOCAL_TIME ( 0, 40, 38.00000000000000000, #1894 ) ;
#287 = CARTESIAN_POINT ( 'NONE',  ( -1.269747079907964649, 38.81871827468916081, 13.93278074187870885 ) ) ;
#288 = CARTESIAN_POINT ( 'NONE',  ( -5.026038205973742734, 8.608745869532015149, 13.44133946412361524 ) ) ;
#289 = CARTESIAN_POINT ( 'NONE',  ( -7.633634210424459887, 37.77623207211058798, -12.14765467937024646 ) ) ;
#290 = CARTESIAN_POINT ( 'NONE',  ( 9.317337899759843722, 35.60443256040345261, -15.38897587789217347 ) ) ;
#291 = CARTESIAN_POINT ( 'NONE',  ( 16.87987034191867508, 51.73374586953202225, 6.221141182516698009 ) ) ;
#292 = CARTESIAN_POINT ( 'NONE',  ( -5.941431822409547259, 45.54408921496773388, -16.97774488012678518 ) ) ;
#293 = CARTESIAN_POINT ( 'NONE',  ( 16.97815759830482918, 48.22266064353915738, 5.940252341621189203 ) ) ;
#294 = CARTESIAN_POINT ( 'NONE',  ( -13.64254592476879147, 54.68017444096057744, 4.451023177685001997 ) ) ;
#295 = CARTESIAN_POINT ( 'NONE',  ( -6.093016998895131486, 50.09766064353916448, 17.41478255588030777 ) ) ;
#296 = CARTESIAN_POINT ( 'NONE',  ( -13.30091153345750854, 55.96157541754632092, -4.338247252905039097 ) ) ;
#297 = CARTESIAN_POINT ( 'NONE',  ( -15.62233376509898974, 29.74051778639630683, -9.815406020601807668 ) ) ;
#298 = CARTESIAN_POINT ( 'NONE',  ( 12.14833660634136869, 33.49051778639630328, 7.632548929867059684 ) ) ;
#299 = CARTESIAN_POINT ( 'NONE',  ( 1.763050077878475008, 0.5730315838177293397, 18.36801413354849544 ) ) ;
#300 = CARTESIAN_POINT ( 'NONE',  ( -12.71941253312912501, 0.008374929253446718180, -12.71852892936481894 ) ) ;
#301 = CARTESIAN_POINT ( 'NONE',  ( -2.369694609441194366, 27.30086113183202556, -18.29966171070299197 ) ) ;
#302 = CARTESIAN_POINT ( 'NONE',  ( 9.680558549703299320, 7.269460155246302513, 10.10052866329826493 ) ) ;
#303 = CARTESIAN_POINT ( 'NONE',  ( -4.449813364350533540, 61.58657541754631382, 13.64296925676377015 ) ) ;
#304 = CARTESIAN_POINT ( 'NONE',  ( 10.36028257791282137, 12.89446015524630162, -9.929512150327971298 ) ) ;
#305 = MANIFOLD_SOLID_BREP ( 'Sweep2', #1612 ) ;
#306 = CARTESIAN_POINT ( 'NONE',  ( 14.29108815922407594, 14.44371827468916614, 1.302400991952682663 ) ) ;
#307 = CARTESIAN_POINT ( 'NONE',  ( -11.30519897075601854, 0.008374929253446839611, -11.30431536699173378 ) ) ;
#308 = CARTESIAN_POINT ( 'NONE',  ( 12.82977122143616633, 43.37228970326059851, -13.26235430358396883 ) ) ;
#309 = CARTESIAN_POINT ( 'NONE',  ( -5.660542981514041116, 49.05517444096060586, -17.07603213651294638 ) ) ;
#310 = CARTESIAN_POINT ( 'NONE',  ( -12.71941253312912501, 52.50837492925344918, -12.71852892936481894 ) ) ;
#311 = CARTESIAN_POINT ( 'NONE',  ( 17.41435922388530244, 54.91908921496773388, -6.094226812229655899 ) ) ;
#312 = CARTESIAN_POINT ( 'NONE',  ( 5.660542981514042893, 0.3051744409605866570, 17.07603213651294638 ) ) ;
#313 = CARTESIAN_POINT ( 'NONE',  ( 15.62233376509898974, 55.99051778639630328, 9.815406020601812997 ) ) ;
#314 = CARTESIAN_POINT ( 'NONE',  ( -1.269747079907964649, 46.31871827468916791, 13.93278074187870885 ) ) ;
#315 = CARTESIAN_POINT ( 'NONE',  ( -15.22998441137730907, 50.90123207211058798, 9.570371369190237232 ) ) ;
#316 = CARTESIAN_POINT ( 'NONE',  ( -13.54173102844871579, 43.66908921496774809, 4.739135598496603485 ) ) ;
#317 = CARTESIAN_POINT ( 'NONE',  ( -6.381129419706733863, 1.108745869532015371, 17.31396765956023387 ) ) ;
#318 = CARTESIAN_POINT ( 'NONE',  ( -16.97815759830483273, 14.47266064353916093, -5.940252341621187426 ) ) ;
#319 = CARTESIAN_POINT ( 'NONE',  ( -6.222320663305054289, 27.03300398897488321, -16.87945762374062042 ) ) ;
#320 = CARTESIAN_POINT ( 'NONE',  ( -7.693160391943281162, 8.876603012389159275, 11.68542580722579594 ) ) ;
#321 = CARTESIAN_POINT ( 'NONE',  ( -17.84085098524932178, 47.92586113183202201, 2.310281418091025163 ) ) ;
#322 = EDGE_CURVE ( 'NONE', #3106, #1900, #2269, .T. ) ;
#323 = CARTESIAN_POINT ( 'NONE',  ( 4.901204415484357924, 60.78300398897488321, 13.10392430250715812 ) ) ;
#324 = CARTESIAN_POINT ( 'NONE',  ( 13.64254592476879147, 5.930174440960588989, -4.451023177684999332 ) ) ;
#325 = CARTESIAN_POINT ( 'NONE',  ( 1.910319204534604243, 16.05086113183202556, 14.22259222699365289 ) ) ;
#326 = CARTESIAN_POINT ( 'NONE',  ( 5.941431822409549035, 56.79408921496772678, 16.97774488012678518 ) ) ;
#327 = CARTESIAN_POINT ( 'NONE',  ( -9.317337899759843722, 31.85443256040344551, 15.38897587789217702 ) ) ;
#328 = CARTESIAN_POINT ( 'NONE',  ( 13.20262427707134556, 3.222660643539161818, 4.619136093800549681 ) ) ;
#329 = CARTESIAN_POINT ( 'NONE',  ( 12.71941253312912679, 41.25837492925344208, 12.71852892936481716 ) ) ;
#330 = CARTESIAN_POINT ( 'NONE',  ( 9.821288698004604356, -2.373396987610842057, -15.07232260413894842 ) ) ;
#331 = CARTESIAN_POINT ( 'NONE',  ( -13.30091153345750854, 48.46157541754632092, -4.338247252905039097 ) ) ;
#332 = CARTESIAN_POINT ( 'NONE',  ( -16.97815759830483273, 36.97266064353915738, -5.940252341621187426 ) ) ;
#333 = CARTESIAN_POINT ( 'NONE',  ( -14.25691194780133308, 36.70480350068201858, -1.605723257734043008 ) ) ;
#334 = CARTESIAN_POINT ( 'NONE',  ( 6.381129419706736527, -2.641254130467984851, -17.31396765956023387 ) ) ;
#335 = CARTESIAN_POINT ( 'NONE',  ( 17.41435922388530244, 9.919089214967733881, -6.094226812229655899 ) ) ;
#336 = CARTESIAN_POINT ( 'NONE',  ( 12.92983939180874131, 30.24728970326059851, 12.50810207068520441 ) ) ;
#337 = CARTESIAN_POINT ( 'NONE',  ( -7.375178794414805061, 3.787317298103443974, -12.31005298071982068 ) ) ;
#338 = CARTESIAN_POINT ( 'NONE',  ( 12.82977122143616633, 43.37228970326059851, -13.26235430358396883 ) ) ;
#339 = CARTESIAN_POINT ( 'NONE',  ( 15.22998441137731085, 17.15123207211059153, -9.570371369190235455 ) ) ;
#340 = CARTESIAN_POINT ( 'NONE',  ( -7.892089626434113825, 56.76514684611773731, -11.98525637802066512 ) ) ;
#341 = CARTESIAN_POINT ( 'NONE',  ( 13.93264083057369085, 13.69803158381773045, -1.270988827084796213 ) ) ;
#342 = CC_DESIGN_SECURITY_CLASSIFICATION ( #991, ( #698 ) ) ;
#343 = CARTESIAN_POINT ( 'NONE',  ( -4.449813364350533540, 9.086575417546306710, 13.64296925676377015 ) ) ;
#344 = CARTESIAN_POINT ( 'NONE',  ( -15.22998441137730907, 50.90123207211058798, 9.570371369190237232 ) ) ;
#345 = CARTESIAN_POINT ( 'NONE',  ( -17.31354432756522499, 47.65800398897489032, 6.382339233041261828 ) ) ;
#346 = CARTESIAN_POINT ( 'NONE',  ( -13.89932148812502000, 6.436946357824876230, 1.566706170381279684 ) ) ;
#347 = CARTESIAN_POINT ( 'NONE',  ( 18.33398143151067217, 40.45480350068201147, 2.065098662640570737 ) ) ;
#348 = CARTESIAN_POINT ( 'NONE',  ( -17.51517412020538345, 9.680174440960588100, 5.806114391418055298 ) ) ;
#349 = CARTESIAN_POINT ( 'NONE',  ( 1.910319204534604243, 46.05086113183203622, 14.22259222699365289 ) ) ;
#350 = CARTESIAN_POINT ( 'NONE',  ( -18.33398143151067217, 36.70480350068201858, -2.065098662640568961 ) ) ;
#351 = CARTESIAN_POINT ( 'NONE',  ( -7.633634210424459887, 45.27623207211060219, -12.14765467937024646 ) ) ;
#352 = CARTESIAN_POINT ( 'NONE',  ( 5.660542981514042893, 0.3051744409605866570, 17.07603213651294638 ) ) ;
#353 = CARTESIAN_POINT ( 'NONE',  ( 12.71941253312912679, 11.25837492925344918, 12.71852892936481716 ) ) ;
#354 = CARTESIAN_POINT ( 'NONE',  ( 17.07644485469099038, 22.21157541754631026, 5.659363500725681284 ) ) ;
#355 = CARTESIAN_POINT ( 'NONE',  ( 9.680558549703299320, 29.76946015524630340, 10.10052866329826493 ) ) ;
#356 = CARTESIAN_POINT ( 'NONE',  ( -12.92983939180873953, 41.49728970326059851, -12.50810207068520441 ) ) ;
#357 = CARTESIAN_POINT ( 'NONE',  ( 15.62233376509898974, 18.49051778639631038, 9.815406020601812997 ) ) ;
#358 = CARTESIAN_POINT ( 'NONE',  ( 12.00141425134080642, 20.66231729810344575, -7.190267664006485759 ) ) ;
#359 = CARTESIAN_POINT ( 'NONE',  ( -11.84308761446418679, 35.90123207211058798, 7.442243063128862524 ) ) ;
#360 = CARTESIAN_POINT ( 'NONE',  ( -13.86600214567635270, 10.42586113183202201, 1.862423513677762710 ) ) ;
#361 = CARTESIAN_POINT ( 'NONE',  ( -15.62233376509898797, 52.24051778639630328, -9.815406020601805892 ) ) ;
#362 = CARTESIAN_POINT ( 'NONE',  ( 17.07644485469099038, 44.71157541754630671, 5.659363500725681284 ) ) ;
#363 = CARTESIAN_POINT ( 'NONE',  ( 16.97815759830482918, 55.72266064353915738, 5.940252341621189203 ) ) ;
#364 = CARTESIAN_POINT ( 'NONE',  ( 6.381129419706736527, 12.35874586953201515, -17.31396765956023387 ) ) ;
#365 = CARTESIAN_POINT ( 'NONE',  ( 9.928605823046513734, 50.87228970326059141, -10.36118890519427360 ) ) ;
#366 = CARTESIAN_POINT ( 'NONE',  ( -15.22998441137730907, 35.90123207211058798, 9.570371369190237232 ) ) ;
#367 = CARTESIAN_POINT ( 'NONE',  ( 4.620315574588850005, 41.79408921496773388, 13.20221155889332287 ) ) ;
#368 = CARTESIAN_POINT ( 'NONE',  ( -9.558035885149614330, 26.28731729810344930, -15.78405013947740798 ) ) ;
#369 = CARTESIAN_POINT ( 'NONE',  ( 18.33398143151067217, 10.45480350068201858, 2.065098662640570737 ) ) ;
#370 = CARTESIAN_POINT ( 'NONE',  ( -13.93264083057369085, 32.44803158381773045, 1.270988827084797990 ) ) ;
#371 = CARTESIAN_POINT ( 'NONE',  ( 6.222320663305056065, 38.28300398897488321, 16.87945762374062042 ) ) ;
#372 = CARTESIAN_POINT ( 'NONE',  ( -15.62233376509898797, 7.240517786396305056, -9.815406020601805892 ) ) ;
#373 = CARTESIAN_POINT ( 'NONE',  ( 1.861181766500932033, 19.59088872667487280, -13.86614205698138669 ) ) ;
#374 = CARTESIAN_POINT ( 'NONE',  ( -1.565464423204447009, 42.32980350068201858, 13.89946139943004866 ) ) ;
#375 = CARTESIAN_POINT ( 'NONE',  ( -1.910319204534601800, 19.80086113183202912, -14.22259222699365289 ) ) ;
#376 = CARTESIAN_POINT ( 'NONE',  ( 9.569313298882223151, 54.11551778639630328, -15.23064924101556095 ) ) ;
#377 = CARTESIAN_POINT ( 'NONE',  ( -15.78473206644855864, 63.72943256040344551, -9.556950604592149290 ) ) ;
#378 = DIRECTION ( 'NONE',  ( -0.7071067811865532349, 0.000000000000000000, -0.7071067811865420216 ) ) ;
#379 = CARTESIAN_POINT ( 'NONE',  ( 2.309039670914132092, 12.09088872667487635, -17.84099089655435932 ) ) ;
#380 = CARTESIAN_POINT ( 'NONE',  ( 13.54173102844871401, 2.419089214967733881, -4.739135598496600821 ) ) ;
#381 = CARTESIAN_POINT ( 'NONE',  ( -6.093016998895131486, 50.09766064353916448, 17.41478255588030777 ) ) ;
#382 = CARTESIAN_POINT ( 'NONE',  ( -13.20262427707134734, 59.47266064353916448, -4.619136093800548792 ) ) ;
#383 = CARTESIAN_POINT ( 'NONE',  ( 13.26144797630247041, 20.39446015524629985, -12.83067754871767185 ) ) ;
#384 = CARTESIAN_POINT ( 'NONE',  ( -6.093016998895131486, 12.59766064353916626, 17.41478255588030777 ) ) ;
#385 = CARTESIAN_POINT ( 'NONE',  ( 1.303674672971881554, 23.07303158381773045, 14.29094464983915458 ) ) ;
#386 = CARTESIAN_POINT ( 'NONE',  ( 13.30091153345750676, 7.211575417546307598, 4.338247252905039986 ) ) ;
#387 = CARTESIAN_POINT ( 'NONE',  ( -17.31354432756522499, 47.65800398897489032, 6.382339233041261828 ) ) ;
#388 = CARTESIAN_POINT ( 'NONE',  ( -2.013322327617646401, 19.82980350068201858, 17.87431023900302307 ) ) ;
#389 = CARTESIAN_POINT ( 'NONE',  ( -4.620315574588849117, 30.54408921496773388, -13.20221155889332287 ) ) ;
#390 = CARTESIAN_POINT ( 'NONE',  ( 9.928605823046513734, 35.87228970326059141, -10.36118890519427360 ) ) ;
#391 = CARTESIAN_POINT ( 'NONE',  ( -6.093016998895131486, 12.59766064353916626, 17.41478255588030777 ) ) ;
#392 = CARTESIAN_POINT ( 'NONE',  ( -15.07165777450069477, 62.39014684611774442, 9.822346768312614884 ) ) ;
#393 = CALENDAR_DATE ( 2026, 22, 8 ) ;
#394 = CARTESIAN_POINT ( 'NONE',  ( 18.29980522008792931, 13.96588872667487280, 2.368420928421932636 ) ) ;
#395 = CARTESIAN_POINT ( 'NONE',  ( 4.737925785162140357, 8.847660643539164482, -13.54215436044368737 ) ) ;
#396 = CARTESIAN_POINT ( 'NONE',  ( 6.093016998895132375, 53.84766064353915738, -17.41478255588030777 ) ) ;
#397 = CARTESIAN_POINT ( 'NONE',  ( 7.441184992820901734, 54.11551778639630328, -11.84375244410240668 ) ) ;
#398 = CARTESIAN_POINT ( 'NONE',  ( -17.51517412020538345, 17.18017444096058455, 5.806114391418055298 ) ) ;
#399 = CARTESIAN_POINT ( 'NONE',  ( -18.33398143151067217, 21.70480350068201858, -2.065098662640568961 ) ) ;
#400 = CARTESIAN_POINT ( 'NONE',  ( -10.36028257791282137, 31.64446015524629985, 9.929512150327971298 ) ) ;
#401 = CARTESIAN_POINT ( 'NONE',  ( 13.86600214567635447, 21.67586113183202201, -1.862423513677761822 ) ) ;
#402 = CARTESIAN_POINT ( 'NONE',  ( 9.816491301159272709, 4.026232072110592419, 15.62165183812783198 ) ) ;
#403 = CARTESIAN_POINT ( 'NONE',  ( 13.54173102844871401, 9.919089214967733881, -4.739135598496600821 ) ) ;
#404 = CARTESIAN_POINT ( 'NONE',  ( 10.07494671716892043, 53.01514684611774442, 15.45925353677825420 ) ) ;
#405 = CARTESIAN_POINT ( 'NONE',  ( -12.14833660634136514, 44.74051778639631038, -7.632548929867055243 ) ) ;
#406 = CARTESIAN_POINT ( 'NONE',  ( -17.87417032769798908, 13.93694635782487623, 2.014564074794545689 ) ) ;
#407 = CARTESIAN_POINT ( 'NONE',  ( -13.20262427707134734, 51.97266064353916448, -4.619136093800548792 ) ) ;
#408 = CARTESIAN_POINT ( 'NONE',  ( 6.093016998895132375, 53.84766064353915738, -17.41478255588030777 ) ) ;
#409 = CARTESIAN_POINT ( 'NONE',  ( 1.910319204534604243, 23.55086113183202201, 14.22259222699365289 ) ) ;
#410 = CARTESIAN_POINT ( 'NONE',  ( -18.33398143151067217, 14.20480350068201680, -2.065098662640568961 ) ) ;
#411 = CARTESIAN_POINT ( 'NONE',  ( 10.07494671716892043, 60.51514684611774442, 15.45925353677825420 ) ) ;
#412 = CARTESIAN_POINT ( 'NONE',  ( -12.50898567444951226, 18.51946015524629985, -12.92895578804443524 ) ) ;
#413 = CARTESIAN_POINT ( 'NONE',  ( 4.620315574588850005, 4.294089214967732993, 13.20221155889332287 ) ) ;
#414 = CARTESIAN_POINT ( 'NONE',  ( -2.066372343659833799, 53.31194635782487268, -18.33383792212573837 ) ) ;
#415 = CARTESIAN_POINT ( 'NONE',  ( 1.606996938753243453, 57.06194635782487978, 14.25676843841640640 ) ) ;
#416 = CARTESIAN_POINT ( 'NONE',  ( -16.87987034191867508, 25.48374586953201870, -6.221141182516696233 ) ) ;
#417 = CARTESIAN_POINT ( 'NONE',  ( -9.816491301159269156, 22.77623207211059153, -15.62165183812783198 ) ) ;
#418 = CARTESIAN_POINT ( 'NONE',  ( 18.33398143151067217, 10.45480350068201858, 2.065098662640570737 ) ) ;
#419 = CARTESIAN_POINT ( 'NONE',  ( 1.303674672971881554, 30.57303158381773400, 14.29094464983915458 ) ) ;
#420 = CARTESIAN_POINT ( 'NONE',  ( -1.269747079907964649, 8.818718274689166137, 13.93278074187870885 ) ) ;
#421 = CARTESIAN_POINT ( 'NONE',  ( 18.33398143151067217, 17.95480350068202569, 2.065098662640570737 ) ) ;
#422 = CARTESIAN_POINT ( 'NONE',  ( 4.737925785162140357, 16.34766064353916093, -13.54215436044368737 ) ) ;
#423 = CARTESIAN_POINT ( 'NONE',  ( 12.82977122143616633, 58.37228970326059141, -13.26235430358396883 ) ) ;
#424 = CARTESIAN_POINT ( 'NONE',  ( -7.633634210424458999, 37.77623207211058798, -12.14765467937024290 ) ) ;
#425 = CARTESIAN_POINT ( 'NONE',  ( -2.013322327617646401, 12.32980350068201858, 17.87431023900302307 ) ) ;
#426 = CARTESIAN_POINT ( 'NONE',  ( 1.606996938753243453, 57.06194635782487978, 14.25676843841640640 ) ) ;
#427 = CARTESIAN_POINT ( 'NONE',  ( 16.97815759830482918, 55.72266064353915738, 5.940252341621189203 ) ) ;
#428 = CARTESIAN_POINT ( 'NONE',  ( -9.928605823046511958, 24.62228970326059141, 10.36118890519427360 ) ) ;
#429 = CARTESIAN_POINT ( 'NONE',  ( 17.41435922388530244, 2.419089214967733437, -6.094226812229655899 ) ) ;
#430 = CARTESIAN_POINT ( 'NONE',  ( -12.92983939180873953, 63.99728970326059851, -12.50810207068520441 ) ) ;
#431 = CARTESIAN_POINT ( 'NONE',  ( -9.890985408382910293, 0.008374929253446912469, -9.890101804618650405 ) ) ;
#432 = CARTESIAN_POINT ( 'NONE',  ( -15.38831104825392870, 39.41231729810344575, 9.318395970067859579 ) ) ;
#433 = CARTESIAN_POINT ( 'NONE',  ( -1.269747079907964649, 61.31871827468917502, 13.93278074187870885 ) ) ;
#434 = CARTESIAN_POINT ( 'NONE',  ( -5.941431822409547259, 30.54408921496773388, -16.97774488012678518 ) ) ;
#435 = CARTESIAN_POINT ( 'NONE',  ( -15.78473206644855864, 11.22943256040344906, -9.556950604592149290 ) ) ;
#436 = CARTESIAN_POINT ( 'NONE',  ( -16.87987034191867508, 17.98374586953201515, -6.221141182516696233 ) ) ;
#437 = CARTESIAN_POINT ( 'NONE',  ( 18.33398143151067217, 32.95480350068201147, 2.065098662640570737 ) ) ;
#438 = CARTESIAN_POINT ( 'NONE',  ( -18.33398143151067217, 14.20480350068201680, -2.065098662640568961 ) ) ;
#439 = CARTESIAN_POINT ( 'NONE',  ( 5.026038205973743622, 34.85874586953200804, -13.44133946412361524 ) ) ;
#440 = CARTESIAN_POINT ( 'NONE',  ( -12.00141425134080286, 16.91231729810344220, 7.190267664006487536 ) ) ;
#441 = CARTESIAN_POINT ( 'NONE',  ( 5.941431822409549035, 34.29408921496773388, 16.97774488012678518 ) ) ;
#442 = CARTESIAN_POINT ( 'NONE',  ( 14.29108815922407594, 21.94371827468916436, 1.302400991952682663 ) ) ;
#443 = CARTESIAN_POINT ( 'NONE',  ( -2.066372343659833799, 8.311946357824879783, -18.33383792212573837 ) ) ;
#444 = CARTESIAN_POINT ( 'NONE',  ( -1.565464423204447009, 4.829803500682018580, 13.89946139943004866 ) ) ;
#445 = CARTESIAN_POINT ( 'NONE',  ( -17.84085098524932178, 62.92586113183203622, 2.310281418091025163 ) ) ;
#446 = CARTESIAN_POINT ( 'NONE',  ( 7.441184992820901734, 31.61551778639630328, -11.84375244410240668 ) ) ;
#447 = CARTESIAN_POINT ( 'NONE',  ( -7.441184992820900845, 57.86551778639630328, 11.84375244410240846 ) ) ;
#448 = CARTESIAN_POINT ( 'NONE',  ( 4.620315574588850005, 19.29408921496773388, 13.20221155889332287 ) ) ;
#449 = CARTESIAN_POINT ( 'NONE',  ( -13.30091153345750854, 33.46157541754630671, -4.338247252905039097 ) ) ;
#450 = CARTESIAN_POINT ( 'NONE',  ( -9.680558549703295768, 56.01946015524631406, -10.10052866329826671 ) ) ;
#451 = CARTESIAN_POINT ( 'NONE',  ( 15.62233376509898974, 3.490517786396304611, 9.815406020601812997 ) ) ;
#452 = CC_DESIGN_PERSON_AND_ORGANIZATION_ASSIGNMENT ( #2487, #1984, ( #991 ) ) ;
#453 = CARTESIAN_POINT ( 'NONE',  ( 12.82977122143616633, 50.87228970326059141, -13.26235430358396883 ) ) ;
#454 = PRODUCT_DEFINITION_SHAPE ( 'NONE', 'NONE',  #2195 ) ;
#455 = CARTESIAN_POINT ( 'NONE',  ( 1.763050077878475008, 30.57303158381773400, 18.36801413354849544 ) ) ;
#456 = CARTESIAN_POINT ( 'NONE',  ( -14.29108815922407594, 63.19371827468917502, -1.302400991952681997 ) ) ;
#457 = CARTESIAN_POINT ( 'NONE',  ( 6.093016998895131486, 23.84766064353916093, -17.41478255588030777 ) ) ;
#458 = CARTESIAN_POINT ( 'NONE',  ( 10.07494671716892043, 8.015146846117735535, 15.45925353677825420 ) ) ;
#459 = CARTESIAN_POINT ( 'NONE',  ( 15.38831104825393048, 43.16231729810344575, -9.318395970067859579 ) ) ;
#460 = CARTESIAN_POINT ( 'NONE',  ( 9.569313298882223151, 31.61551778639630328, -15.23064924101556095 ) ) ;
#461 = CARTESIAN_POINT ( 'NONE',  ( -2.066372343659833799, 15.81194635782488511, -18.33383792212573837 ) ) ;
#462 = CARTESIAN_POINT ( 'NONE',  ( 1.861181766500932033, 49.59088872667487635, -13.86614205698138669 ) ) ;
#463 = CARTESIAN_POINT ( 'NONE',  ( 7.375178794414805949, 22.53731729810344575, 12.31005298071981713 ) ) ;
#464 = CARTESIAN_POINT ( 'NONE',  ( -15.22998441137730907, 43.40123207211058798, 9.570371369190237232 ) ) ;
#465 = CARTESIAN_POINT ( 'NONE',  ( -13.44091613212862946, 10.15800398897487966, 5.027248019308207638 ) ) ;
#466 = CARTESIAN_POINT ( 'NONE',  ( 9.569313298882223151, 1.615517786396304167, -15.23064924101556095 ) ) ;
#467 = CARTESIAN_POINT ( 'NONE',  ( -14.25691194780133308, 14.20480350068201680, -1.605723257734043008 ) ) ;
#468 = AXIS2_PLACEMENT_3D ( 'NONE', #307, #74, #2645 ) ;
#469 = CARTESIAN_POINT ( 'NONE',  ( 18.33398143151067217, 40.45480350068201147, 2.065098662640570293 ) ) ;
#470 = CARTESIAN_POINT ( 'NONE',  ( 14.25691194780132953, 32.95480350068201147, 1.605723257734045006 ) ) ;
#471 = CARTESIAN_POINT ( 'NONE',  ( 16.87987034191867508, 51.73374586953202225, 6.221141182516698009 ) ) ;
#472 = CARTESIAN_POINT ( 'NONE',  ( -13.20262427707134734, 59.47266064353916448, -4.619136093800548792 ) ) ;
#473 = CARTESIAN_POINT ( 'NONE',  ( 12.14833660634136514, 10.99051778639630328, 7.632548929867058796 ) ) ;
#474 = CARTESIAN_POINT ( 'NONE',  ( -13.44091613212862946, 32.65800398897489742, 5.027248019308207638 ) ) ;
#475 = CARTESIAN_POINT ( 'NONE',  ( -5.660542981514041116, -3.444825559039413676, -17.07603213651294638 ) ) ;
#476 = CARTESIAN_POINT ( 'NONE',  ( 1.269747079907966647, 5.068718274689164360, -13.93278074187870885 ) ) ;
#477 = CARTESIAN_POINT ( 'NONE',  ( -1.763050077878471233, 26.82303158381773045, -18.36801413354849544 ) ) ;
#478 = CARTESIAN_POINT ( 'NONE',  ( -4.620315574588849117, 23.04408921496773388, -13.20221155889332287 ) ) ;
#479 = CARTESIAN_POINT ( 'NONE',  ( 15.22998441137731085, 24.65123207211059153, -9.570371369190235455 ) ) ;
#480 = CARTESIAN_POINT ( 'NONE',  ( 2.013322327617649510, 53.57980350068201858, -17.87431023900302307 ) ) ;
#481 = CARTESIAN_POINT ( 'NONE',  ( -15.38831104825392870, 31.91231729810343865, 9.318395970067859579 ) ) ;
#482 = CARTESIAN_POINT ( 'NONE',  ( 17.41435922388530244, 24.91908921496774099, -6.094226812229655899 ) ) ;
#483 = CARTESIAN_POINT ( 'NONE',  ( -2.013322327617646401, 27.32980350068201858, 17.87431023900302307 ) ) ;
#484 = CARTESIAN_POINT ( 'NONE',  ( -10.36028257791282137, 39.14446015524631406, 9.929512150327971298 ) ) ;
#485 = CARTESIAN_POINT ( 'NONE',  ( 5.026038205973743622, 34.85874586953200804, -13.44133946412361524 ) ) ;
#486 = CARTESIAN_POINT ( 'NONE',  ( -5.941431822409547259, 30.54408921496773388, -16.97774488012678518 ) ) ;
#487 = CARTESIAN_POINT ( 'NONE',  ( -1.269747079907964649, 23.81871827468916436, 13.93278074187870885 ) ) ;
#488 = CARTESIAN_POINT ( 'NONE',  ( 15.62233376509898974, 3.490517786396304611, 9.815406020601812997 ) ) ;
#489 = CARTESIAN_POINT ( 'NONE',  ( 10.14444420047966666, 1.883374929253447183, -10.14535052776112423 ) ) ;
#490 = CARTESIAN_POINT ( 'NONE',  ( -17.41435922388530244, 43.66908921496774099, 6.094226812229657675 ) ) ;
#491 = CARTESIAN_POINT ( 'NONE',  ( -12.14833660634136514, 37.24051778639630328, -7.632548929867055243 ) ) ;
#492 = CARTESIAN_POINT ( 'NONE',  ( 17.90748967014665993, 43.69803158381773045, -1.718846731498061331 ) ) ;
#493 = CARTESIAN_POINT ( 'NONE',  ( -13.89932148812502000, 51.43694635782487978, 1.566706170381279684 ) ) ;
#494 = CARTESIAN_POINT ( 'NONE',  ( -9.890985408382910293, 22.50837492925344918, -9.890101804618650405 ) ) ;
#495 = CARTESIAN_POINT ( 'NONE',  ( -12.71941253312912501, 15.00837492925344741, -12.71852892936481894 ) ) ;
#496 = CARTESIAN_POINT ( 'NONE',  ( 14.29108815922407594, 44.44371827468916791, 1.302400991952682663 ) ) ;
#497 = CARTESIAN_POINT ( 'NONE',  ( 9.680558549703299320, 44.76946015524629985, 10.10052866329826493 ) ) ;
#498 = CARTESIAN_POINT ( 'NONE',  ( -15.38831104825392870, 31.91231729810343865, 9.318395970067859579 ) ) ;
#499 = CARTESIAN_POINT ( 'NONE',  ( 4.737925785162140357, 16.34766064353916093, -13.54215436044368737 ) ) ;
#500 = CARTESIAN_POINT ( 'NONE',  ( 17.87417032769799263, 25.18694635782487623, -2.014564074794543913 ) ) ;
#501 = CARTESIAN_POINT ( 'NONE',  ( 12.82977122143616633, 28.37228970326059141, -13.26235430358396883 ) ) ;
#502 = CARTESIAN_POINT ( 'NONE',  ( 16.87987034191867508, 44.23374586953202225, 6.221141182516698009 ) ) ;
#503 = ORIENTED_EDGE ( 'NONE', *, *, #2727, .F. ) ;
#504 = CARTESIAN_POINT ( 'NONE',  ( -13.04560959886931926, 50.63337492925344208, 13.04651592615081768 ) ) ;
#505 = CARTESIAN_POINT ( 'NONE',  ( 9.816491301159272709, 26.52623207211060219, 15.62165183812783198 ) ) ;
#506 = CARTESIAN_POINT ( 'NONE',  ( 13.93264083057369085, 43.69803158381773045, -1.270988827084796213 ) ) ;
#507 = CARTESIAN_POINT ( 'NONE',  ( 13.93264083057369085, 36.19803158381773756, -1.270988827084796213 ) ) ;
#508 = CARTESIAN_POINT ( 'NONE',  ( -18.33398143151067217, 44.20480350068203279, -2.065098662640568961 ) ) ;
#509 = CARTESIAN_POINT ( 'NONE',  ( -9.928605823046511958, 32.12228970326059141, 10.36118890519427360 ) ) ;
#510 = CARTESIAN_POINT ( 'NONE',  ( 16.97815759830482918, 25.72266064353916448, 5.940252341621189203 ) ) ;
#511 = CARTESIAN_POINT ( 'NONE',  ( -4.620315574588849117, 30.54408921496773388, -13.20221155889332287 ) ) ;
#512 = CARTESIAN_POINT ( 'NONE',  ( -17.87417032769798908, 36.43694635782487268, 2.014564074794545689 ) ) ;
#513 = CARTESIAN_POINT ( 'NONE',  ( -2.066372343659833799, 0.8119463578248754532, -18.33383792212573837 ) ) ;
#514 = CARTESIAN_POINT ( 'NONE',  ( -6.222320663305054289, 4.533003988974877885, -16.87945762374062042 ) ) ;
#515 = CARTESIAN_POINT ( 'NONE',  ( -12.71941253312912501, 0.008374929253446718180, -12.71852892936481894 ) ) ;
#516 = CARTESIAN_POINT ( 'NONE',  ( 13.64254592476879147, -1.569825559039413454, -4.451023177684999332 ) ) ;
#517 = CARTESIAN_POINT ( 'NONE',  ( -12.14833660634136514, 22.24051778639630328, -7.632548929867055243 ) ) ;
#518 = CARTESIAN_POINT ( 'NONE',  ( -9.816491301159269156, 15.27623207211059153, -15.62165183812783198 ) ) ;
#519 = CARTESIAN_POINT ( 'NONE',  ( 1.910319204534604243, 46.05086113183203622, 14.22259222699365289 ) ) ;
#520 = CARTESIAN_POINT ( 'NONE',  ( 12.00141425134080642, 50.66231729810344575, -7.190267664006485759 ) ) ;
#521 = CALENDAR_DATE ( 2026, 22, 8 ) ;
#522 = CARTESIAN_POINT ( 'NONE',  ( 6.381129419706736527, 34.85874586953200804, -17.31396765956023387 ) ) ;
#523 = CARTESIAN_POINT ( 'NONE',  ( -13.20262427707134734, 14.47266064353916093, -4.619136093800548792 ) ) ;
#524 = CARTESIAN_POINT ( 'NONE',  ( -2.369694609441194366, 27.30086113183202556, -18.29966171070299197 ) ) ;
#525 = CARTESIAN_POINT ( 'NONE',  ( -17.90748967014665993, 39.94803158381773045, 1.718846731498061331 ) ) ;
#526 = CARTESIAN_POINT ( 'NONE',  ( 9.569313298882223151, 46.61551778639630328, -15.23064924101556095 ) ) ;
#527 = CARTESIAN_POINT ( 'NONE',  ( 16.97815759830482918, 25.72266064353916448, 5.940252341621189203 ) ) ;
#528 = CARTESIAN_POINT ( 'NONE',  ( -1.303674672971879112, 34.32303158381773045, -14.29094464983915458 ) ) ;
#529 = CARTESIAN_POINT ( 'NONE',  ( -9.680558549703295768, 33.51946015524629985, -10.10052866329826671 ) ) ;
#530 = CC_DESIGN_APPROVAL ( #1518, ( #2195 ) ) ;
#531 = CARTESIAN_POINT ( 'NONE',  ( 6.093016998895132375, 46.34766064353917159, -17.41478255588030777 ) ) ;
#532 = CARTESIAN_POINT ( 'NONE',  ( 1.910319204534604243, 23.55086113183202201, 14.22259222699365289 ) ) ;
#533 = CARTESIAN_POINT ( 'NONE',  ( -17.87417032769798908, 28.93694635782487623, 2.014564074794545689 ) ) ;
#534 = CARTESIAN_POINT ( 'NONE',  ( 1.606996938753243453, 19.56194635782488334, 14.25676843841640640 ) ) ;
#535 = CARTESIAN_POINT ( 'NONE',  ( -12.71941253312912501, 45.00837492925344918, -12.71852892936481894 ) ) ;
#536 = CARTESIAN_POINT ( 'NONE',  ( 1.565464423204449673, 46.07980350068201858, -13.89946139943004688 ) ) ;
#537 = CARTESIAN_POINT ( 'NONE',  ( 6.222320663305056065, 8.283003988974879661, 16.87945762374062042 ) ) ;
#538 = CARTESIAN_POINT ( 'NONE',  ( 16.87987034191867508, 44.23374586953202225, 6.221141182516698009 ) ) ;
#539 = CARTESIAN_POINT ( 'NONE',  ( 9.890985408382912070, 26.25837492925344918, 9.890101804618648629 ) ) ;
#540 = CARTESIAN_POINT ( 'NONE',  ( 9.569313298882223151, 24.11551778639630683, -15.23064924101556095 ) ) ;
#541 = CARTESIAN_POINT ( 'NONE',  ( 9.928605823046513734, 43.37228970326059851, -10.36118890519427360 ) ) ;
#542 = CARTESIAN_POINT ( 'NONE',  ( -1.303674672971879112, -3.176968416182270882, -14.29094464983915458 ) ) ;
#543 = CARTESIAN_POINT ( 'NONE',  ( -4.620315574588849117, 15.54408921496773388, -13.20221155889332287 ) ) ;
#544 = CARTESIAN_POINT ( 'NONE',  ( -12.92983939180873953, 18.99728970326059496, -12.50810207068520441 ) ) ;
#545 = CARTESIAN_POINT ( 'NONE',  ( -9.821288698004600803, 38.87660301238915395, 15.07232260413895020 ) ) ;
#546 = CARTESIAN_POINT ( 'NONE',  ( -9.569313298882221375, 42.86551778639630328, 15.23064924101556450 ) ) ;
#547 = CARTESIAN_POINT ( 'NONE',  ( -18.33398143151067217, 21.70480350068201858, -2.065098662640568961 ) ) ;
#548 = CARTESIAN_POINT ( 'NONE',  ( 15.45993546374941552, -0.4983969876108419461, 10.07386143661146605 ) ) ;
#549 = CARTESIAN_POINT ( 'NONE',  ( 15.22998441137731085, 54.65123207211058798, -9.570371369190235455 ) ) ;
#550 = DESIGN_CONTEXT ( 'detailed design', #1766, 'design' ) ;
#551 = CARTESIAN_POINT ( 'NONE',  ( 4.449813364350533540, 27.83657541754630671, -13.64296925676377015 ) ) ;
#552 = CARTESIAN_POINT ( 'NONE',  ( 2.066372343659836464, 27.06194635782488689, 18.33383792212573837 ) ) ;
#553 = CARTESIAN_POINT ( 'NONE',  ( -7.441184992820900845, 27.86551778639630683, 11.84375244410240846 ) ) ;
#554 = CARTESIAN_POINT ( 'NONE',  ( -4.737925785162138581, 50.09766064353916448, 13.54215436044369447 ) ) ;
#555 = CARTESIAN_POINT ( 'NONE',  ( 2.369694609441195698, 8.550861131832022011, 18.29966171070299197 ) ) ;
#556 = CARTESIAN_POINT ( 'NONE',  ( 2.309039670914132092, 49.59088872667487635, -17.84099089655435932 ) ) ;
#557 = CARTESIAN_POINT ( 'NONE',  ( 17.87417032769799263, 25.18694635782487623, -2.014564074794543913 ) ) ;
#558 = CARTESIAN_POINT ( 'NONE',  ( -13.86600214567635270, 40.42586113183202912, 1.862423513677762710 ) ) ;
#559 = CARTESIAN_POINT ( 'NONE',  ( 1.861181766500932033, -2.909111273325127645, -13.86614205698138669 ) ) ;
#560 = CARTESIAN_POINT ( 'NONE',  ( -13.54173102844871579, 43.66908921496774809, 4.739135598496603485 ) ) ;
#561 = CARTESIAN_POINT ( 'NONE',  ( 18.36815764293342212, 21.94371827468916436, 1.761776396859212168 ) ) ;
#562 = CARTESIAN_POINT ( 'NONE',  ( 1.763050077878475008, 53.07303158381773756, 18.36801413354849544 ) ) ;
#563 = CARTESIAN_POINT ( 'NONE',  ( 18.33398143151067217, 47.95480350068203279, 2.065098662640570737 ) ) ;
#564 = CARTESIAN_POINT ( 'NONE',  ( 12.71941253312912679, 33.75837492925344918, 12.71852892936481716 ) ) ;
#565 = CARTESIAN_POINT ( 'NONE',  ( 9.558035885149614330, 7.537317298103444863, 15.78405013947740443 ) ) ;
#566 = CARTESIAN_POINT ( 'NONE',  ( -16.97815759830483273, 59.47266064353916448, -5.940252341621187426 ) ) ;
#567 = CARTESIAN_POINT ( 'NONE',  ( -13.86600214567635270, 32.92586113183201491, 1.862423513677762710 ) ) ;
#568 = CARTESIAN_POINT ( 'NONE',  ( -2.013322327617646401, 34.82980350068201858, 17.87431023900302307 ) ) ;
#569 = CARTESIAN_POINT ( 'NONE',  ( -11.84308761446418679, 28.40123207211059153, 7.442243063128862524 ) ) ;
#570 = CARTESIAN_POINT ( 'NONE',  ( 4.620315574588850005, 56.79408921496772678, 13.20221155889332287 ) ) ;
#571 = CARTESIAN_POINT ( 'NONE',  ( 10.07494671716892043, 8.015146846117735535, 15.45925353677825420 ) ) ;
#572 = CARTESIAN_POINT ( 'NONE',  ( 13.93264083057369085, 13.69803158381773045, -1.270988827084796213 ) ) ;
#573 = CARTESIAN_POINT ( 'NONE',  ( 13.30091153345750676, 52.21157541754632092, 4.338247252905039986 ) ) ;
#574 = CARTESIAN_POINT ( 'NONE',  ( -14.22273573637858668, 2.715888726674872800, -1.909045523515404463 ) ) ;
#575 = CARTESIAN_POINT ( 'NONE',  ( -14.25691194780133308, 44.20480350068203279, -1.605723257734043008 ) ) ;
#576 = CARTESIAN_POINT ( 'NONE',  ( 6.222320663305056065, 15.78300398897487788, 16.87945762374062042 ) ) ;
#577 = CARTESIAN_POINT ( 'NONE',  ( -13.26144797630246863, 54.14446015524631406, 12.83067754871767185 ) ) ;
#578 = CARTESIAN_POINT ( 'NONE',  ( 15.22998441137731085, 47.15123207211058798, -9.570371369190235455 ) ) ;
#579 = CARTESIAN_POINT ( 'NONE',  ( -17.41435922388530244, 43.66908921496774809, 6.094226812229657675 ) ) ;
#580 = CARTESIAN_POINT ( 'NONE',  ( -1.763050077878471233, 4.323031583817729562, -18.36801413354849544 ) ) ;
#581 = CARTESIAN_POINT ( 'NONE',  ( 9.569313298882223151, 54.11551778639630328, -15.23064924101556095 ) ) ;
#582 = CARTESIAN_POINT ( 'NONE',  ( 7.892089626434113825, 53.01514684611774442, 11.98525637802066512 ) ) ;
#583 = CARTESIAN_POINT ( 'NONE',  ( -16.97815759830483273, 29.47266064353916448, -5.940252341621187426 ) ) ;
#584 = CARTESIAN_POINT ( 'NONE',  ( 10.14444420047966666, 24.38337492925344918, -10.14535052776112423 ) ) ;
#585 = CARTESIAN_POINT ( 'NONE',  ( -6.381129419706733863, 8.608745869532015149, 17.31396765956023387 ) ) ;
#586 = CARTESIAN_POINT ( 'NONE',  ( 2.369694609441195698, 16.05086113183202556, 18.29966171070299197 ) ) ;
#587 = CARTESIAN_POINT ( 'NONE',  ( 1.861181766500932033, 12.09088872667487635, -13.86614205698138669 ) ) ;
#588 = CARTESIAN_POINT ( 'NONE',  ( -13.30091153345750854, 63.46157541754630671, -4.338247252905039097 ) ) ;
#589 = CARTESIAN_POINT ( 'NONE',  ( 11.98593830499179269, -0.4983969876108419461, 7.891004345876712733 ) ) ;
#590 = CARTESIAN_POINT ( 'NONE',  ( 6.222320663305056065, 30.78300398897487966, 16.87945762374062042 ) ) ;
#591 = CARTESIAN_POINT ( 'NONE',  ( -9.821288698004600803, 53.87660301238915395, 15.07232260413895020 ) ) ;
#592 = CARTESIAN_POINT ( 'NONE',  ( 13.04560959886932103, 54.38337492925344208, -13.04651592615081412 ) ) ;
#593 = CARTESIAN_POINT ( 'NONE',  ( 9.569313298882223151, 46.61551778639630328, -15.23064924101556095 ) ) ;
#594 = CARTESIAN_POINT ( 'NONE',  ( -5.660542981514041116, 4.055174440960587212, -17.07603213651294638 ) ) ;
#595 = CARTESIAN_POINT ( 'NONE',  ( 17.87417032769799263, 55.18694635782487268, -2.014564074794543913 ) ) ;
#596 = EDGE_CURVE ( 'NONE', #1900, #2231, #1383, .T. ) ;
#597 = CARTESIAN_POINT ( 'NONE',  ( 13.30091153345750676, 52.21157541754632092, 4.338247252905039986 ) ) ;
#598 = CARTESIAN_POINT ( 'NONE',  ( 13.04560959886932103, 39.38337492925344208, -13.04651592615081412 ) ) ;
#599 = CARTESIAN_POINT ( 'NONE',  ( 7.441184992820901734, 39.11551778639630328, -11.84375244410240668 ) ) ;
#600 = CARTESIAN_POINT ( 'NONE',  ( 2.309039670914132092, -2.909111273325127645, -17.84099089655435932 ) ) ;
#601 = CARTESIAN_POINT ( 'NONE',  ( 2.066372343659836464, 4.561946357824875342, 18.33383792212573837 ) ) ;
#602 = CARTESIAN_POINT ( 'NONE',  ( 6.222320663305056065, 23.28300398897488321, 16.87945762374062042 ) ) ;
#603 = CARTESIAN_POINT ( 'NONE',  ( -5.026038205973742734, 8.608745869532015149, 13.44133946412361524 ) ) ;
#604 = CARTESIAN_POINT ( 'NONE',  ( 10.07494671716892043, 38.01514684611773021, 15.45925353677825420 ) ) ;
#605 = CARTESIAN_POINT ( 'NONE',  ( -14.29108815922407594, 55.69371827468916791, -1.302400991952681997 ) ) ;
#606 = CARTESIAN_POINT ( 'NONE',  ( 5.026038205973743622, 4.858745869532015149, -13.44133946412361524 ) ) ;
#607 = CARTESIAN_POINT ( 'NONE',  ( 13.30091153345750676, 7.211575417546307598, 4.338247252905039986 ) ) ;
#608 = CARTESIAN_POINT ( 'NONE',  ( -12.71941253312912501, 0.008374929253446718180, -12.71852892936481894 ) ) ;
#609 = CARTESIAN_POINT ( 'NONE',  ( -18.36815764293342212, 33.19371827468917502, -1.761776396859210170 ) ) ;
#610 = CARTESIAN_POINT ( 'NONE',  ( 17.41435922388530244, 54.91908921496773388, -6.094226812229655899 ) ) ;
#611 = CARTESIAN_POINT ( 'NONE',  ( -9.816491301159269156, 45.27623207211060219, -15.62165183812783198 ) ) ;
#612 = CARTESIAN_POINT ( 'NONE',  ( -1.763050077878471233, -3.176968416182270882, -18.36801413354849544 ) ) ;
#613 = CARTESIAN_POINT ( 'NONE',  ( 13.44091613212862768, 43.90800398897487611, -5.027248019308205862 ) ) ;
#614 = CARTESIAN_POINT ( 'NONE',  ( -15.62233376509898974, 52.24051778639630328, -9.815406020601807668 ) ) ;
#615 = CARTESIAN_POINT ( 'NONE',  ( -10.14444420047966489, 35.63337492925344918, 10.14535052776112423 ) ) ;
#616 = CARTESIAN_POINT ( 'NONE',  ( -1.763050077878471233, -3.176968416182270882, -18.36801413354849544 ) ) ;
#617 = CARTESIAN_POINT ( 'NONE',  ( 6.093016998895132375, 1.347660643539160930, -17.41478255588030777 ) ) ;
#618 = CARTESIAN_POINT ( 'NONE',  ( -15.78473206644855864, 26.22943256040344906, -9.556950604592149290 ) ) ;
#619 = CARTESIAN_POINT ( 'NONE',  ( -1.303674672971879112, 11.82303158381773045, -14.29094464983915458 ) ) ;
#620 = CARTESIAN_POINT ( 'NONE',  ( -15.78473206644855864, 48.72943256040345261, -9.556950604592149290 ) ) ;
#621 = CARTESIAN_POINT ( 'NONE',  ( -2.013322327617646401, 19.82980350068201858, 17.87431023900302307 ) ) ;
#622 = CARTESIAN_POINT ( 'NONE',  ( -13.44091613212862946, 62.65800398897487611, 5.027248019308207638 ) ) ;
#623 = CARTESIAN_POINT ( 'NONE',  ( 13.10433702068518791, 29.23374586953201870, 4.900024934696060264 ) ) ;
#624 = CARTESIAN_POINT ( 'NONE',  ( 9.928605823046513734, 5.872289703260593186, -10.36118890519427360 ) ) ;
#625 = DIRECTION ( 'NONE',  ( -0.7051471715689084929, -0.07439712935806916394, 0.7051471715689195952 ) ) ;
#626 = CARTESIAN_POINT ( 'NONE',  ( 18.36815764293342212, 44.44371827468916791, 1.761776396859212168 ) ) ;
#627 = CARTESIAN_POINT ( 'NONE',  ( -9.569313298882221375, 57.86551778639630328, 15.23064924101556450 ) ) ;
#628 = CARTESIAN_POINT ( 'NONE',  ( -12.71941253312912501, 52.50837492925344918, -12.71852892936481894 ) ) ;
#629 = CARTESIAN_POINT ( 'NONE',  ( -9.821288698004600803, 8.876603012389159275, 15.07232260413895020 ) ) ;
#630 = CARTESIAN_POINT ( 'NONE',  ( -14.29108815922407594, 55.69371827468916791, -1.302400991952681997 ) ) ;
#631 = CARTESIAN_POINT ( 'NONE',  ( -17.41435922388530244, 36.16908921496773388, 6.094226812229657675 ) ) ;
#632 = CARTESIAN_POINT ( 'NONE',  ( 12.14833660634136869, 40.99051778639629617, 7.632548929867059684 ) ) ;
#633 = CARTESIAN_POINT ( 'NONE',  ( 6.381129419706736527, 4.858745869532015149, -17.31396765956023387 ) ) ;
#634 = CARTESIAN_POINT ( 'NONE',  ( 15.22998441137731085, 2.151232072110589311, -9.570371369190235455 ) ) ;
#635 = CARTESIAN_POINT ( 'NONE',  ( -15.78473206644855864, 33.72943256040345261, -9.556950604592149290 ) ) ;
#636 = CARTESIAN_POINT ( 'NONE',  ( 7.693160391943282050, 27.62660301238916460, -11.68542580722579238 ) ) ;
#637 = CARTESIAN_POINT ( 'NONE',  ( 6.222320663305056065, 45.78300398897487611, 16.87945762374062042 ) ) ;
#638 = CARTESIAN_POINT ( 'NONE',  ( -15.22998441137730907, 20.90123207211059153, 9.570371369190237232 ) ) ;
#639 = CARTESIAN_POINT ( 'NONE',  ( 7.375178794414805949, 30.03731729810344220, 12.31005298071981713 ) ) ;
#640 = CARTESIAN_POINT ( 'NONE',  ( -7.633634210424459887, 30.27623207211059153, -12.14765467937024646 ) ) ;
#641 = CARTESIAN_POINT ( 'NONE',  ( -13.44091613212862946, 17.65800398897488321, 5.027248019308207638 ) ) ;
#642 = CARTESIAN_POINT ( 'NONE',  ( 17.87417032769799263, 55.18694635782487268, -2.014564074794543913 ) ) ;
#643 = CARTESIAN_POINT ( 'NONE',  ( 2.369694609441195698, 31.05086113183202201, 18.29966171070299197 ) ) ;
#644 = CARTESIAN_POINT ( 'NONE',  ( 9.569313298882223151, 54.11551778639630328, -15.23064924101556095 ) ) ;
#645 = CARTESIAN_POINT ( 'NONE',  ( 16.87987034191867508, 21.73374586953201870, 6.221141182516698009 ) ) ;
#646 = CARTESIAN_POINT ( 'NONE',  ( -7.892089626434113825, 49.26514684611775152, -11.98525637802066512 ) ) ;
#647 = CARTESIAN_POINT ( 'NONE',  ( 13.04560959886932103, 46.88337492925346339, -13.04651592615081412 ) ) ;
#648 = CARTESIAN_POINT ( 'NONE',  ( 7.633634210424460775, 49.02623207211060929, 12.14765467937024468 ) ) ;
#649 = CARTESIAN_POINT ( 'NONE',  ( -15.45993546374941552, 3.251603012389157943, -10.07386143661146427 ) ) ;
#650 = CARTESIAN_POINT ( 'NONE',  ( 17.41435922388530244, 2.419089214967733437, -6.094226812229655899 ) ) ;
#651 = CARTESIAN_POINT ( 'NONE',  ( 14.22273573637858668, 21.46588872667487635, 1.909045523515405351 ) ) ;
#652 = CARTESIAN_POINT ( 'NONE',  ( -9.317337899759843722, 46.85443256040345261, 15.38897587789217702 ) ) ;
#653 = CARTESIAN_POINT ( 'NONE',  ( -17.41435922388530244, 13.66908921496773388, 6.094226812229657675 ) ) ;
#654 = CARTESIAN_POINT ( 'NONE',  ( -7.693160391943281162, 16.37660301238915750, 11.68542580722579594 ) ) ;
#655 = CARTESIAN_POINT ( 'NONE',  ( -11.84308761446418679, 28.40123207211059153, 7.442243063128862524 ) ) ;
#656 = CARTESIAN_POINT ( 'NONE',  ( -4.901204415484357035, 19.53300398897488321, -13.10392430250715812 ) ) ;
#657 = CARTESIAN_POINT ( 'NONE',  ( -9.816491301159269156, 0.2762320721105896992, -15.62165183812783198 ) ) ;
#658 = CARTESIAN_POINT ( 'NONE',  ( 9.317337899759843722, 50.60443256040345261, -15.38897587789217347 ) ) ;
#659 = CARTESIAN_POINT ( 'NONE',  ( -5.660542981514041116, 11.55517444096058632, -17.07603213651294638 ) ) ;
#660 = CARTESIAN_POINT ( 'NONE',  ( -7.189209593698521417, 61.85443256040345261, 12.00207908097901921 ) ) ;
#661 = CARTESIAN_POINT ( 'NONE',  ( -9.816491301159269156, 45.27623207211060219, -15.62165183812783198 ) ) ;
#662 = CARTESIAN_POINT ( 'NONE',  ( 4.620315574588850005, 49.29408921496773388, 13.20221155889332287 ) ) ;
#663 = CARTESIAN_POINT ( 'NONE',  ( 9.558035885149614330, 15.03731729810344397, 15.78405013947740443 ) ) ;
#664 = CARTESIAN_POINT ( 'NONE',  ( 16.97815759830482918, 10.72266064353916093, 5.940252341621189203 ) ) ;
#665 = CARTESIAN_POINT ( 'NONE',  ( -9.680558549703295768, 18.51946015524629985, -10.10052866329826671 ) ) ;
#666 = CARTESIAN_POINT ( 'NONE',  ( 4.901204415484357924, 23.28300398897488321, 13.10392430250715812 ) ) ;
#667 = CARTESIAN_POINT ( 'NONE',  ( -12.92983939180873953, 48.99728970326061273, -12.50810207068520441 ) ) ;
#668 = CARTESIAN_POINT ( 'NONE',  ( 5.941431822409549035, 19.29408921496773388, 16.97774488012678518 ) ) ;
#669 = CARTESIAN_POINT ( 'NONE',  ( -12.14833660634136869, 29.74051778639630683, -7.632548929867056131 ) ) ;
#670 = CARTESIAN_POINT ( 'NONE',  ( 14.29108815922407594, 6.943718274689165249, 1.302400991952682663 ) ) ;
#671 = CARTESIAN_POINT ( 'NONE',  ( 2.066372343659835575, 57.06194635782487268, 18.33383792212573837 ) ) ;
#672 = CARTESIAN_POINT ( 'NONE',  ( 18.36815764293342212, 59.44371827468916791, 1.761776396859212168 ) ) ;
#673 = CARTESIAN_POINT ( 'NONE',  ( 2.066372343659836464, 57.06194635782487978, 18.33383792212573837 ) ) ;
#674 = CARTESIAN_POINT ( 'NONE',  ( -17.90748967014665993, 17.44803158381773045, 1.718846731498061331 ) ) ;
#675 = CARTESIAN_POINT ( 'NONE',  ( -11.68476097758756893, 62.39014684611774442, 7.694218462251239288 ) ) ;
#676 = CARTESIAN_POINT ( 'NONE',  ( -6.222320663305054289, 4.533003988974877885, -16.87945762374062042 ) ) ;
#677 = CARTESIAN_POINT ( 'NONE',  ( -4.620315574588849117, 53.04408921496773388, -13.20221155889332287 ) ) ;
#678 = CARTESIAN_POINT ( 'NONE',  ( -9.821288698004600803, 23.87660301238915750, 15.07232260413895020 ) ) ;
#679 = CARTESIAN_POINT ( 'NONE',  ( 12.71941253312912679, 33.75837492925344918, 12.71852892936481716 ) ) ;
#680 = CARTESIAN_POINT ( 'NONE',  ( -4.339426733693341198, 19.05517444096058810, -13.30049881527948585 ) ) ;
#681 = CARTESIAN_POINT ( 'NONE',  ( 1.269747079907966647, 20.06871827468916791, -13.93278074187870885 ) ) ;
#682 = CARTESIAN_POINT ( 'NONE',  ( -17.41435922388530244, 6.169089214967734769, 6.094226812229657675 ) ) ;
#683 = CARTESIAN_POINT ( 'NONE',  ( -7.633634210424459887, 7.776232072110592419, -12.14765467937024646 ) ) ;
#684 = CARTESIAN_POINT ( 'NONE',  ( -12.82977122143616278, 54.62228970326059141, 13.26235430358396883 ) ) ;
#685 = CARTESIAN_POINT ( 'NONE',  ( 2.013322327617649510, 8.579803500682018580, -17.87431023900302307 ) ) ;
#686 = CARTESIAN_POINT ( 'NONE',  ( 7.441184992820901734, 54.11551778639630328, -11.84375244410240668 ) ) ;
#687 = CARTESIAN_POINT ( 'NONE',  ( -2.013322327617646401, 57.32980350068201858, 17.87431023900302307 ) ) ;
#688 = CARTESIAN_POINT ( 'NONE',  ( 11.68476097758757071, 36.14014684611774442, -7.694218462251239288 ) ) ;
#689 = CARTESIAN_POINT ( 'NONE',  ( -15.22998441137730907, 13.40123207211059153, 9.570371369190237232 ) ) ;
#690 = CARTESIAN_POINT ( 'NONE',  ( -12.82977122143616278, 54.62228970326059141, 13.26235430358396883 ) ) ;
#691 = CARTESIAN_POINT ( 'NONE',  ( 9.558035885149614330, 22.53731729810344575, 15.78405013947740443 ) ) ;
#692 = CARTESIAN_POINT ( 'NONE',  ( 1.565464423204449673, 1.079803500682018580, -13.89946139943004688 ) ) ;
#693 = CARTESIAN_POINT ( 'NONE',  ( 15.22998441137731085, 54.65123207211058798, -9.570371369190235455 ) ) ;
#694 = CARTESIAN_POINT ( 'NONE',  ( -7.633634210424459887, 52.77623207211058798, -12.14765467937024646 ) ) ;
#695 = CARTESIAN_POINT ( 'NONE',  ( 9.821288698004604356, 20.12660301238916105, -15.07232260413894842 ) ) ;
#696 = CARTESIAN_POINT ( 'NONE',  ( -17.87417032769798908, 21.43694635782487623, 2.014564074794545689 ) ) ;
#697 = CARTESIAN_POINT ( 'NONE',  ( 9.569313298882223151, 16.61551778639630683, -15.23064924101556095 ) ) ;
#698 = PRODUCT_DEFINITION_FORMATION_WITH_SPECIFIED_SOURCE ( 'ANY', '', #146, .NOT_KNOWN. ) ;
#699 = CARTESIAN_POINT ( 'NONE',  ( 13.64254592476879147, 20.93017444096059521, -4.451023177684999332 ) ) ;
#700 = CARTESIAN_POINT ( 'NONE',  ( -13.86600214567635270, 17.92586113183202201, 1.862423513677762710 ) ) ;
#701 = CARTESIAN_POINT ( 'NONE',  ( -12.71941253312912501, 15.00837492925344741, -12.71852892936481894 ) ) ;
#702 = CARTESIAN_POINT ( 'NONE',  ( -12.14833660634136869, 14.74051778639630506, -7.632548929867056131 ) ) ;
#703 = CARTESIAN_POINT ( 'NONE',  ( 15.78473206644855686, 59.97943256040346682, 9.556950604592154619 ) ) ;
#704 = CARTESIAN_POINT ( 'NONE',  ( -13.20262427707134734, 29.47266064353916448, -4.619136093800548792 ) ) ;
#705 = CARTESIAN_POINT ( 'NONE',  ( 17.41435922388530244, 17.41908921496773743, -6.094226812229655899 ) ) ;
#706 = CARTESIAN_POINT ( 'NONE',  ( 4.737925785162140357, 46.34766064353917159, -13.54215436044368737 ) ) ;
#707 = CARTESIAN_POINT ( 'NONE',  ( 4.620315574588850005, 4.294089214967732993, 13.20221155889332287 ) ) ;
#708 = CARTESIAN_POINT ( 'NONE',  ( 7.892089626434113825, 38.01514684611773021, 11.98525637802066512 ) ) ;
#709 = CARTESIAN_POINT ( 'NONE',  ( 9.569313298882223151, 9.115517786396303279, -15.23064924101556095 ) ) ;
#710 = CARTESIAN_POINT ( 'NONE',  ( -6.222320663305054289, 49.53300398897488321, -16.87945762374062042 ) ) ;
#711 = CARTESIAN_POINT ( 'NONE',  ( 9.558035885149614330, 37.53731729810344575, 15.78405013947740443 ) ) ;
#712 = CARTESIAN_POINT ( 'NONE',  ( 9.928605823046513734, 58.37228970326059141, -10.36118890519427360 ) ) ;
#713 = CARTESIAN_POINT ( 'NONE',  ( -9.569313298882221375, 35.36551778639630328, 15.23064924101556450 ) ) ;
#714 = CARTESIAN_POINT ( 'NONE',  ( -15.62233376509898974, 59.74051778639631749, -9.815406020601807668 ) ) ;
#715 = CARTESIAN_POINT ( 'NONE',  ( -5.660542981514041116, 19.05517444096058810, -17.07603213651294638 ) ) ;
#716 = CARTESIAN_POINT ( 'NONE',  ( 13.04560959886932103, 31.88337492925345629, -13.04651592615081412 ) ) ;
#717 = CARTESIAN_POINT ( 'NONE',  ( -9.569313298882221375, 5.365517786396304167, 15.23064924101556450 ) ) ;
#718 = CARTESIAN_POINT ( 'NONE',  ( 11.98593830499179269, 37.00160301238916105, 7.891004345876712733 ) ) ;
#719 = CARTESIAN_POINT ( 'NONE',  ( -7.693160391943281162, 23.87660301238915750, 11.68542580722579594 ) ) ;
#720 = CARTESIAN_POINT ( 'NONE',  ( 4.449813364350533540, 20.33657541754631026, -13.64296925676377015 ) ) ;
#721 = CARTESIAN_POINT ( 'NONE',  ( 2.066372343659836464, 12.06194635782488156, 18.33383792212573837 ) ) ;
#722 = CARTESIAN_POINT ( 'NONE',  ( -7.441184992820900845, 5.365517786396304167, 11.84375244410240846 ) ) ;
#723 = CARTESIAN_POINT ( 'NONE',  ( 9.317337899759843722, 58.10443256040345261, -15.38897587789217347 ) ) ;
#724 = CARTESIAN_POINT ( 'NONE',  ( -7.441184992820900845, 42.86551778639630328, 11.84375244410240846 ) ) ;
#725 = APPROVAL ( #3597, 'UNSPECIFIED' ) ;
#726 = CARTESIAN_POINT ( 'NONE',  ( 1.565464423204449673, 46.07980350068201858, -13.89946139943004688 ) ) ;
#727 = CARTESIAN_POINT ( 'NONE',  ( 10.14444420047966666, 16.88337492925344918, -10.14535052776112245 ) ) ;
#728 = CARTESIAN_POINT ( 'NONE',  ( 10.10141226706252660, 30.24728970326059851, 9.679674945939028774 ) ) ;
#729 = CARTESIAN_POINT ( 'NONE',  ( -14.22273573637858668, 55.21588872667486925, -1.909045523515404463 ) ) ;
#730 = CARTESIAN_POINT ( 'NONE',  ( 12.71941253312912679, 11.25837492925344918, 12.71852892936481716 ) ) ;
#731 = CARTESIAN_POINT ( 'NONE',  ( 12.82977122143616633, 58.37228970326059141, -13.26235430358396883 ) ) ;
#732 = CARTESIAN_POINT ( 'NONE',  ( -9.569313298882221375, 57.86551778639630328, 15.23064924101556450 ) ) ;
#733 = CARTESIAN_POINT ( 'NONE',  ( -12.50898567444951226, 26.01946015524630340, -12.92895578804443524 ) ) ;
#734 = CARTESIAN_POINT ( 'NONE',  ( 7.441184992820901734, 1.615517786396304389, -11.84375244410240668 ) ) ;
#735 = CARTESIAN_POINT ( 'NONE',  ( 13.04560959886931926, 24.38337492925344918, -13.04651592615081412 ) ) ;
#736 = CARTESIAN_POINT ( 'NONE',  ( 12.82977122143616633, 5.872289703260593186, -13.26235430358396883 ) ) ;
#737 = CARTESIAN_POINT ( 'NONE',  ( 15.45993546374941552, 14.50160301238916105, 10.07386143661146605 ) ) ;
#738 = ORIENTED_EDGE ( 'NONE', *, *, #596, .T. ) ;
#739 = CARTESIAN_POINT ( 'NONE',  ( -6.093016998895131486, 27.59766064353917159, 17.41478255588030777 ) ) ;
#740 = CARTESIAN_POINT ( 'NONE',  ( -2.013322327617646401, 4.829803500682018580, 17.87431023900302307 ) ) ;
#741 = CARTESIAN_POINT ( 'NONE',  ( -13.64254592476879147, 47.18017444096059876, 4.451023177685001997 ) ) ;
#742 = CARTESIAN_POINT ( 'NONE',  ( -7.375178794414805061, 18.78731729810344575, -12.31005298071982068 ) ) ;
#743 = CARTESIAN_POINT ( 'NONE',  ( -9.816491301159269156, 30.27623207211059153, -15.62165183812783198 ) ) ;
#744 = CARTESIAN_POINT ( 'NONE',  ( 13.86600214567635447, 14.17586113183202379, -1.862423513677761822 ) ) ;
#745 = CARTESIAN_POINT ( 'NONE',  ( -6.093016998895131486, 12.59766064353916626, 17.41478255588030777 ) ) ;
#746 = CARTESIAN_POINT ( 'NONE',  ( -4.737925785162139469, 12.59766064353916626, 13.54215436044369092 ) ) ;
#747 = CARTESIAN_POINT ( 'NONE',  ( -9.317337899759843722, 61.85443256040345261, 15.38897587789217702 ) ) ;
#748 = CARTESIAN_POINT ( 'NONE',  ( 9.816491301159269156, 49.02623207211059508, 15.62165183812783020 ) ) ;
#749 = CARTESIAN_POINT ( 'NONE',  ( 1.606996938753243231, 42.06194635782487978, 14.25676843841640462 ) ) ;
#750 = CARTESIAN_POINT ( 'NONE',  ( -15.45993546374941552, 48.25160301238916105, -10.07386143661146427 ) ) ;
#751 = CARTESIAN_POINT ( 'NONE',  ( 12.14833660634136869, 48.49051778639631749, 7.632548929867059684 ) ) ;
#752 = CARTESIAN_POINT ( 'NONE',  ( 14.25691194780132953, 10.45480350068201858, 1.605723257734045006 ) ) ;
#753 = CARTESIAN_POINT ( 'NONE',  ( 7.892089626434113825, 30.51514684611774086, 11.98525637802066512 ) ) ;
#754 = CARTESIAN_POINT ( 'NONE',  ( 12.00141425134080642, 43.16231729810344575, -7.190267664006485759 ) ) ;
#755 = CARTESIAN_POINT ( 'NONE',  ( 9.928605823046513734, 5.872289703260593186, -10.36118890519427360 ) ) ;
#756 = SHAPE_DEFINITION_REPRESENTATION ( #454, #1563 ) ;
#757 = CARTESIAN_POINT ( 'NONE',  ( -17.90748967014665993, 32.44803158381773045, 1.718846731498061331 ) ) ;
#758 = CARTESIAN_POINT ( 'NONE',  ( 9.890985408382912070, 26.25837492925344918, 9.890101804618648629 ) ) ;
#759 = CARTESIAN_POINT ( 'NONE',  ( -9.816491301159265603, 22.77623207211059153, -15.62165183812783020 ) ) ;
#760 = CARTESIAN_POINT ( 'NONE',  ( 17.87417032769799263, 55.18694635782487268, -2.014564074794543913 ) ) ;
#761 = CARTESIAN_POINT ( 'NONE',  ( -2.309039670914129427, 45.84088872667486925, 17.84099089655435932 ) ) ;
#762 = EDGE_LOOP ( 'NONE', ( #1330, #3651, #3129, #1639 ) ) ;
#763 = CARTESIAN_POINT ( 'NONE',  ( -6.093016998895131486, 35.09766064353916448, 17.41478255588030777 ) ) ;
#764 = CARTESIAN_POINT ( 'NONE',  ( -2.066372343659833799, 38.31194635782487268, -18.33383792212573837 ) ) ;
#765 = CARTESIAN_POINT ( 'NONE',  ( 10.36028257791282137, 42.89446015524630695, -9.929512150327971298 ) ) ;
#766 = CARTESIAN_POINT ( 'NONE',  ( 13.10433702068518791, 36.73374586953200804, 4.900024934696060264 ) ) ;
#767 = CARTESIAN_POINT ( 'NONE',  ( 13.04560959886932103, 31.88337492925345629, -13.04651592615081412 ) ) ;
#768 = CARTESIAN_POINT ( 'NONE',  ( -13.44091613212862946, 32.65800398897489742, 5.027248019308207638 ) ) ;
#769 = CARTESIAN_POINT ( 'NONE',  ( 13.04560959886932103, 9.383374929253447405, -13.04651592615081412 ) ) ;
#770 = CARTESIAN_POINT ( 'NONE',  ( 4.737925785162140357, 1.347660643539161152, -13.54215436044368737 ) ) ;
#771 = AXIS2_PLACEMENT_3D ( 'NONE', #2178, #2732, #378 ) ;
#772 = CARTESIAN_POINT ( 'NONE',  ( 6.093016998895131486, 46.34766064353916448, -17.41478255588030777 ) ) ;
#773 = CARTESIAN_POINT ( 'NONE',  ( 12.14833660634136514, 40.99051778639629617, 7.632548929867058796 ) ) ;
#774 = CARTESIAN_POINT ( 'NONE',  ( -17.51517412020538345, 54.68017444096057744, 5.806114391418055298 ) ) ;
#775 = CARTESIAN_POINT ( 'NONE',  ( 1.861181766500932033, -2.909111273325127645, -13.86614205698138669 ) ) ;
#776 = CARTESIAN_POINT ( 'NONE',  ( 13.20262427707134556, 10.72266064353916093, 4.619136093800549681 ) ) ;
#777 = CARTESIAN_POINT ( 'NONE',  ( -13.04560959886931926, 28.13337492925345629, 13.04651592615081768 ) ) ;
#778 = CARTESIAN_POINT ( 'NONE',  ( -13.44091613212862946, 25.15800398897487966, 5.027248019308207638 ) ) ;
#779 = CARTESIAN_POINT ( 'NONE',  ( -4.339426733693341198, 49.05517444096060586, -13.30049881527948585 ) ) ;
#780 = APPROVAL_STATUS ( 'not_yet_approved' ) ;
#781 = CARTESIAN_POINT ( 'NONE',  ( -5.660542981514041116, 34.05517444096059165, -17.07603213651294638 ) ) ;
#782 = CARTESIAN_POINT ( 'NONE',  ( -4.737925785162139469, 27.59766064353917159, 13.54215436044369092 ) ) ;
#783 = CARTESIAN_POINT ( 'NONE',  ( -18.33398143151067217, 21.70480350068201858, -2.065098662640568961 ) ) ;
#784 = CARTESIAN_POINT ( 'NONE',  ( 5.804904578083527333, 27.83657541754630671, -17.51559745220038522 ) ) ;
#785 = CARTESIAN_POINT ( 'NONE',  ( 13.26144797630247041, 42.89446015524630695, -12.83067754871767185 ) ) ;
#786 = CARTESIAN_POINT ( 'NONE',  ( 2.013322327617649510, 38.57980350068201858, -17.87431023900302307 ) ) ;
#787 = CARTESIAN_POINT ( 'NONE',  ( -16.97815759830483273, 36.97266064353915738, -5.940252341621187426 ) ) ;
#788 = CARTESIAN_POINT ( 'NONE',  ( 13.64254592476879147, 43.43017444096059165, -4.451023177684999332 ) ) ;
#789 = CARTESIAN_POINT ( 'NONE',  ( -12.00141425134080286, 39.41231729810344575, 7.190267664006487536 ) ) ;
#790 = CARTESIAN_POINT ( 'NONE',  ( -9.569313298882221375, 42.86551778639630328, 15.23064924101556450 ) ) ;
#791 = CARTESIAN_POINT ( 'NONE',  ( 7.892089626434113825, 38.01514684611773021, 11.98525637802066512 ) ) ;
#792 = CARTESIAN_POINT ( 'NONE',  ( -13.04560959886931926, 20.63337492925344563, 13.04651592615081768 ) ) ;
#793 = CARTESIAN_POINT ( 'NONE',  ( -7.441184992820900845, 20.36551778639630683, 11.84375244410240846 ) ) ;
#794 = CARTESIAN_POINT ( 'NONE',  ( 9.569313298882223151, 39.11551778639630328, -15.23064924101556095 ) ) ;
#795 = CARTESIAN_POINT ( 'NONE',  ( -13.89932148812502000, 28.93694635782487623, 1.566706170381279684 ) ) ;
#796 = CARTESIAN_POINT ( 'NONE',  ( 12.92983939180874131, 15.24728970326059319, 12.50810207068520441 ) ) ;
#797 = CARTESIAN_POINT ( 'NONE',  ( -13.26144797630246863, 54.14446015524631406, 12.83067754871767185 ) ) ;
#798 = CARTESIAN_POINT ( 'NONE',  ( 13.93264083057369085, -1.301968416182270660, -1.270988827084796213 ) ) ;
#799 = CARTESIAN_POINT ( 'NONE',  ( 13.89932148812502177, 10.18694635782487623, -1.566706170381278795 ) ) ;
#800 = CARTESIAN_POINT ( 'NONE',  ( 18.33398143151067217, 17.95480350068202569, 2.065098662640570737 ) ) ;
#801 = CARTESIAN_POINT ( 'NONE',  ( 1.269747079907966647, 50.06871827468917502, -13.93278074187870885 ) ) ;
#802 = CARTESIAN_POINT ( 'NONE',  ( 7.693160391943282050, 42.62660301238915395, -11.68542580722579238 ) ) ;
#803 = CARTESIAN_POINT ( 'NONE',  ( -15.45993546374941552, 33.25160301238917526, -10.07386143661146427 ) ) ;
#804 = CARTESIAN_POINT ( 'NONE',  ( -11.84308761446418679, 13.40123207211059153, 7.442243063128862524 ) ) ;
#805 = CARTESIAN_POINT ( 'NONE',  ( 10.07494671716892043, 30.51514684611774086, 15.45925353677825420 ) ) ;
#806 = CARTESIAN_POINT ( 'NONE',  ( 12.50898567444951581, 37.26946015524629985, 12.92895578804443524 ) ) ;
#807 = CARTESIAN_POINT ( 'NONE',  ( 2.066372343659835575, 4.561946357824875342, 18.33383792212573837 ) ) ;
#808 = CARTESIAN_POINT ( 'NONE',  ( -15.22998441137730907, 50.90123207211058798, 9.570371369190237232 ) ) ;
#809 = CARTESIAN_POINT ( 'NONE',  ( -16.97815759830483273, 29.47266064353916448, -5.940252341621187426 ) ) ;
#810 = CARTESIAN_POINT ( 'NONE',  ( -14.22273573637858668, 40.21588872667488346, -1.909045523515404463 ) ) ;
#811 = CARTESIAN_POINT ( 'NONE',  ( -13.93264083057369085, 32.44803158381773045, 1.270988827084797990 ) ) ;
#812 = CARTESIAN_POINT ( 'NONE',  ( -15.62233376509898974, 29.74051778639630683, -9.815406020601807668 ) ) ;
#813 = CARTESIAN_POINT ( 'NONE',  ( -4.449813364350533540, 31.58657541754630671, 13.64296925676377015 ) ) ;
#814 = CARTESIAN_POINT ( 'NONE',  ( -9.569313298882221375, 35.36551778639630328, 15.23064924101556450 ) ) ;
#815 = CARTESIAN_POINT ( 'NONE',  ( 7.441184992820901734, 31.61551778639630328, -11.84375244410240668 ) ) ;
#816 = CARTESIAN_POINT ( 'NONE',  ( 18.33398143151067217, 47.95480350068201858, 2.065098662640570293 ) ) ;
#817 = CARTESIAN_POINT ( 'NONE',  ( -9.890985408382910293, 52.50837492925344918, -9.890101804618650405 ) ) ;
#818 = CARTESIAN_POINT ( 'NONE',  ( -2.369694609441194366, 19.80086113183202912, -18.29966171070299197 ) ) ;
#819 = CARTESIAN_POINT ( 'NONE',  ( 5.941431822409549035, 4.294089214967732993, 16.97774488012678518 ) ) ;
#820 = CARTESIAN_POINT ( 'NONE',  ( 13.89932148812502177, 25.18694635782487623, -1.566706170381278795 ) ) ;
#821 = CARTESIAN_POINT ( 'NONE',  ( 15.62233376509898974, 18.49051778639631038, 9.815406020601812997 ) ) ;
#822 = CARTESIAN_POINT ( 'NONE',  ( -4.449813364350533540, 39.08657541754632092, 13.64296925676377015 ) ) ;
#823 = CARTESIAN_POINT ( 'NONE',  ( 9.680558549703299320, 52.26946015524631406, 10.10052866329826493 ) ) ;
#824 = CARTESIAN_POINT ( 'NONE',  ( 7.441184992820901734, 24.11551778639630683, -11.84375244410240668 ) ) ;
#825 = CARTESIAN_POINT ( 'NONE',  ( -17.84085098524932178, 17.92586113183202201, 2.310281418091025163 ) ) ;
#826 = CARTESIAN_POINT ( 'NONE',  ( 9.821288698004604356, 42.62660301238915395, -15.07232260413894842 ) ) ;
#827 = CARTESIAN_POINT ( 'NONE',  ( -9.816491301159269156, 45.27623207211060219, -15.62165183812783198 ) ) ;
#828 = CARTESIAN_POINT ( 'NONE',  ( 5.941431822409549035, 34.29408921496773388, 16.97774488012678518 ) ) ;
#829 = CARTESIAN_POINT ( 'NONE',  ( 14.22273573637858668, 51.46588872667486925, 1.909045523515405351 ) ) ;
#830 = CARTESIAN_POINT ( 'NONE',  ( -9.816491301159269156, 52.77623207211058798, -15.62165183812783198 ) ) ;
#831 = CARTESIAN_POINT ( 'NONE',  ( -14.29108815922407594, 33.19371827468917502, -1.302400991952681997 ) ) ;
#832 = CARTESIAN_POINT ( 'NONE',  ( 15.22998441137731085, 24.65123207211059153, -9.570371369190235455 ) ) ;
#833 = CARTESIAN_POINT ( 'NONE',  ( 7.633634210424460775, 19.02623207211059864, 12.14765467937024468 ) ) ;
#834 = CARTESIAN_POINT ( 'NONE',  ( -9.569313298882221375, 42.86551778639630328, 15.23064924101556450 ) ) ;
#835 = CARTESIAN_POINT ( 'NONE',  ( -4.620315574588849117, 45.54408921496773388, -13.20221155889332287 ) ) ;
#836 = CARTESIAN_POINT ( 'NONE',  ( 18.36815764293342212, 6.943718274689165249, 1.761776396859212168 ) ) ;
#837 = CARTESIAN_POINT ( 'NONE',  ( 13.04560959886932103, 1.883374929253446961, -13.04651592615081412 ) ) ;
#838 =( BOUNDED_SURFACE ( )  B_SPLINE_SURFACE ( 3, 2, ( 
 ( #608, #657, #1816, #2979, #1531, #2695, #2485, #167, #2993, #429, #1587, #3052, #2710, #451, #3335, #1258, #1892, #1017, #2753, #2776, #3292, #1277, #1870, #1300, #2461, #102, #144, #2154, #3031, #3595, #3619, #121, #1323, #992, #709, #2437, #1608, #2418, #3313, #3642, #2176, #1850, #730, #3576, #1040, #2201, #971, #391, #1546, #2134, #689, #3011, #2730, #410, #1566, #1698, #495, #518, #1676, #2507, #3121, #839, #2841, #1062, #2862, #1125, #1653, #800, #234, #821, #2819, #1999, #3665, #3746, #1409, #3709, #1389, #3143, #2878, #1106, #2223, #270, #2532, #2555, #2266, #3425, #210, #1426, #1714, #1344, #540, #254, #2591, #1938, #557, #3160, #1366, #1142, #2284, #2575, #3380, #1085, #1981, #3729, #3444, #777, #3688, #3097, #2246, #3403, #1961, #812, #2213, #743, #486, #225, #1379, #3371, #156, #767, #1117, #3656, #1053, #2257, #2810, #3042, #1097, #2789, #441, #2276, #3088, #2188, #1335, #2765, #1598, #1400, #1666, #3348, #1929, #1644, #1312, #201, #1972, #1356, #2474, #2832, #3416, #1905, #2521, #3678, #2236, #3065, #3134, #3631, #1622, #1075, #3393, #2566, #180, #2498, #790, #1951, #464, #3435, #3111, #508, #2853, #245, #3720, #1882, #2546, #1029, #3700, #531, #1687, #3199, #3468, #2616, #1450, #1738, #2309, #1991, #27, #2902, #2324, #1723, #2023, #295, #3756, #2601, #864, #3483, #3185, #879, #2293, #1435, #1151, #830, #2917, #1166, #2871, #1134, #581, #10, #549, #2038, #595, #1753, #1707, #313, #1467, #3453, #279, #2633, #3153, #2008, #263, #3739, #1419, #2584, #848, #3170, #566, #2887, #1441 ),
 ( #2029, #2589, #514, #870, #1362, #1386, #1, #1997, #3458, #2299, #3744, #836, #3684, #2908, #1424, #571, #537, #555, #1140, #3727, #2572, #3158, #1728, #1712, #284, #2552, #1406, #3441, #2527, #2315, #853, #2242, #2876, #2892, #2607, #231, #268, #1157, #3474, #1081, #2013, #3399, #796, #3175, #3191, #586, #1672, #2282, #1123, #1744, #1957, #3117, #2838, #3706, #1103, #1978, #1694, #2263, #3422, #818, #3140, #2859, #251, #3521, #917, #2957, #2347, #3252, #354, #3205, #1508, #1188, #602, #2062, #2078, #3236, #3505, #16, #901, #933, #33, #3220, #2674, #618, #1456, #1793, #319, #301, #2622, #1776, #2923, #2940, #885, #2330, #1172, #67, #1204, #3538, #336, #1489, #49, #3489, #2044, #2094, #1473, #1221, #1759, #2639, #2381, #2657, #2364, #635, #2366, #2383, #3207, #1761, #1206, #1190, #1827, #950, #18, #1795, #2959, #1526, #2332, #2691, #3254, #604, #371, #935, #1510, #1238, #2641, #2942, #3238, #69, #1223, #887, #2676, #3523, #356, #2064, #84, #3541, #2398, #2659, #2080, #338, #3556, #3491, #51, #2113, #919, #2349, #1492, #2925, #637, #2989, #2046, #2096, #652, #1811, #2974, #387, #321, #3507, #3270, #620, #667, #1542, #1174, #1475, #35, #903, #3222, #1778, #3612, #1010, #1271, #2453, #3328, #1293, #1602, #404, #1559, #2414, #1580, #3571, #3046, #684, #2169, #2706, #3287, #1844, #1253, #3352, #3006, #966, #3589, #2431, #2723, #2746, #723, #423, #3635, #115, #985, #98, #1886, #703, #1864, #1316, #2129, #2148, #3307, #160, #747, #2769, #3025, #1909, #445, #2478, #137, #1033, #2192 ),
 ( #1782, #2370, #1478, #2067, #923, #3273, #2335, #624, #3242, #3545, #2946, #670, #607, #2644, #1227, #906, #1530, #953, #2978, #343, #3225, #2116, #2402, #3494, #360, #2680, #1497, #2963, #2387, #1800, #1815, #38, #1193, #890, #2084, #1177, #2101, #1764, #1514, #306, #3210, #2050, #2626, #1830, #2928, #325, #2663, #3510, #2352, #3527, #73, #641, #87, #55, #1210, #1460, #939, #3258, #656, #375, #21, #2694, #3559, #1241, #1298, #3594, #1345, #1869, #2417, #970, #3030, #1257, #1606, #409, #2224, #189, #3617, #428, #142, #778, #3381, #1321, #1015, #1585, #3050, #2508, #2459, #1545, #2751, #2774, #3575, #2133, #2174, #1565, #1063, #3666, #2992, #3333, #728, #753, #2709, #1915, #2483, #3291, #3358, #165, #1890, #474, #1848, #2153, #449, #3640, #1038, #101, #2199, #3074, #1631, #1276, #2798, #390, #688, #990, #3312, #3010, #2729, #120, #2436, #708, #255, #2556, #287, #822, #1367, #3689, #1982, #211, #558, #3122, #1159, #2894, #2576, #3144, #2863, #3476, #2317, #271, #3730, #541, #2000, #1443, #1410, #496, #1699, #1715, #2533, #1086, #1126, #519, #3, #2609, #1939, #2285, #3445, #3460, #1654, #856, #1427, #2247, #2301, #2879, #840, #3177, #801, #1107, #3161, #2592, #3747, #2820, #1143, #2015, #573, #235, #1730, #3098, #3404, #1962, #1677, #2267, #2842, #1390, #3710, #3426, #888, #605, #1458, #2333, #1762, #340, #3193, #3492, #2926, #2350, #2048, #1494, #2910, #2624, #1191, #1175, #3223, #2944, #2065, #3208, #323, #872, #2031, #303, #3508, #904, #1476, #622, #1780, #36, #588, #2642, #1746 ),
 ( #19, #2792, #3091, #2745, #1863, #770, #1932, #489, #1647, #1032, #2722, #2813, #3570, #3588, #2191, #984, #204, #1359, #444, #2452, #722, #965, #2128, #1908, #1601, #3611, #3634, #3286, #3045, #683, #2168, #3351, #3005, #1558, #1009, #2147, #1843, #403, #114, #2768, #159, #1338, #1270, #2501, #3068, #2430, #183, #746, #1315, #1056, #3306, #136, #2477, #467, #1625, #702, #3659, #3327, #2216, #3024, #3374, #422, #1579, #1885, #1292, #2856, #1438, #2239, #1403, #2312, #248, #833, #3703, #534, #3156, #1741, #793, #2569, #1710, #2011, #3723, #2905, #2835, #1100, #3456, #3137, #3759, #3188, #2604, #1120, #1690, #584, #867, #1954, #2587, #1138, #2279, #1422, #851, #266, #282, #2260, #3419, #3114, #553, #3396, #569, #228, #3742, #2524, #3173, #2026, #1154, #3438, #511, #1669, #1994, #1975, #815, #2874, #2297, #1726, #3471, #2549, #2890, #298, #3681, #1078, #1382, #2091, #1822, #1505, #946, #615, #3518, #2059, #3552, #333, #882, #3202, #1486, #3486, #13, #46, #64, #2041, #599, #2653, #2636, #3265, #2394, #1453, #3233, #632, #2970, #1169, #367, #930, #1756, #1807, #2378, #2954, #2687, #316, #1773, #914, #2671, #1218, #2327, #351, #1201, #1790, #3502, #1522, #3535, #80, #2361, #2075, #2936, #1234, #2920, #3249, #2108, #648, #662, #30, #3217, #2984, #2619, #1470, #1185, #2344, #898, #2998, #1000, #2409, #2123, #694, #677, #2737, #2444, #1572, #397, #1837, #3602, #1284, #93, #977, #2140, #1552, #3298, #1856, #3581, #415, #960, #3280, #2701, #1264, #1248, #3017, #3565, #128, #382, #1537, #2716 ),
 ( #108, #2424, #3748, #542, #559, #2927, #1160, #2625, #1459, #1747, #4, #2864, #2066, #589, #3493, #3461, #3477, #2911, #2895, #1731, #2318, #889, #873, #3209, #1716, #574, #2610, #1700, #1477, #20, #1411, #2032, #2049, #606, #3162, #3194, #1763, #324, #1176, #2643, #2016, #905, #37, #2880, #1192, #857, #272, #288, #2334, #2351, #3178, #2577, #1444, #3509, #256, #3731, #1127, #2286, #3446, #841, #1428, #2001, #2593, #304, #1144, #2302, #341, #1781, #2788, #3041, #3525, #2098, #3256, #2945, #937, #3347, #654, #1495, #440, #3630, #921, #2385, #2976, #3608, #2082, #742, #2661, #2961, #373, #1006, #179, #1512, #358, #133, #2165, #2473, #1334, #3543, #2678, #463, #1621, #2497, #1311, #3324, #719, #71, #3224, #3240, #1904, #1289, #1597, #2764, #1881, #2742, #53, #1052, #155, #1028, #1813, #2449, #2187, #1528, #3064, #3655, #623, #1208, #2368, #639, #1797, #1225, #2212, #3133, #1096, #1928, #1665, #3415, #811, #2809, #2831, #1971, #529, #3370, #1686, #3087, #1074, #485, #2852, #223, #200, #3110, #507, #2256, #766, #1643, #1355, #2520, #3677, #2545, #3699, #2235, #1378, #3392, #789, #1950, #1916, #1368, #1322, #1346, #1940, #1108, #3641, #2484, #2225, #3099, #802, #2268, #754, #1039, #2557, #3711, #3427, #3405, #497, #1655, #2200, #1586, #1607, #236, #3382, #3690, #2534, #2821, #1064, #143, #3145, #212, #1963, #3076, #779, #1087, #190, #2799, #2248, #3123, #520, #1678, #2775, #1632, #3667, #2752, #823, #2843, #2460, #1391, #1983, #1299, #3618, #1016, #2175, #3334, #2509, #729, #1891, #3051, #450 ),
 ( #166, #3359, #475, #616, #600, #334, #868, #899, #2672, #2060, #1757, #1202, #2362, #2955, #2921, #1808, #352, #299, #1506, #317, #1454, #31, #3519, #915, #1471, #3472, #2637, #649, #65, #2076, #2027, #3189, #2605, #633, #2328, #3760, #2971, #1186, #1742, #883, #2313, #1155, #931, #3234, #2906, #2345, #3503, #585, #3218, #1219, #1774, #2620, #1791, #2379, #14, #2937, #1487, #2654, #1170, #3536, #3487, #2092, #3250, #2042, #3203, #47, #1439, #1249, #1523, #737, #1553, #663, #3566, #1235, #2688, #3626, #129, #1823, #2999, #398, #81, #1838, #436, #2717, #2395, #1285, #715, #2985, #3281, #109, #695, #383, #1593, #3553, #94, #1265, #1857, #1024, #2410, #961, #978, #3018, #3320, #2183, #678, #2124, #1306, #2468, #3342, #2161, #416, #1573, #2425, #368, #1538, #2760, #2141, #2445, #3604, #2738, #3582, #947, #1899, #1001, #1877, #3300, #3037, #151, #2109, #3266, #2702, #2272, #2540, #1987, #481, #3105, #1373, #3059, #259, #2561, #174, #1091, #3449, #2492, #3128, #2252, #3431, #2867, #844, #1415, #1329, #3672, #3650, #2580, #806, #2207, #218, #3410, #3694, #3365, #545, #1351, #1967, #1945, #525, #2230, #1682, #1047, #2848, #1703, #240, #3388, #1395, #3716, #826, #785, #459, #3149, #1923, #3735, #502, #3082, #1661, #1113, #1130, #2826, #761, #2289, #1616, #2783, #2515, #195, #1638, #2804, #1069, #2913, #3464, #1147, #309, #1463, #2629, #3479, #1446, #6, #2305, #2004, #2597, #1749, #291, #875, #2034, #1162, #2612, #562, #3166, #3196, #591, #577, #2320, #1719, #2883, #275, #1431, #3752, #860 ),
 ( #1734, #2019, #3181, #2898, #2689, #617, #1472, #932, #634, #650, #2638, #32, #3235, #3219, #95, #2986, #2110, #601, #2363, #900, #1792, #1775, #3204, #3520, #2396, #2972, #3537, #3267, #2061, #1203, #1507, #2093, #3251, #2922, #1809, #2956, #2380, #335, #948, #369, #664, #916, #353, #2077, #1824, #1758, #2673, #384, #66, #1220, #2939, #48, #1524, #1250, #318, #82, #1236, #3554, #1539, #2411, #2346, #1488, #2703, #2656, #3567, #2043, #1187, #3504, #130, #2806, #3084, #3000, #1025, #3344, #1574, #3627, #1901, #2470, #2494, #2142, #696, #399, #1594, #1839, #979, #417, #2517, #1308, #2739, #1286, #1618, #1352, #2184, #482, #2446, #3038, #3605, #1640, #1003, #1554, #2718, #2162, #110, #739, #3301, #197, #1925, #2761, #3321, #1878, #962, #1858, #2785, #2125, #3061, #176, #3019, #1266, #460, #716, #1331, #2426, #3583, #437, #152, #3282, #679, #1049, #3652, #2209, #3367, #763, #2253, #1071, #1397, #276, #845, #1416, #1148, #2542, #2849, #3150, #3736, #1131, #786, #2581, #2273, #260, #1968, #2598, #2290, #2306, #2563, #1988, #242, #3753, #3389, #3717, #3465, #1114, #546, #1093, #1683, #1704, #2899, #1947, #3432, #2868, #3167, #827, #292, #220, #3412, #2005, #526, #861, #578, #2020, #3450, #563, #1735, #3182, #3107, #1720, #2884, #1432, #1447, #3674, #2232, #504, #808, #3130, #1662, #2828, #1375, #3696, #310, #2666, #2613, #3290, #989, #408, #2648, #592, #3480, #610, #2053, #2321, #427, #2132, #2152, #2435, #7, #3593, #687, #876, #627, #3029, #2035, #58, #1564, #1481, #3212, #1163, #3311 ) ),
 .UNSPECIFIED., .T., .F., .T. ) 
 B_SPLINE_SURFACE_WITH_KNOTS ( ( 4, 3, 4 ),
 ( 3, 2, 2, 2, 2, 2, 2, 2, 2, 2, 2, 2, 2, 2, 2, 2, 2, 2, 2, 2, 2, 2, 2, 2, 2, 2, 2, 2, 2, 2, 2, 2, 2, 2, 2, 2, 2, 2, 2, 2, 2, 2, 2, 2, 2, 2, 2, 2, 2, 2, 2, 2, 2, 2, 2, 2, 2, 2, 2, 2, 2, 2, 2, 2, 2, 2, 2, 2, 2, 2, 2, 2, 2, 2, 2, 2, 2, 2, 2, 2, 2, 2, 2, 2, 2, 2, 2, 2, 2, 2, 2, 2, 2, 2, 2, 2, 2, 2, 2, 2, 2, 2, 2, 2, 2, 2, 2, 2, 2, 2, 2, 2, 3 ),
 ( 0.000000000000000000, 0.5000000000000000000, 1.000000000000000000 ),
 ( 0.000000000000000000, 0.008928571428571428076, 0.01785714285714285615, 0.02678571428571428423, 0.03571428571428571230, 0.04464285714285714385, 0.05357142857142856845, 0.06250000000000000000, 0.07142857142857142461, 0.08035714285714286309, 0.08928571428571428770, 0.09821428571428571230, 0.1071428571428571369, 0.1160714285714285754, 0.1250000000000000000, 0.1339285714285714246, 0.1428571428571428492, 0.1517857142857142738, 0.1607142857142857262, 0.1696428571428571508, 0.1785714285714285754, 0.1875000000000000000, 0.1964285714285714246, 0.2053571428571428492, 0.2142857142857142738, 0.2232142857142857262, 0.2321428571428571508, 0.2410714285714285754, 0.2500000000000000000, 0.2589285714285714524, 0.2678571428571428492, 0.2767857142857143016, 0.2857142857142856984, 0.2946428571428571508, 0.3035714285714285476, 0.3125000000000000000, 0.3214285714285714524, 0.3303571428571428492, 0.3392857142857143016, 0.3482142857142856984, 0.3571428571428571508, 0.3660714285714285476, 0.3750000000000000000, 0.3839285714285714524, 0.3928571428571428492, 0.4017857142857143016, 0.4107142857142856984, 0.4196428571428571508, 0.4285714285714285476, 0.4375000000000000000, 0.4464285714285714524, 0.4553571428571428492, 0.4642857142857143016, 0.4732142857142856984, 0.4821428571428571508, 0.4910714285714285476, 0.5000000000000000000, 0.5089285714285713969, 0.5178571428571429047, 0.5267857142857143016, 0.5357142857142856984, 0.5446428571428570953, 0.5535714285714286031, 0.5625000000000000000, 0.5714285714285713969, 0.5803571428571429047, 0.5892857142857143016, 0.5982142857142856984, 0.6071428571428570953, 0.6160714285714286031, 0.6250000000000000000, 0.6339285714285713969, 0.6428571428571429047, 0.6517857142857143016, 0.6607142857142856984, 0.6696428571428570953, 0.6785714285714286031, 0.6875000000000000000, 0.6964285714285713969, 0.7053571428571429047, 0.7142857142857143016, 0.7232142857142856984, 0.7321428571428570953, 0.7410714285714286031, 0.7500000000000000000, 0.7589285714285713969, 0.7678571428571429047, 0.7767857142857143016, 0.7857142857142856984, 0.7946428571428570953, 0.8035714285714286031, 0.8125000000000000000, 0.8214285714285713969, 0.8303571428571429047, 0.8392857142857143016, 0.8482142857142856984, 0.8571428571428570953, 0.8660714285714286031, 0.8750000000000000000, 0.8839285714285713969, 0.8928571428571429047, 0.9017857142857143016, 0.9107142857142856984, 0.9196428571428570953, 0.9285714285714286031, 0.9375000000000000000, 0.9464285714285713969, 0.9553571428571429047, 0.9642857142857143016, 0.9732142857142856984, 0.9821428571428570953, 0.9910714285714286031, 1.000000000000000000 ),
 .UNSPECIFIED. ) 
 GEOMETRIC_REPRESENTATION_ITEM ( )  RATIONAL_B_SPLINE_SURFACE ( (
 ( 1.000000000000000000, 0.9749279121818236193, 1.000000000000000000, 0.9749279121818236193, 1.000000000000000000, 0.9749279121818236193, 1.000000000000000000, 0.9749279121818236193, 1.000000000000000000, 0.9749279121818236193, 1.000000000000000000, 0.9749279121818236193, 1.000000000000000000, 0.9749279121818236193, 1.000000000000000000, 0.9749279121818236193, 1.000000000000000000, 0.9749279121818236193, 1.000000000000000000, 0.9749279121818236193, 1.000000000000000000, 0.9749279121818236193, 1.000000000000000000, 0.9749279121818236193, 1.000000000000000000, 0.9749279121818236193, 1.000000000000000000, 0.9749279121818236193, 1.000000000000000000, 0.9749279121818236193, 1.000000000000000000, 0.9749279121818236193, 1.000000000000000000, 0.9749279121818236193, 1.000000000000000000, 0.9749279121818236193, 1.000000000000000000, 0.9749279121818236193, 1.000000000000000000, 0.9749279121818236193, 1.000000000000000000, 0.9749279121818236193, 1.000000000000000000, 0.9749279121818236193, 1.000000000000000000, 0.9749279121818236193, 1.000000000000000000, 0.9749279121818236193, 1.000000000000000000, 0.9749279121818236193, 1.000000000000000000, 0.9749279121818236193, 1.000000000000000000, 0.9749279121818236193, 1.000000000000000000, 0.9749279121818236193, 1.000000000000000000, 0.9749279121818236193, 1.000000000000000000, 0.9749279121818236193, 1.000000000000000000, 0.9749279121818236193, 1.000000000000000000, 0.9749279121818236193, 1.000000000000000000, 0.9749279121818236193, 1.000000000000000000, 0.9749279121818236193, 1.000000000000000000, 0.9749279121818236193, 1.000000000000000000, 0.9749279121818236193, 1.000000000000000000, 0.9749279121818236193, 1.000000000000000000, 0.9749279121818236193, 1.000000000000000000, 0.9749279121818236193, 1.000000000000000000, 0.9749279121818236193, 1.000000000000000000, 0.9749279121818236193, 1.000000000000000000, 0.9749279121818236193, 1.000000000000000000, 0.9749279121818236193, 1.000000000000000000, 0.9749279121818236193, 1.000000000000000000, 0.9749279121818236193, 1.000000000000000000, 0.9749279121818236193, 1.000000000000000000, 0.9749279121818236193, 1.000000000000000000, 0.9749279121818236193, 1.000000000000000000, 0.9749279121818236193, 1.000000000000000000, 0.9749279121818236193, 1.000000000000000000, 0.9749279121818236193, 1.000000000000000000, 0.9749279121818236193, 1.000000000000000000, 0.9749279121818236193, 1.000000000000000000, 0.9749279121818236193, 1.000000000000000000, 0.9749279121818236193, 1.000000000000000000, 0.9749279121818236193, 1.000000000000000000, 0.9749279121818236193, 1.000000000000000000, 0.9749279121818236193, 1.000000000000000000, 0.9749279121818236193, 1.000000000000000000, 0.9749279121818236193, 1.000000000000000000, 0.9749279121818236193, 1.000000000000000000, 0.9749279121818236193, 1.000000000000000000, 0.9749279121818236193, 1.000000000000000000, 0.9749279121818236193, 1.000000000000000000, 0.9749279121818236193, 1.000000000000000000, 0.9749279121818236193, 1.000000000000000000, 0.9749279121818236193, 1.000000000000000000, 0.9749279121818236193, 1.000000000000000000, 0.9749279121818236193, 1.000000000000000000, 0.9749279121818236193, 1.000000000000000000, 0.9749279121818236193, 1.000000000000000000, 0.9749279121818236193, 1.000000000000000000, 0.9749279121818236193, 1.000000000000000000, 0.9749279121818236193, 1.000000000000000000, 0.9749279121818236193, 1.000000000000000000, 0.9749279121818236193, 1.000000000000000000, 0.9749279121818236193, 1.000000000000000000, 0.9749279121818236193, 1.000000000000000000, 0.9749279121818236193, 1.000000000000000000, 0.9749279121818236193, 1.000000000000000000, 0.9749279121818236193, 1.000000000000000000, 0.9749279121818236193, 1.000000000000000000, 0.9749279121818236193, 1.000000000000000000, 0.9749279121818236193, 1.000000000000000000, 0.9749279121818236193, 1.000000000000000000, 0.9749279121818236193, 1.000000000000000000, 0.9749279121818236193, 1.000000000000000000, 0.9749279121818236193, 1.000000000000000000, 0.9749279121818236193, 1.000000000000000000, 0.9749279121818236193, 1.000000000000000000, 0.9749279121818236193, 1.000000000000000000, 0.9749279121818236193, 1.000000000000000000, 0.9749279121818236193, 1.000000000000000000, 0.9749279121818236193, 1.000000000000000000, 0.9749279121818236193, 1.000000000000000000, 0.9749279121818236193, 1.000000000000000000, 0.9749279121818236193, 1.000000000000000000, 0.9749279121818236193, 1.000000000000000000, 0.9749279121818236193, 1.000000000000000000, 0.9749279121818236193, 1.000000000000000000, 0.9749279121818236193, 1.000000000000000000, 0.9749279121818236193, 1.000000000000000000, 0.9749279121818236193, 1.000000000000000000, 0.9749279121818236193, 1.000000000000000000, 0.9749279121818236193, 1.000000000000000000, 0.9749279121818236193, 1.000000000000000000, 0.9749279121818236193, 1.000000000000000000, 0.9749279121818236193, 1.000000000000000000, 0.9749279121818236193, 1.000000000000000000, 0.9749279121818236193, 1.000000000000000000, 0.9749279121818236193, 1.000000000000000000, 0.9749279121818236193, 1.000000000000000000),
 ( 0.3333333333333333703, 0.3249759707272745768, 0.3333333333333333703, 0.3249759707272745768, 0.3333333333333333703, 0.3249759707272745768, 0.3333333333333333703, 0.3249759707272745768, 0.3333333333333333703, 0.3249759707272745768, 0.3333333333333333703, 0.3249759707272745768, 0.3333333333333333703, 0.3249759707272745768, 0.3333333333333333703, 0.3249759707272745768, 0.3333333333333333703, 0.3249759707272745768, 0.3333333333333333703, 0.3249759707272745768, 0.3333333333333333703, 0.3249759707272745768, 0.3333333333333333703, 0.3249759707272745768, 0.3333333333333333703, 0.3249759707272745768, 0.3333333333333333703, 0.3249759707272745768, 0.3333333333333333703, 0.3249759707272745768, 0.3333333333333333703, 0.3249759707272745768, 0.3333333333333333703, 0.3249759707272745768, 0.3333333333333333703, 0.3249759707272745768, 0.3333333333333333703, 0.3249759707272745768, 0.3333333333333333703, 0.3249759707272745768, 0.3333333333333333703, 0.3249759707272745768, 0.3333333333333333703, 0.3249759707272745768, 0.3333333333333333703, 0.3249759707272745768, 0.3333333333333333703, 0.3249759707272745768, 0.3333333333333333703, 0.3249759707272745768, 0.3333333333333333703, 0.3249759707272745768, 0.3333333333333333703, 0.3249759707272745768, 0.3333333333333333703, 0.3249759707272745768, 0.3333333333333333703, 0.3249759707272745768, 0.3333333333333333703, 0.3249759707272745768, 0.3333333333333333703, 0.3249759707272745768, 0.3333333333333333703, 0.3249759707272745768, 0.3333333333333333703, 0.3249759707272745768, 0.3333333333333333703, 0.3249759707272745768, 0.3333333333333333703, 0.3249759707272745768, 0.3333333333333333703, 0.3249759707272745768, 0.3333333333333333703, 0.3249759707272745768, 0.3333333333333333703, 0.3249759707272745768, 0.3333333333333333703, 0.3249759707272745768, 0.3333333333333333703, 0.3249759707272745768, 0.3333333333333333703, 0.3249759707272745768, 0.3333333333333333703, 0.3249759707272745768, 0.3333333333333333703, 0.3249759707272745768, 0.3333333333333333703, 0.3249759707272745768, 0.3333333333333333703, 0.3249759707272745768, 0.3333333333333333703, 0.3249759707272745768, 0.3333333333333333703, 0.3249759707272745768, 0.3333333333333333703, 0.3249759707272745768, 0.3333333333333333703, 0.3249759707272745768, 0.3333333333333333703, 0.3249759707272745768, 0.3333333333333333703, 0.3249759707272745768, 0.3333333333333333703, 0.3249759707272745768, 0.3333333333333333703, 0.3249759707272745768, 0.3333333333333333703, 0.3249759707272745768, 0.3333333333333333703, 0.3249759707272745768, 0.3333333333333333703, 0.3249759707272745768, 0.3333333333333333703, 0.3249759707272745768, 0.3333333333333333703, 0.3249759707272745768, 0.3333333333333333703, 0.3249759707272745768, 0.3333333333333333703, 0.3249759707272745768, 0.3333333333333333703, 0.3249759707272745768, 0.3333333333333333703, 0.3249759707272745768, 0.3333333333333333703, 0.3249759707272745768, 0.3333333333333333703, 0.3249759707272745768, 0.3333333333333333703, 0.3249759707272745768, 0.3333333333333333703, 0.3249759707272745768, 0.3333333333333333703, 0.3249759707272745768, 0.3333333333333333703, 0.3249759707272745768, 0.3333333333333333703, 0.3249759707272745768, 0.3333333333333333703, 0.3249759707272745768, 0.3333333333333333703, 0.3249759707272745768, 0.3333333333333333703, 0.3249759707272745768, 0.3333333333333333703, 0.3249759707272745768, 0.3333333333333333703, 0.3249759707272745768, 0.3333333333333333703, 0.3249759707272745768, 0.3333333333333333703, 0.3249759707272745768, 0.3333333333333333703, 0.3249759707272745768, 0.3333333333333333703, 0.3249759707272745768, 0.3333333333333333703, 0.3249759707272745768, 0.3333333333333333703, 0.3249759707272745768, 0.3333333333333333703, 0.3249759707272745768, 0.3333333333333333703, 0.3249759707272745768, 0.3333333333333333703, 0.3249759707272745768, 0.3333333333333333703, 0.3249759707272745768, 0.3333333333333333703, 0.3249759707272745768, 0.3333333333333333703, 0.3249759707272745768, 0.3333333333333333703, 0.3249759707272745768, 0.3333333333333333703, 0.3249759707272745768, 0.3333333333333333703, 0.3249759707272745768, 0.3333333333333333703, 0.3249759707272745768, 0.3333333333333333703, 0.3249759707272745768, 0.3333333333333333703, 0.3249759707272745768, 0.3333333333333333703, 0.3249759707272745768, 0.3333333333333333703, 0.3249759707272745768, 0.3333333333333333703, 0.3249759707272745768, 0.3333333333333333703, 0.3249759707272745768, 0.3333333333333333703, 0.3249759707272745768, 0.3333333333333333703, 0.3249759707272745768, 0.3333333333333333703, 0.3249759707272745768, 0.3333333333333333703, 0.3249759707272745768, 0.3333333333333333703, 0.3249759707272745768, 0.3333333333333333703, 0.3249759707272745768, 0.3333333333333333703, 0.3249759707272745768, 0.3333333333333333703, 0.3249759707272745768, 0.3333333333333333703, 0.3249759707272745768, 0.3333333333333333703, 0.3249759707272745768, 0.3333333333333333703, 0.3249759707272745768, 0.3333333333333333703, 0.3249759707272745768, 0.3333333333333333703, 0.3249759707272745768, 0.3333333333333333703, 0.3249759707272745768, 0.3333333333333333703, 0.3249759707272745768, 0.3333333333333333703, 0.3249759707272745768, 0.3333333333333333703),
 ( 0.3333333333333333703, 0.3249759707272745768, 0.3333333333333333703, 0.3249759707272745768, 0.3333333333333333703, 0.3249759707272745768, 0.3333333333333333703, 0.3249759707272745768, 0.3333333333333333703, 0.3249759707272745768, 0.3333333333333333703, 0.3249759707272745768, 0.3333333333333333703, 0.3249759707272745768, 0.3333333333333333703, 0.3249759707272745768, 0.3333333333333333703, 0.3249759707272745768, 0.3333333333333333703, 0.3249759707272745768, 0.3333333333333333703, 0.3249759707272745768, 0.3333333333333333703, 0.3249759707272745768, 0.3333333333333333703, 0.3249759707272745768, 0.3333333333333333703, 0.3249759707272745768, 0.3333333333333333703, 0.3249759707272745768, 0.3333333333333333703, 0.3249759707272745768, 0.3333333333333333703, 0.3249759707272745768, 0.3333333333333333703, 0.3249759707272745768, 0.3333333333333333703, 0.3249759707272745768, 0.3333333333333333703, 0.3249759707272745768, 0.3333333333333333703, 0.3249759707272745768, 0.3333333333333333703, 0.3249759707272745768, 0.3333333333333333703, 0.3249759707272745768, 0.3333333333333333703, 0.3249759707272745768, 0.3333333333333333703, 0.3249759707272745768, 0.3333333333333333703, 0.3249759707272745768, 0.3333333333333333703, 0.3249759707272745768, 0.3333333333333333703, 0.3249759707272745768, 0.3333333333333333703, 0.3249759707272745768, 0.3333333333333333703, 0.3249759707272745768, 0.3333333333333333703, 0.3249759707272745768, 0.3333333333333333703, 0.3249759707272745768, 0.3333333333333333703, 0.3249759707272745768, 0.3333333333333333703, 0.3249759707272745768, 0.3333333333333333703, 0.3249759707272745768, 0.3333333333333333703, 0.3249759707272745768, 0.3333333333333333703, 0.3249759707272745768, 0.3333333333333333703, 0.3249759707272745768, 0.3333333333333333703, 0.3249759707272745768, 0.3333333333333333703, 0.3249759707272745768, 0.3333333333333333703, 0.3249759707272745768, 0.3333333333333333703, 0.3249759707272745768, 0.3333333333333333703, 0.3249759707272745768, 0.3333333333333333703, 0.3249759707272745768, 0.3333333333333333703, 0.3249759707272745768, 0.3333333333333333703, 0.3249759707272745768, 0.3333333333333333703, 0.3249759707272745768, 0.3333333333333333703, 0.3249759707272745768, 0.3333333333333333703, 0.3249759707272745768, 0.3333333333333333703, 0.3249759707272745768, 0.3333333333333333703, 0.3249759707272745768, 0.3333333333333333703, 0.3249759707272745768, 0.3333333333333333703, 0.3249759707272745768, 0.3333333333333333703, 0.3249759707272745768, 0.3333333333333333703, 0.3249759707272745768, 0.3333333333333333703, 0.3249759707272745768, 0.3333333333333333703, 0.3249759707272745768, 0.3333333333333333703, 0.3249759707272745768, 0.3333333333333333703, 0.3249759707272745768, 0.3333333333333333703, 0.3249759707272745768, 0.3333333333333333703, 0.3249759707272745768, 0.3333333333333333703, 0.3249759707272745768, 0.3333333333333333703, 0.3249759707272745768, 0.3333333333333333703, 0.3249759707272745768, 0.3333333333333333703, 0.3249759707272745768, 0.3333333333333333703, 0.3249759707272745768, 0.3333333333333333703, 0.3249759707272745768, 0.3333333333333333703, 0.3249759707272745768, 0.3333333333333333703, 0.3249759707272745768, 0.3333333333333333703, 0.3249759707272745768, 0.3333333333333333703, 0.3249759707272745768, 0.3333333333333333703, 0.3249759707272745768, 0.3333333333333333703, 0.3249759707272745768, 0.3333333333333333703, 0.3249759707272745768, 0.3333333333333333703, 0.3249759707272745768, 0.3333333333333333703, 0.3249759707272745768, 0.3333333333333333703, 0.3249759707272745768, 0.3333333333333333703, 0.3249759707272745768, 0.3333333333333333703, 0.3249759707272745768, 0.3333333333333333703, 0.3249759707272745768, 0.3333333333333333703, 0.3249759707272745768, 0.3333333333333333703, 0.3249759707272745768, 0.3333333333333333703, 0.3249759707272745768, 0.3333333333333333703, 0.3249759707272745768, 0.3333333333333333703, 0.3249759707272745768, 0.3333333333333333703, 0.3249759707272745768, 0.3333333333333333703, 0.3249759707272745768, 0.3333333333333333703, 0.3249759707272745768, 0.3333333333333333703, 0.3249759707272745768, 0.3333333333333333703, 0.3249759707272745768, 0.3333333333333333703, 0.3249759707272745768, 0.3333333333333333703, 0.3249759707272745768, 0.3333333333333333703, 0.3249759707272745768, 0.3333333333333333703, 0.3249759707272745768, 0.3333333333333333703, 0.3249759707272745768, 0.3333333333333333703, 0.3249759707272745768, 0.3333333333333333703, 0.3249759707272745768, 0.3333333333333333703, 0.3249759707272745768, 0.3333333333333333703, 0.3249759707272745768, 0.3333333333333333703, 0.3249759707272745768, 0.3333333333333333703, 0.3249759707272745768, 0.3333333333333333703, 0.3249759707272745768, 0.3333333333333333703, 0.3249759707272745768, 0.3333333333333333703, 0.3249759707272745768, 0.3333333333333333703, 0.3249759707272745768, 0.3333333333333333703, 0.3249759707272745768, 0.3333333333333333703, 0.3249759707272745768, 0.3333333333333333703, 0.3249759707272745768, 0.3333333333333333703, 0.3249759707272745768, 0.3333333333333333703, 0.3249759707272745768, 0.3333333333333333703, 0.3249759707272745768, 0.3333333333333333703, 0.3249759707272745768, 0.3333333333333333703),
 ( 1.000000000000000000, 0.9749279121818236193, 1.000000000000000000, 0.9749279121818236193, 1.000000000000000000, 0.9749279121818236193, 1.000000000000000000, 0.9749279121818236193, 1.000000000000000000, 0.9749279121818236193, 1.000000000000000000, 0.9749279121818236193, 1.000000000000000000, 0.9749279121818236193, 1.000000000000000000, 0.9749279121818236193, 1.000000000000000000, 0.9749279121818236193, 1.000000000000000000, 0.9749279121818236193, 1.000000000000000000, 0.9749279121818236193, 1.000000000000000000, 0.9749279121818236193, 1.000000000000000000, 0.9749279121818236193, 1.000000000000000000, 0.9749279121818236193, 1.000000000000000000, 0.9749279121818236193, 1.000000000000000000, 0.9749279121818236193, 1.000000000000000000, 0.9749279121818236193, 1.000000000000000000, 0.9749279121818236193, 1.000000000000000000, 0.9749279121818236193, 1.000000000000000000, 0.9749279121818236193, 1.000000000000000000, 0.9749279121818236193, 1.000000000000000000, 0.9749279121818236193, 1.000000000000000000, 0.9749279121818236193, 1.000000000000000000, 0.9749279121818236193, 1.000000000000000000, 0.9749279121818236193, 1.000000000000000000, 0.9749279121818236193, 1.000000000000000000, 0.9749279121818236193, 1.000000000000000000, 0.9749279121818236193, 1.000000000000000000, 0.9749279121818236193, 1.000000000000000000, 0.9749279121818236193, 1.000000000000000000, 0.9749279121818236193, 1.000000000000000000, 0.9749279121818236193, 1.000000000000000000, 0.9749279121818236193, 1.000000000000000000, 0.9749279121818236193, 1.000000000000000000, 0.9749279121818236193, 1.000000000000000000, 0.9749279121818236193, 1.000000000000000000, 0.9749279121818236193, 1.000000000000000000, 0.9749279121818236193, 1.000000000000000000, 0.9749279121818236193, 1.000000000000000000, 0.9749279121818236193, 1.000000000000000000, 0.9749279121818236193, 1.000000000000000000, 0.9749279121818236193, 1.000000000000000000, 0.9749279121818236193, 1.000000000000000000, 0.9749279121818236193, 1.000000000000000000, 0.9749279121818236193, 1.000000000000000000, 0.9749279121818236193, 1.000000000000000000, 0.9749279121818236193, 1.000000000000000000, 0.9749279121818236193, 1.000000000000000000, 0.9749279121818236193, 1.000000000000000000, 0.9749279121818236193, 1.000000000000000000, 0.9749279121818236193, 1.000000000000000000, 0.9749279121818236193, 1.000000000000000000, 0.9749279121818236193, 1.000000000000000000, 0.9749279121818236193, 1.000000000000000000, 0.9749279121818236193, 1.000000000000000000, 0.9749279121818236193, 1.000000000000000000, 0.9749279121818236193, 1.000000000000000000, 0.9749279121818236193, 1.000000000000000000, 0.9749279121818236193, 1.000000000000000000, 0.9749279121818236193, 1.000000000000000000, 0.9749279121818236193, 1.000000000000000000, 0.9749279121818236193, 1.000000000000000000, 0.9749279121818236193, 1.000000000000000000, 0.9749279121818236193, 1.000000000000000000, 0.9749279121818236193, 1.000000000000000000, 0.9749279121818236193, 1.000000000000000000, 0.9749279121818236193, 1.000000000000000000, 0.9749279121818236193, 1.000000000000000000, 0.9749279121818236193, 1.000000000000000000, 0.9749279121818236193, 1.000000000000000000, 0.9749279121818236193, 1.000000000000000000, 0.9749279121818236193, 1.000000000000000000, 0.9749279121818236193, 1.000000000000000000, 0.9749279121818236193, 1.000000000000000000, 0.9749279121818236193, 1.000000000000000000, 0.9749279121818236193, 1.000000000000000000, 0.9749279121818236193, 1.000000000000000000, 0.9749279121818236193, 1.000000000000000000, 0.9749279121818236193, 1.000000000000000000, 0.9749279121818236193, 1.000000000000000000, 0.9749279121818236193, 1.000000000000000000, 0.9749279121818236193, 1.000000000000000000, 0.9749279121818236193, 1.000000000000000000, 0.9749279121818236193, 1.000000000000000000, 0.9749279121818236193, 1.000000000000000000, 0.9749279121818236193, 1.000000000000000000, 0.9749279121818236193, 1.000000000000000000, 0.9749279121818236193, 1.000000000000000000, 0.9749279121818236193, 1.000000000000000000, 0.9749279121818236193, 1.000000000000000000, 0.9749279121818236193, 1.000000000000000000, 0.9749279121818236193, 1.000000000000000000, 0.9749279121818236193, 1.000000000000000000, 0.9749279121818236193, 1.000000000000000000, 0.9749279121818236193, 1.000000000000000000, 0.9749279121818236193, 1.000000000000000000, 0.9749279121818236193, 1.000000000000000000, 0.9749279121818236193, 1.000000000000000000, 0.9749279121818236193, 1.000000000000000000, 0.9749279121818236193, 1.000000000000000000, 0.9749279121818236193, 1.000000000000000000, 0.9749279121818236193, 1.000000000000000000, 0.9749279121818236193, 1.000000000000000000, 0.9749279121818236193, 1.000000000000000000, 0.9749279121818236193, 1.000000000000000000, 0.9749279121818236193, 1.000000000000000000, 0.9749279121818236193, 1.000000000000000000, 0.9749279121818236193, 1.000000000000000000, 0.9749279121818236193, 1.000000000000000000, 0.9749279121818236193, 1.000000000000000000, 0.9749279121818236193, 1.000000000000000000, 0.9749279121818236193, 1.000000000000000000),
 ( 0.3333333333333333703, 0.3249759707272745768, 0.3333333333333333703, 0.3249759707272745768, 0.3333333333333333703, 0.3249759707272745768, 0.3333333333333333703, 0.3249759707272745768, 0.3333333333333333703, 0.3249759707272745768, 0.3333333333333333703, 0.3249759707272745768, 0.3333333333333333703, 0.3249759707272745768, 0.3333333333333333703, 0.3249759707272745768, 0.3333333333333333703, 0.3249759707272745768, 0.3333333333333333703, 0.3249759707272745768, 0.3333333333333333703, 0.3249759707272745768, 0.3333333333333333703, 0.3249759707272745768, 0.3333333333333333703, 0.3249759707272745768, 0.3333333333333333703, 0.3249759707272745768, 0.3333333333333333703, 0.3249759707272745768, 0.3333333333333333703, 0.3249759707272745768, 0.3333333333333333703, 0.3249759707272745768, 0.3333333333333333703, 0.3249759707272745768, 0.3333333333333333703, 0.3249759707272745768, 0.3333333333333333703, 0.3249759707272745768, 0.3333333333333333703, 0.3249759707272745768, 0.3333333333333333703, 0.3249759707272745768, 0.3333333333333333703, 0.3249759707272745768, 0.3333333333333333703, 0.3249759707272745768, 0.3333333333333333703, 0.3249759707272745768, 0.3333333333333333703, 0.3249759707272745768, 0.3333333333333333703, 0.3249759707272745768, 0.3333333333333333703, 0.3249759707272745768, 0.3333333333333333703, 0.3249759707272745768, 0.3333333333333333703, 0.3249759707272745768, 0.3333333333333333703, 0.3249759707272745768, 0.3333333333333333703, 0.3249759707272745768, 0.3333333333333333703, 0.3249759707272745768, 0.3333333333333333703, 0.3249759707272745768, 0.3333333333333333703, 0.3249759707272745768, 0.3333333333333333703, 0.3249759707272745768, 0.3333333333333333703, 0.3249759707272745768, 0.3333333333333333703, 0.3249759707272745768, 0.3333333333333333703, 0.3249759707272745768, 0.3333333333333333703, 0.3249759707272745768, 0.3333333333333333703, 0.3249759707272745768, 0.3333333333333333703, 0.3249759707272745768, 0.3333333333333333703, 0.3249759707272745768, 0.3333333333333333703, 0.3249759707272745768, 0.3333333333333333703, 0.3249759707272745768, 0.3333333333333333703, 0.3249759707272745768, 0.3333333333333333703, 0.3249759707272745768, 0.3333333333333333703, 0.3249759707272745768, 0.3333333333333333703, 0.3249759707272745768, 0.3333333333333333703, 0.3249759707272745768, 0.3333333333333333703, 0.3249759707272745768, 0.3333333333333333703, 0.3249759707272745768, 0.3333333333333333703, 0.3249759707272745768, 0.3333333333333333703, 0.3249759707272745768, 0.3333333333333333703, 0.3249759707272745768, 0.3333333333333333703, 0.3249759707272745768, 0.3333333333333333703, 0.3249759707272745768, 0.3333333333333333703, 0.3249759707272745768, 0.3333333333333333703, 0.3249759707272745768, 0.3333333333333333703, 0.3249759707272745768, 0.3333333333333333703, 0.3249759707272745768, 0.3333333333333333703, 0.3249759707272745768, 0.3333333333333333703, 0.3249759707272745768, 0.3333333333333333703, 0.3249759707272745768, 0.3333333333333333703, 0.3249759707272745768, 0.3333333333333333703, 0.3249759707272745768, 0.3333333333333333703, 0.3249759707272745768, 0.3333333333333333703, 0.3249759707272745768, 0.3333333333333333703, 0.3249759707272745768, 0.3333333333333333703, 0.3249759707272745768, 0.3333333333333333703, 0.3249759707272745768, 0.3333333333333333703, 0.3249759707272745768, 0.3333333333333333703, 0.3249759707272745768, 0.3333333333333333703, 0.3249759707272745768, 0.3333333333333333703, 0.3249759707272745768, 0.3333333333333333703, 0.3249759707272745768, 0.3333333333333333703, 0.3249759707272745768, 0.3333333333333333703, 0.3249759707272745768, 0.3333333333333333703, 0.3249759707272745768, 0.3333333333333333703, 0.3249759707272745768, 0.3333333333333333703, 0.3249759707272745768, 0.3333333333333333703, 0.3249759707272745768, 0.3333333333333333703, 0.3249759707272745768, 0.3333333333333333703, 0.3249759707272745768, 0.3333333333333333703, 0.3249759707272745768, 0.3333333333333333703, 0.3249759707272745768, 0.3333333333333333703, 0.3249759707272745768, 0.3333333333333333703, 0.3249759707272745768, 0.3333333333333333703, 0.3249759707272745768, 0.3333333333333333703, 0.3249759707272745768, 0.3333333333333333703, 0.3249759707272745768, 0.3333333333333333703, 0.3249759707272745768, 0.3333333333333333703, 0.3249759707272745768, 0.3333333333333333703, 0.3249759707272745768, 0.3333333333333333703, 0.3249759707272745768, 0.3333333333333333703, 0.3249759707272745768, 0.3333333333333333703, 0.3249759707272745768, 0.3333333333333333703, 0.3249759707272745768, 0.3333333333333333703, 0.3249759707272745768, 0.3333333333333333703, 0.3249759707272745768, 0.3333333333333333703, 0.3249759707272745768, 0.3333333333333333703, 0.3249759707272745768, 0.3333333333333333703, 0.3249759707272745768, 0.3333333333333333703, 0.3249759707272745768, 0.3333333333333333703, 0.3249759707272745768, 0.3333333333333333703, 0.3249759707272745768, 0.3333333333333333703, 0.3249759707272745768, 0.3333333333333333703, 0.3249759707272745768, 0.3333333333333333703, 0.3249759707272745768, 0.3333333333333333703, 0.3249759707272745768, 0.3333333333333333703, 0.3249759707272745768, 0.3333333333333333703, 0.3249759707272745768, 0.3333333333333333703),
 ( 0.3333333333333333703, 0.3249759707272745768, 0.3333333333333333703, 0.3249759707272745768, 0.3333333333333333703, 0.3249759707272745768, 0.3333333333333333703, 0.3249759707272745768, 0.3333333333333333703, 0.3249759707272745768, 0.3333333333333333703, 0.3249759707272745768, 0.3333333333333333703, 0.3249759707272745768, 0.3333333333333333703, 0.3249759707272745768, 0.3333333333333333703, 0.3249759707272745768, 0.3333333333333333703, 0.3249759707272745768, 0.3333333333333333703, 0.3249759707272745768, 0.3333333333333333703, 0.3249759707272745768, 0.3333333333333333703, 0.3249759707272745768, 0.3333333333333333703, 0.3249759707272745768, 0.3333333333333333703, 0.3249759707272745768, 0.3333333333333333703, 0.3249759707272745768, 0.3333333333333333703, 0.3249759707272745768, 0.3333333333333333703, 0.3249759707272745768, 0.3333333333333333703, 0.3249759707272745768, 0.3333333333333333703, 0.3249759707272745768, 0.3333333333333333703, 0.3249759707272745768, 0.3333333333333333703, 0.3249759707272745768, 0.3333333333333333703, 0.3249759707272745768, 0.3333333333333333703, 0.3249759707272745768, 0.3333333333333333703, 0.3249759707272745768, 0.3333333333333333703, 0.3249759707272745768, 0.3333333333333333703, 0.3249759707272745768, 0.3333333333333333703, 0.3249759707272745768, 0.3333333333333333703, 0.3249759707272745768, 0.3333333333333333703, 0.3249759707272745768, 0.3333333333333333703, 0.3249759707272745768, 0.3333333333333333703, 0.3249759707272745768, 0.3333333333333333703, 0.3249759707272745768, 0.3333333333333333703, 0.3249759707272745768, 0.3333333333333333703, 0.3249759707272745768, 0.3333333333333333703, 0.3249759707272745768, 0.3333333333333333703, 0.3249759707272745768, 0.3333333333333333703, 0.3249759707272745768, 0.3333333333333333703, 0.3249759707272745768, 0.3333333333333333703, 0.3249759707272745768, 0.3333333333333333703, 0.3249759707272745768, 0.3333333333333333703, 0.3249759707272745768, 0.3333333333333333703, 0.3249759707272745768, 0.3333333333333333703, 0.3249759707272745768, 0.3333333333333333703, 0.3249759707272745768, 0.3333333333333333703, 0.3249759707272745768, 0.3333333333333333703, 0.3249759707272745768, 0.3333333333333333703, 0.3249759707272745768, 0.3333333333333333703, 0.3249759707272745768, 0.3333333333333333703, 0.3249759707272745768, 0.3333333333333333703, 0.3249759707272745768, 0.3333333333333333703, 0.3249759707272745768, 0.3333333333333333703, 0.3249759707272745768, 0.3333333333333333703, 0.3249759707272745768, 0.3333333333333333703, 0.3249759707272745768, 0.3333333333333333703, 0.3249759707272745768, 0.3333333333333333703, 0.3249759707272745768, 0.3333333333333333703, 0.3249759707272745768, 0.3333333333333333703, 0.3249759707272745768, 0.3333333333333333703, 0.3249759707272745768, 0.3333333333333333703, 0.3249759707272745768, 0.3333333333333333703, 0.3249759707272745768, 0.3333333333333333703, 0.3249759707272745768, 0.3333333333333333703, 0.3249759707272745768, 0.3333333333333333703, 0.3249759707272745768, 0.3333333333333333703, 0.3249759707272745768, 0.3333333333333333703, 0.3249759707272745768, 0.3333333333333333703, 0.3249759707272745768, 0.3333333333333333703, 0.3249759707272745768, 0.3333333333333333703, 0.3249759707272745768, 0.3333333333333333703, 0.3249759707272745768, 0.3333333333333333703, 0.3249759707272745768, 0.3333333333333333703, 0.3249759707272745768, 0.3333333333333333703, 0.3249759707272745768, 0.3333333333333333703, 0.3249759707272745768, 0.3333333333333333703, 0.3249759707272745768, 0.3333333333333333703, 0.3249759707272745768, 0.3333333333333333703, 0.3249759707272745768, 0.3333333333333333703, 0.3249759707272745768, 0.3333333333333333703, 0.3249759707272745768, 0.3333333333333333703, 0.3249759707272745768, 0.3333333333333333703, 0.3249759707272745768, 0.3333333333333333703, 0.3249759707272745768, 0.3333333333333333703, 0.3249759707272745768, 0.3333333333333333703, 0.3249759707272745768, 0.3333333333333333703, 0.3249759707272745768, 0.3333333333333333703, 0.3249759707272745768, 0.3333333333333333703, 0.3249759707272745768, 0.3333333333333333703, 0.3249759707272745768, 0.3333333333333333703, 0.3249759707272745768, 0.3333333333333333703, 0.3249759707272745768, 0.3333333333333333703, 0.3249759707272745768, 0.3333333333333333703, 0.3249759707272745768, 0.3333333333333333703, 0.3249759707272745768, 0.3333333333333333703, 0.3249759707272745768, 0.3333333333333333703, 0.3249759707272745768, 0.3333333333333333703, 0.3249759707272745768, 0.3333333333333333703, 0.3249759707272745768, 0.3333333333333333703, 0.3249759707272745768, 0.3333333333333333703, 0.3249759707272745768, 0.3333333333333333703, 0.3249759707272745768, 0.3333333333333333703, 0.3249759707272745768, 0.3333333333333333703, 0.3249759707272745768, 0.3333333333333333703, 0.3249759707272745768, 0.3333333333333333703, 0.3249759707272745768, 0.3333333333333333703, 0.3249759707272745768, 0.3333333333333333703, 0.3249759707272745768, 0.3333333333333333703, 0.3249759707272745768, 0.3333333333333333703, 0.3249759707272745768, 0.3333333333333333703, 0.3249759707272745768, 0.3333333333333333703, 0.3249759707272745768, 0.3333333333333333703, 0.3249759707272745768, 0.3333333333333333703),
 ( 1.000000000000000000, 0.9749279121818236193, 1.000000000000000000, 0.9749279121818236193, 1.000000000000000000, 0.9749279121818236193, 1.000000000000000000, 0.9749279121818236193, 1.000000000000000000, 0.9749279121818236193, 1.000000000000000000, 0.9749279121818236193, 1.000000000000000000, 0.9749279121818236193, 1.000000000000000000, 0.9749279121818236193, 1.000000000000000000, 0.9749279121818236193, 1.000000000000000000, 0.9749279121818236193, 1.000000000000000000, 0.9749279121818236193, 1.000000000000000000, 0.9749279121818236193, 1.000000000000000000, 0.9749279121818236193, 1.000000000000000000, 0.9749279121818236193, 1.000000000000000000, 0.9749279121818236193, 1.000000000000000000, 0.9749279121818236193, 1.000000000000000000, 0.9749279121818236193, 1.000000000000000000, 0.9749279121818236193, 1.000000000000000000, 0.9749279121818236193, 1.000000000000000000, 0.9749279121818236193, 1.000000000000000000, 0.9749279121818236193, 1.000000000000000000, 0.9749279121818236193, 1.000000000000000000, 0.9749279121818236193, 1.000000000000000000, 0.9749279121818236193, 1.000000000000000000, 0.9749279121818236193, 1.000000000000000000, 0.9749279121818236193, 1.000000000000000000, 0.9749279121818236193, 1.000000000000000000, 0.9749279121818236193, 1.000000000000000000, 0.9749279121818236193, 1.000000000000000000, 0.9749279121818236193, 1.000000000000000000, 0.9749279121818236193, 1.000000000000000000, 0.9749279121818236193, 1.000000000000000000, 0.9749279121818236193, 1.000000000000000000, 0.9749279121818236193, 1.000000000000000000, 0.9749279121818236193, 1.000000000000000000, 0.9749279121818236193, 1.000000000000000000, 0.9749279121818236193, 1.000000000000000000, 0.9749279121818236193, 1.000000000000000000, 0.9749279121818236193, 1.000000000000000000, 0.9749279121818236193, 1.000000000000000000, 0.9749279121818236193, 1.000000000000000000, 0.9749279121818236193, 1.000000000000000000, 0.9749279121818236193, 1.000000000000000000, 0.9749279121818236193, 1.000000000000000000, 0.9749279121818236193, 1.000000000000000000, 0.9749279121818236193, 1.000000000000000000, 0.9749279121818236193, 1.000000000000000000, 0.9749279121818236193, 1.000000000000000000, 0.9749279121818236193, 1.000000000000000000, 0.9749279121818236193, 1.000000000000000000, 0.9749279121818236193, 1.000000000000000000, 0.9749279121818236193, 1.000000000000000000, 0.9749279121818236193, 1.000000000000000000, 0.9749279121818236193, 1.000000000000000000, 0.9749279121818236193, 1.000000000000000000, 0.9749279121818236193, 1.000000000000000000, 0.9749279121818236193, 1.000000000000000000, 0.9749279121818236193, 1.000000000000000000, 0.9749279121818236193, 1.000000000000000000, 0.9749279121818236193, 1.000000000000000000, 0.9749279121818236193, 1.000000000000000000, 0.9749279121818236193, 1.000000000000000000, 0.9749279121818236193, 1.000000000000000000, 0.9749279121818236193, 1.000000000000000000, 0.9749279121818236193, 1.000000000000000000, 0.9749279121818236193, 1.000000000000000000, 0.9749279121818236193, 1.000000000000000000, 0.9749279121818236193, 1.000000000000000000, 0.9749279121818236193, 1.000000000000000000, 0.9749279121818236193, 1.000000000000000000, 0.9749279121818236193, 1.000000000000000000, 0.9749279121818236193, 1.000000000000000000, 0.9749279121818236193, 1.000000000000000000, 0.9749279121818236193, 1.000000000000000000, 0.9749279121818236193, 1.000000000000000000, 0.9749279121818236193, 1.000000000000000000, 0.9749279121818236193, 1.000000000000000000, 0.9749279121818236193, 1.000000000000000000, 0.9749279121818236193, 1.000000000000000000, 0.9749279121818236193, 1.000000000000000000, 0.9749279121818236193, 1.000000000000000000, 0.9749279121818236193, 1.000000000000000000, 0.9749279121818236193, 1.000000000000000000, 0.9749279121818236193, 1.000000000000000000, 0.9749279121818236193, 1.000000000000000000, 0.9749279121818236193, 1.000000000000000000, 0.9749279121818236193, 1.000000000000000000, 0.9749279121818236193, 1.000000000000000000, 0.9749279121818236193, 1.000000000000000000, 0.9749279121818236193, 1.000000000000000000, 0.9749279121818236193, 1.000000000000000000, 0.9749279121818236193, 1.000000000000000000, 0.9749279121818236193, 1.000000000000000000, 0.9749279121818236193, 1.000000000000000000, 0.9749279121818236193, 1.000000000000000000, 0.9749279121818236193, 1.000000000000000000, 0.9749279121818236193, 1.000000000000000000, 0.9749279121818236193, 1.000000000000000000, 0.9749279121818236193, 1.000000000000000000, 0.9749279121818236193, 1.000000000000000000, 0.9749279121818236193, 1.000000000000000000, 0.9749279121818236193, 1.000000000000000000, 0.9749279121818236193, 1.000000000000000000, 0.9749279121818236193, 1.000000000000000000, 0.9749279121818236193, 1.000000000000000000, 0.9749279121818236193, 1.000000000000000000, 0.9749279121818236193, 1.000000000000000000, 0.9749279121818236193, 1.000000000000000000, 0.9749279121818236193, 1.000000000000000000, 0.9749279121818236193, 1.000000000000000000, 0.9749279121818236193, 1.000000000000000000, 0.9749279121818236193, 1.000000000000000000) ) ) 
 REPRESENTATION_ITEM ( '' )  SURFACE ( )  );
#839 = CARTESIAN_POINT ( 'NONE',  ( 6.093016998895132375, 16.34766064353916093, -17.41478255588030777 ) ) ;
#840 = CARTESIAN_POINT ( 'NONE',  ( -4.901204415484357035, 49.53300398897488321, -13.10392430250715812 ) ) ;
#841 = CARTESIAN_POINT ( 'NONE',  ( -1.303674672971879112, 11.82303158381773045, -14.29094464983915458 ) ) ;
#842 = CARTESIAN_POINT ( 'NONE',  ( 1.606996938753243453, 19.56194635782488334, 14.25676843841640640 ) ) ;
#843 = CARTESIAN_POINT ( 'NONE',  ( 12.92983939180874131, 15.24728970326059319, 12.50810207068520441 ) ) ;
#844 = CARTESIAN_POINT ( 'NONE',  ( 15.38831104825393048, 35.66231729810344575, -9.318395970067859579 ) ) ;
#845 = CARTESIAN_POINT ( 'NONE',  ( -17.87417032769798908, 36.43694635782487268, 2.014564074794545689 ) ) ;
#846 = CARTESIAN_POINT ( 'NONE',  ( -15.62233376509898974, 22.24051778639630328, -9.815406020601807668 ) ) ;
#847 = CARTESIAN_POINT ( 'NONE',  ( 17.90748967014665993, 6.198031583817730450, -1.718846731498061331 ) ) ;
#848 = CARTESIAN_POINT ( 'NONE',  ( -17.87417032769798908, 58.93694635782487978, 2.014564074794545689 ) ) ;
#849 = CARTESIAN_POINT ( 'NONE',  ( 1.269747079907966647, 35.06871827468916081, -13.93278074187870885 ) ) ;
#850 = CARTESIAN_POINT ( 'NONE',  ( 12.71941253312912679, 33.75837492925344918, 12.71852892936481716 ) ) ;
#851 = CARTESIAN_POINT ( 'NONE',  ( 9.890985408382912070, 26.25837492925344918, 9.890101804618648629 ) ) ;
#852 = CARTESIAN_POINT ( 'NONE',  ( 13.54173102844871224, 54.91908921496773388, -4.739135598496601709 ) ) ;
#853 = CARTESIAN_POINT ( 'NONE',  ( -6.222320663305054289, 12.03300398897487966, -16.87945762374062042 ) ) ;
#854 = CARTESIAN_POINT ( 'NONE',  ( 7.693160391943282050, 12.62660301238915928, -11.68542580722579238 ) ) ;
#855 = CC_DESIGN_DATE_AND_TIME_ASSIGNMENT ( #3100, #3383, ( #991 ) ) ;
#856 = CARTESIAN_POINT ( 'NONE',  ( -14.29108815922407594, 48.19371827468916791, -1.302400991952681997 ) ) ;
#857 = CARTESIAN_POINT ( 'NONE',  ( 1.303674672971881554, 8.073031583817732226, 14.29094464983915458 ) ) ;
#858 = CARTESIAN_POINT ( 'NONE',  ( 7.633634210424460775, 34.02623207211058087, 12.14765467937024468 ) ) ;
#859 = CARTESIAN_POINT ( 'NONE',  ( 17.31354432756522499, 28.90800398897487966, -6.382339233041259163 ) ) ;
#860 = CARTESIAN_POINT ( 'NONE',  ( -12.50898567444951226, 56.01946015524631406, -12.92895578804443524 ) ) ;
#861 = CARTESIAN_POINT ( 'NONE',  ( 13.04560959886932103, 46.88337492925346339, -13.04651592615081412 ) ) ;
#862 = CARTESIAN_POINT ( 'NONE',  ( -13.04560959886931926, 50.63337492925344208, 13.04651592615081768 ) ) ;
#863 = CARTESIAN_POINT ( 'NONE',  ( 12.50898567444951581, -0.2305398447536989304, 12.92895578804443524 ) ) ;
#864 = CARTESIAN_POINT ( 'NONE',  ( -15.22998441137730907, 50.90123207211058798, 9.570371369190237232 ) ) ;
#865 = CARTESIAN_POINT ( 'NONE',  ( 4.449813364350533540, 50.33657541754631382, -13.64296925676377015 ) ) ;
#866 = CARTESIAN_POINT ( 'NONE',  ( 9.569313298882223151, 31.61551778639630328, -15.23064924101556095 ) ) ;
#867 = CARTESIAN_POINT ( 'NONE',  ( 11.84308761446418856, 24.65123207211059153, -7.442243063128862524 ) ) ;
#868 = CARTESIAN_POINT ( 'NONE',  ( 9.821288698004604356, -2.373396987610842057, -15.07232260413894842 ) ) ;
#869 = CARTESIAN_POINT ( 'NONE',  ( 7.633634210424459887, 56.52623207211058798, 12.14765467937024113 ) ) ;
#870 = CARTESIAN_POINT ( 'NONE',  ( -2.369694609441194366, 4.800861131832022899, -18.29966171070299197 ) ) ;
#871 = CARTESIAN_POINT ( 'NONE',  ( -1.861181766500929369, 0.8408887266748727995, 13.86614205698138669 ) ) ;
#872 = CARTESIAN_POINT ( 'NONE',  ( 1.910319204534604243, 61.05086113183203622, 14.22259222699365289 ) ) ;
#873 = CARTESIAN_POINT ( 'NONE',  ( -12.00141425134080286, 1.912317298103443974, 7.190267664006487536 ) ) ;
#874 = CARTESIAN_POINT ( 'NONE',  ( -2.369694609441194366, 42.30086113183202201, -18.29966171070299197 ) ) ;
#875 = CARTESIAN_POINT ( 'NONE',  ( 15.45993546374941552, 52.00160301238916105, 10.07386143661146605 ) ) ;
#876 = CARTESIAN_POINT ( 'NONE',  ( -6.093016998895131486, 57.59766064353917869, 17.41478255588030777 ) ) ;
#877 = CARTESIAN_POINT ( 'NONE',  ( 16.97815759830482918, 40.72266064353915738, 5.940252341621189203 ) ) ;
#878 = CARTESIAN_POINT ( 'NONE',  ( -16.87987034191867508, 2.983745869532015593, -6.221141182516696233 ) ) ;
#879 = CARTESIAN_POINT ( 'NONE',  ( -18.33398143151067217, 51.70480350068201858, -2.065098662640568961 ) ) ;
#880 = CARTESIAN_POINT ( 'NONE',  ( 1.269747079907966647, 57.56871827468916081, -13.93278074187870885 ) ) ;
#881 = CARTESIAN_POINT ( 'NONE',  ( -2.013322327617646401, 49.82980350068201858, 17.87431023900302307 ) ) ;
#882 = CARTESIAN_POINT ( 'NONE',  ( -13.20262427707134734, 36.97266064353915738, -4.619136093800548792 ) ) ;
#883 = CARTESIAN_POINT ( 'NONE',  ( 18.29980522008792931, 6.465888726674871911, 2.368420928421932636 ) ) ;
#884 = CARTESIAN_POINT ( 'NONE',  ( -11.84308761446418679, 58.40123207211059508, 7.442243063128862524 ) ) ;
#885 = CARTESIAN_POINT ( 'NONE',  ( 15.07165777450069477, 28.64014684611773731, -9.822346768312613108 ) ) ;
#886 = CARTESIAN_POINT ( 'NONE',  ( 11.98593830499179269, -0.4983969876108419461, 7.891004345876712733 ) ) ;
#887 = CARTESIAN_POINT ( 'NONE',  ( -18.36815764293342212, 40.69371827468917502, -1.761776396859210170 ) ) ;
#888 = CARTESIAN_POINT ( 'NONE',  ( -13.86600214567635270, 55.42586113183202912, 1.862423513677762710 ) ) ;
#889 = CARTESIAN_POINT ( 'NONE',  ( -10.36028257791282137, 1.644460155246301625, 9.929512150327971298 ) ) ;
#890 = CARTESIAN_POINT ( 'NONE',  ( 4.449813364350533540, 12.83657541754630849, -13.64296925676377015 ) ) ;
#891 = PLANE ( 'NONE',  #1849 ) ;
#892 = CARTESIAN_POINT ( 'NONE',  ( -17.07644485469099394, 40.96157541754630671, -5.659363500725679508 ) ) ;
#893 = CARTESIAN_POINT ( 'NONE',  ( -7.441184992820900845, 5.365517786396304167, 11.84375244410240846 ) ) ;
#894 = CARTESIAN_POINT ( 'NONE',  ( -15.62233376509898974, 52.24051778639630328, -9.815406020601807668 ) ) ;
#895 = CARTESIAN_POINT ( 'NONE',  ( 18.29980522008792931, -1.034111273325127422, 2.368420928421932636 ) ) ;
#896 = CARTESIAN_POINT ( 'NONE',  ( -13.44091613212862946, 55.15800398897488321, 5.027248019308207638 ) ) ;
#897 = CARTESIAN_POINT ( 'NONE',  ( -15.22998441137730907, 43.40123207211058798, 9.570371369190237232 ) ) ;
#898 = CARTESIAN_POINT ( 'NONE',  ( -13.89932148812502000, 51.43694635782487978, 1.566706170381279684 ) ) ;
#899 = CARTESIAN_POINT ( 'NONE',  ( 13.26144797630247041, -2.105539844753699708, -12.83067754871767185 ) ) ;
#900 = CARTESIAN_POINT ( 'NONE',  ( -6.093016998895131486, 5.097660643539160930, 17.41478255588030777 ) ) ;
#901 = CARTESIAN_POINT ( 'NONE',  ( -15.07165777450069477, 24.89014684611773731, 9.822346768312614884 ) ) ;
#902 = CARTESIAN_POINT ( 'NONE',  ( 4.339426733693342975, 0.3051744409605866570, 13.30049881527948408 ) ) ;
#903 = CARTESIAN_POINT ( 'NONE',  ( 5.804904578083527333, 50.33657541754631382, -17.51559745220038522 ) ) ;
#904 = CARTESIAN_POINT ( 'NONE',  ( -9.928605823046511958, 62.12228970326059141, 10.36118890519427360 ) ) ;
#905 = CARTESIAN_POINT ( 'NONE',  ( 11.98593830499179269, 7.001603012389157499, 7.891004345876712733 ) ) ;
#906 = CARTESIAN_POINT ( 'NONE',  ( 7.892089626434113825, 8.015146846117735535, 11.98525637802066512 ) ) ;
#907 = CARTESIAN_POINT ( 'NONE',  ( -9.816491301159265603, 52.77623207211058798, -15.62165183812783020 ) ) ;
#908 = CARTESIAN_POINT ( 'NONE',  ( 12.92983939180874131, 45.24728970326059851, 12.50810207068520441 ) ) ;
#909 = CARTESIAN_POINT ( 'NONE',  ( 12.14833660634136514, 3.490517786396304611, 7.632548929867058796 ) ) ;
#910 = CARTESIAN_POINT ( 'NONE',  ( 15.62233376509898974, 48.49051778639631749, 9.815406020601812997 ) ) ;
#911 = CARTESIAN_POINT ( 'NONE',  ( 12.50898567444951581, 22.26946015524630340, 12.92895578804443524 ) ) ;
#912 = CARTESIAN_POINT ( 'NONE',  ( 13.44091613212862768, 51.40800398897486900, -5.027248019308205862 ) ) ;
#913 = CARTESIAN_POINT ( 'NONE',  ( -13.04560959886931926, 43.13337492925346339, 13.04651592615081768 ) ) ;
#914 = CARTESIAN_POINT ( 'NONE',  ( -14.25691194780133308, 44.20480350068203279, -1.605723257734043008 ) ) ;
#915 = CARTESIAN_POINT ( 'NONE',  ( -17.51517412020538345, 2.180174440960587212, 5.806114391418055298 ) ) ;
#916 = CARTESIAN_POINT ( 'NONE',  ( 15.62233376509898974, 10.99051778639630328, 9.815406020601812997 ) ) ;
#917 = CARTESIAN_POINT ( 'NONE',  ( 15.07165777450069477, 21.14014684611773731, -9.822346768312613108 ) ) ;
#918 = CARTESIAN_POINT ( 'NONE',  ( -13.64254592476879147, 2.180174440960587212, 4.451023177685001997 ) ) ;
#919 = CARTESIAN_POINT ( 'NONE',  ( 17.07644485469099038, 44.71157541754630671, 5.659363500725681284 ) ) ;
#920 = CARTESIAN_POINT ( 'NONE',  ( -9.569313298882221375, 20.36551778639630683, 15.23064924101556450 ) ) ;
#921 = CARTESIAN_POINT ( 'NONE',  ( -13.93264083057369085, 17.44803158381773045, 1.270988827084797990 ) ) ;
#922 = CARTESIAN_POINT ( 'NONE',  ( -13.20262427707134734, 29.47266064353916448, -4.619136093800548792 ) ) ;
#923 = CARTESIAN_POINT ( 'NONE',  ( 1.269747079907966647, 5.068718274689164360, -13.93278074187870885 ) ) ;
#924 = CARTESIAN_POINT ( 'NONE',  ( 12.71941253312912679, 56.25837492925344208, 12.71852892936481716 ) ) ;
#925 = CARTESIAN_POINT ( 'NONE',  ( 1.717604984321167372, 35.06871827468916081, -17.90762958145169037 ) ) ;
#926 = CARTESIAN_POINT ( 'NONE',  ( -17.87417032769798908, 51.43694635782487978, 2.014564074794545689 ) ) ;
#927 = CARTESIAN_POINT ( 'NONE',  ( 18.29980522008792931, 21.46588872667487635, 2.368420928421932636 ) ) ;
#928 = CARTESIAN_POINT ( 'NONE',  ( -12.31073490769093581, 41.22943256040345972, -7.374093513857398641 ) ) ;
#929 = CARTESIAN_POINT ( 'NONE',  ( 2.013322327617649510, 46.07980350068201858, -17.87431023900302307 ) ) ;
#930 = CARTESIAN_POINT ( 'NONE',  ( 1.606996938753243453, 42.06194635782487268, 14.25676843841640640 ) ) ;
#931 = CARTESIAN_POINT ( 'NONE',  ( 12.50898567444951581, 7.269460155246302513, 12.92895578804443524 ) ) ;
#932 = CARTESIAN_POINT ( 'NONE',  ( 13.04560959886932103, 1.883374929253446961, -13.04651592615081412 ) ) ;
#933 = CARTESIAN_POINT ( 'NONE',  ( -17.31354432756522499, 25.15800398897487966, 6.382339233041261828 ) ) ;
#934 = CARTESIAN_POINT ( 'NONE',  ( -13.64254592476879147, 32.18017444096059165, 4.451023177685001997 ) ) ;
#935 = CARTESIAN_POINT ( 'NONE',  ( 2.369694609441195698, 38.55086113183202201, 18.29966171070299197 ) ) ;
#936 = CARTESIAN_POINT ( 'NONE',  ( 17.87417032769799263, 10.18694635782487623, -2.014564074794543913 ) ) ;
#937 = CARTESIAN_POINT ( 'NONE',  ( -1.861181766500929369, 15.84088872667487280, 13.86614205698138669 ) ) ;
#938 = CARTESIAN_POINT ( 'NONE',  ( 14.25691194780133131, 40.45480350068201147, 1.605723257734044784 ) ) ;
#939 = CARTESIAN_POINT ( 'NONE',  ( -10.10141226706252482, 18.99728970326059496, -9.679674945939034103 ) ) ;
#940 = PLANE ( 'NONE',  #2047 ) ;
#941 = CARTESIAN_POINT ( 'NONE',  ( -17.07644485469099394, 33.46157541754630671, -5.659363500725679508 ) ) ;
#942 = CARTESIAN_POINT ( 'NONE',  ( -18.33398143151067217, 59.20480350068203279, -2.065098662640568961 ) ) ;
#943 = CARTESIAN_POINT ( 'NONE',  ( -15.45993546374941552, 18.25160301238915750, -10.07386143661146427 ) ) ;
#944 = CARTESIAN_POINT ( 'NONE',  ( 7.189209593698524081, 58.10443256040345261, -12.00207908097901921 ) ) ;
#945 = CARTESIAN_POINT ( 'NONE',  ( 15.62233376509898974, 48.49051778639631749, 9.815406020601812997 ) ) ;
#946 = CARTESIAN_POINT ( 'NONE',  ( -7.441184992820900845, 35.36551778639630328, 11.84375244410240846 ) ) ;
#947 = CARTESIAN_POINT ( 'NONE',  ( 17.51517412020538700, 28.43017444096059165, -5.806114391418052634 ) ) ;
#948 = CARTESIAN_POINT ( 'NONE',  ( 17.87417032769799263, 10.18694635782487623, -2.014564074794543913 ) ) ;
#949 = CARTESIAN_POINT ( 'NONE',  ( 13.93264083057369085, 21.19803158381773045, -1.270988827084796213 ) ) ;
#950 = CARTESIAN_POINT ( 'NONE',  ( 12.82977122143616633, 35.87228970326059141, -13.26235430358396883 ) ) ;
#951 = CARTESIAN_POINT ( 'NONE',  ( 9.816491301159269156, 19.02623207211059508, 15.62165183812783020 ) ) ;
#952 = CARTESIAN_POINT ( 'NONE',  ( -10.14444420047966489, 43.13337492925346339, 10.14535052776112423 ) ) ;
#953 = CARTESIAN_POINT ( 'NONE',  ( 1.910319204534604243, 8.550861131832022011, 14.22259222699365289 ) ) ;
#954 = CARTESIAN_POINT ( 'NONE',  ( -13.04560959886931748, 58.13337492925345629, 13.04651592615081768 ) ) ;
#955 = CARTESIAN_POINT ( 'NONE',  ( 2.369694609441195698, 53.55086113183202201, 18.29966171070299197 ) ) ;
#956 = CARTESIAN_POINT ( 'NONE',  ( 0.000000000000000000, 0.000000000000000000, 0.000000000000000000 ) ) ;
#957 = CARTESIAN_POINT ( 'NONE',  ( 5.660542981514042893, 22.80517444096058810, 17.07603213651294638 ) ) ;
#958 = CARTESIAN_POINT ( 'NONE',  ( -1.606996938753239457, 8.311946357824879783, -14.25676843841640462 ) ) ;
#959 = CARTESIAN_POINT ( 'NONE',  ( -12.71941253312912501, 60.00837492925344918, -12.71852892936481894 ) ) ;
#960 = CARTESIAN_POINT ( 'NONE',  ( -1.565464423204447009, 57.32980350068201858, 13.89946139943004866 ) ) ;
#961 = CARTESIAN_POINT ( 'NONE',  ( 9.558035885149614330, 22.53731729810344575, 15.78405013947740443 ) ) ;
#962 = CARTESIAN_POINT ( 'NONE',  ( -16.97815759830483273, 29.47266064353916448, -5.940252341621187426 ) ) ;
#963 = CARTESIAN_POINT ( 'NONE',  ( -5.026038205973742734, 31.10874586953201870, 13.44133946412361524 ) ) ;
#964 = CARTESIAN_POINT ( 'NONE',  ( -13.44091613212862946, 17.65800398897488321, 5.027248019308207638 ) ) ;
#965 = CARTESIAN_POINT ( 'NONE',  ( -10.14444420047966489, 5.633374929253450070, 10.14535052776112423 ) ) ;
#966 = CARTESIAN_POINT ( 'NONE',  ( -10.07494671716892043, 56.76514684611773731, -15.45925353677825420 ) ) ;
#967 = CARTESIAN_POINT ( 'NONE',  ( -18.33398143151067217, 14.20480350068201858, -2.065098662640568961 ) ) ;
#968 = CARTESIAN_POINT ( 'NONE',  ( 9.890985408382912070, 33.75837492925344918, 9.890101804618648629 ) ) ;
#969 = CARTESIAN_POINT ( 'NONE',  ( 4.737925785162139469, 8.847660643539162706, -13.54215436044368914 ) ) ;
#970 = CARTESIAN_POINT ( 'NONE',  ( 12.31073490769093581, 22.47943256040345616, 7.374093513857401305 ) ) ;
#971 = CARTESIAN_POINT ( 'NONE',  ( -2.013322327617646401, 12.32980350068201858, 17.87431023900302307 ) ) ;
#972 = CARTESIAN_POINT ( 'NONE',  ( 17.84085098524932178, 59.17586113183203622, -2.310281418091023387 ) ) ;
#973 = EDGE_CURVE ( 'NONE', #3106, #3060, #2099, .T. ) ;
#974 = CARTESIAN_POINT ( 'NONE',  ( 1.763050077878475008, 8.073031583817732226, 18.36801413354849544 ) ) ;
#975 = CARTESIAN_POINT ( 'NONE',  ( 13.30091153345750676, 59.71157541754630671, 4.338247252905039986 ) ) ;
#976 = CARTESIAN_POINT ( 'NONE',  ( 9.317337899759843722, 13.10443256040345084, -15.38897587789217347 ) ) ;
#977 = CARTESIAN_POINT ( 'NONE',  ( 14.25691194780133131, 55.45480350068201147, 1.605723257734044784 ) ) ;
#978 = CARTESIAN_POINT ( 'NONE',  ( 5.660542981514042893, 22.80517444096058810, 17.07603213651294638 ) ) ;
#979 = CARTESIAN_POINT ( 'NONE',  ( -12.71941253312912501, 22.50837492925344918, -12.71852892936481894 ) ) ;
#980 = CARTESIAN_POINT ( 'NONE',  ( 17.41435922388530244, 9.919089214967733881, -6.094226812229655899 ) ) ;
#981 = CARTESIAN_POINT ( 'NONE',  ( -13.64254592476879147, 24.68017444096058810, 4.451023177685001997 ) ) ;
#982 = CARTESIAN_POINT ( 'NONE',  ( -4.449813364350533540, 16.58657541754631382, 13.64296925676377015 ) ) ;
#983 = CARTESIAN_POINT ( 'NONE',  ( 9.569313298882223151, 9.115517786396303279, -15.23064924101556095 ) ) ;
#984 = CARTESIAN_POINT ( 'NONE',  ( 7.633634210424460775, 4.026232072110592419, 12.14765467937024468 ) ) ;
#985 = CARTESIAN_POINT ( 'NONE',  ( 17.84085098524932178, 59.17586113183203622, -2.310281418091023387 ) ) ;
#986 = CARTESIAN_POINT ( 'NONE',  ( 1.606996938753243231, 34.56194635782487978, 14.25676843841640462 ) ) ;
#987 = CARTESIAN_POINT ( 'NONE',  ( 6.093016998895131486, 8.847660643539162706, -17.41478255588030777 ) ) ;
#988 = CARTESIAN_POINT ( 'NONE',  ( -1.565464423204447009, 57.32980350068201858, 13.89946139943004866 ) ) ;
#989 = CARTESIAN_POINT ( 'NONE',  ( 2.013322327617649510, 53.57980350068201858, -17.87431023900302307 ) ) ;
#990 = CARTESIAN_POINT ( 'NONE',  ( 13.44091613212862768, 36.40800398897488321, -5.027248019308205862 ) ) ;
#991 = SECURITY_CLASSIFICATION ( '', '', #213 ) ;
#992 = CARTESIAN_POINT ( 'NONE',  ( 6.093016998895132375, 8.847660643539164482, -17.41478255588030777 ) ) ;
#993 = CARTESIAN_POINT ( 'NONE',  ( -15.07165777450069477, 54.89014684611773731, 9.822346768312614884 ) ) ;
#994 = CARTESIAN_POINT ( 'NONE',  ( -13.04560959886931926, 58.13337492925346339, 13.04651592615081768 ) ) ;
#995 = CARTESIAN_POINT ( 'NONE',  ( -1.763050077878471233, 34.32303158381773045, -18.36801413354849544 ) ) ;
#996 = CIRCLE ( 'NONE', #3075, 2.000000000000001332 ) ;
#997 = CARTESIAN_POINT ( 'NONE',  ( 1.565464423204449673, 8.579803500682018580, -13.89946139943004688 ) ) ;
#998 = CARTESIAN_POINT ( 'NONE',  ( 6.093016998895131486, 31.34766064353916448, -17.41478255588030777 ) ) ;
#999 = CARTESIAN_POINT ( 'NONE',  ( -15.22998441137730907, 58.40123207211059508, 9.570371369190237232 ) ) ;
#1000 = CARTESIAN_POINT ( 'NONE',  ( -13.20262427707134734, 51.97266064353916448, -4.619136093800548792 ) ) ;
#1001 = CARTESIAN_POINT ( 'NONE',  ( 18.29980522008792931, 28.96588872667486925, 2.368420928421932636 ) ) ;
#1002 = CC_DESIGN_PERSON_AND_ORGANIZATION_ASSIGNMENT ( #1042, #2510, ( #698 ) ) ;
#1003 = CARTESIAN_POINT ( 'NONE',  ( 12.71941253312912679, 26.25837492925344918, 12.71852892936481716 ) ) ;
#1004 = CARTESIAN_POINT ( 'NONE',  ( -15.62233376509898974, 14.74051778639630506, -9.815406020601807668 ) ) ;
#1005 = CARTESIAN_POINT ( 'NONE',  ( 7.693160391943282050, 20.12660301238916105, -11.68542580722579238 ) ) ;
#1006 = CARTESIAN_POINT ( 'NONE',  ( 5.026038205973743622, 19.85874586953201515, -13.44133946412361524 ) ) ;
#1007 = CARTESIAN_POINT ( 'NONE',  ( -1.910319204534601800, 19.80086113183202912, -14.22259222699365289 ) ) ;
#1008 = CARTESIAN_POINT ( 'NONE',  ( 17.87417032769799263, 2.686946357824875342, -2.014564074794543913 ) ) ;
#1009 = CARTESIAN_POINT ( 'NONE',  ( 7.441184992820901734, 9.115517786396303279, -11.84375244410240668 ) ) ;
#1010 = CARTESIAN_POINT ( 'NONE',  ( 17.31354432756522499, 51.40800398897486900, -6.382339233041259163 ) ) ;
#1011 = CARTESIAN_POINT ( 'NONE',  ( 12.14833660634136514, 33.49051778639629617, 7.632548929867058796 ) ) ;
#1012 = CARTESIAN_POINT ( 'NONE',  ( -12.71941253312912501, 7.508374929253447405, -12.71852892936481894 ) ) ;
#1013 = CARTESIAN_POINT ( 'NONE',  ( -12.14833660634136869, 59.74051778639631749, -7.632548929867056131 ) ) ;
#1014 = CARTESIAN_POINT ( 'NONE',  ( 9.890985408382912070, 11.25837492925344918, 9.890101804618648629 ) ) ;
#1015 = CARTESIAN_POINT ( 'NONE',  ( -13.30091153345750854, 25.96157541754630671, -4.338247252905039097 ) ) ;
#1016 = CARTESIAN_POINT ( 'NONE',  ( -10.36028257791282137, 54.14446015524631406, 9.929512150327971298 ) ) ;
#1017 = CARTESIAN_POINT ( 'NONE',  ( 2.066372343659836464, 4.561946357824875342, 18.33383792212573837 ) ) ;
#1018 = CARTESIAN_POINT ( 'NONE',  ( -17.84085098524932178, 62.92586113183203622, 2.310281418091025163 ) ) ;
#1019 = CARTESIAN_POINT ( 'NONE',  ( -12.71941253312912501, 60.00837492925344918, -12.71852892936481894 ) ) ;
#1020 = CARTESIAN_POINT ( 'NONE',  ( -1.763050077878471233, 41.82303158381773756, -18.36801413354849544 ) ) ;
#1021 = CARTESIAN_POINT ( 'NONE',  ( 1.910319204534604243, 61.05086113183203622, 14.22259222699365289 ) ) ;
#1022 = CARTESIAN_POINT ( 'NONE',  ( 17.41435922388530244, 24.91908921496773743, -6.094226812229655899 ) ) ;
#1023 = CARTESIAN_POINT ( 'NONE',  ( 13.04560959886932103, 54.38337492925344208, -13.04651592615081412 ) ) ;
#1024 = CARTESIAN_POINT ( 'NONE',  ( 15.45993546374941552, 22.00160301238916105, 10.07386143661146605 ) ) ;
#1025 = CARTESIAN_POINT ( 'NONE',  ( 5.941431822409549035, 19.29408921496773388, 16.97774488012678518 ) ) ;
#1026 = CARTESIAN_POINT ( 'NONE',  ( 9.816491301159272709, 11.52623207211058975, 15.62165183812783198 ) ) ;
#1027 = CARTESIAN_POINT ( 'NONE',  ( 7.693160391943282050, 42.62660301238915395, -11.68542580722579238 ) ) ;
#1028 = CARTESIAN_POINT ( 'NONE',  ( 5.026038205973743622, 27.35874586953201515, -13.44133946412361524 ) ) ;
#1029 = CARTESIAN_POINT ( 'NONE',  ( -2.066372343659833799, 45.81194635782489399, -18.33383792212573837 ) ) ;
#1030 = CARTESIAN_POINT ( 'NONE',  ( 10.10141226706252660, 22.74728970326059141, 9.679674945939028774 ) ) ;
#1031 = CARTESIAN_POINT ( 'NONE',  ( -9.816491301159269156, 7.776232072110592419, -15.62165183812783198 ) ) ;
#1032 = CARTESIAN_POINT ( 'NONE',  ( 13.54173102844871401, 2.419089214967733881, -4.739135598496600821 ) ) ;
#1033 = CARTESIAN_POINT ( 'NONE',  ( -15.78473206644855864, 63.72943256040344551, -9.556950604592149290 ) ) ;
#1034 = CARTESIAN_POINT ( 'NONE',  ( 13.89932148812502177, 40.18694635782487268, -1.566706170381278795 ) ) ;
#1035 = CARTESIAN_POINT ( 'NONE',  ( -13.26144797630246863, 46.64446015524629985, 12.83067754871767185 ) ) ;
#1036 = CARTESIAN_POINT ( 'NONE',  ( -7.441184992820900845, 50.36551778639630328, 11.84375244410240846 ) ) ;
#1037 = CARTESIAN_POINT ( 'NONE',  ( 1.565464423204449673, 16.07980350068201858, -13.89946139943004688 ) ) ;
#1038 = CARTESIAN_POINT ( 'NONE',  ( -10.10141226706252482, 33.99728970326059851, -9.679674945939034103 ) ) ;
#1039 = CARTESIAN_POINT ( 'NONE',  ( 13.64254592476879147, 43.43017444096059165, -4.451023177684999332 ) ) ;
#1040 = CARTESIAN_POINT ( 'NONE',  ( 5.941431822409549035, 11.79408921496773388, 16.97774488012678518 ) ) ;
#1041 = CARTESIAN_POINT ( 'NONE',  ( -12.92983939180873953, 48.99728970326061273, -12.50810207068520441 ) ) ;
#1042 = PERSON_AND_ORGANIZATION ( #2938, #3299 ) ;
#1043 = CARTESIAN_POINT ( 'NONE',  ( -6.381129419706733863, 31.10874586953201870, 17.31396765956023387 ) ) ;
#1044 = CARTESIAN_POINT ( 'NONE',  ( 4.737925785162140357, 23.84766064353916093, -13.54215436044368737 ) ) ;
#1045 = CARTESIAN_POINT ( 'NONE',  ( 17.41435922388530244, 32.41908921496772678, -6.094226812229655899 ) ) ;
#1046 = CARTESIAN_POINT ( 'NONE',  ( 6.222320663305056065, 8.283003988974879661, 16.87945762374062042 ) ) ;
#1047 = CARTESIAN_POINT ( 'NONE',  ( -15.45993546374941552, 40.75160301238915395, -10.07386143661146427 ) ) ;
#1048 = ORIENTED_EDGE ( 'NONE', *, *, #596, .F. ) ;
#1049 = CARTESIAN_POINT ( 'NONE',  ( 9.816491301159272709, 34.02623207211058087, 15.62165183812783198 ) ) ;
#1050 = CARTESIAN_POINT ( 'NONE',  ( -6.093016998895131486, 5.097660643539160930, 17.41478255588030777 ) ) ;
#1051 = CARTESIAN_POINT ( 'NONE',  ( 13.10433702068518791, 44.23374586953202225, 4.900024934696060264 ) ) ;
#1052 = CARTESIAN_POINT ( 'NONE',  ( -1.303674672971879112, 26.82303158381773045, -14.29094464983915458 ) ) ;
#1053 = CARTESIAN_POINT ( 'NONE',  ( 17.87417032769799263, 32.68694635782487268, -2.014564074794543913 ) ) ;
#1054 = CARTESIAN_POINT ( 'NONE',  ( 4.449813364350533540, 35.33657541754630671, -13.64296925676377015 ) ) ;
#1055 = CARTESIAN_POINT ( 'NONE',  ( -9.569313298882221375, 5.365517786396304167, 15.23064924101556450 ) ) ;
#1056 = CARTESIAN_POINT ( 'NONE',  ( -10.14444420047966489, 13.13337492925345273, 10.14535052776112423 ) ) ;
#1057 = CARTESIAN_POINT ( 'NONE',  ( -16.97815759830483273, 36.97266064353915738, -5.940252341621187426 ) ) ;
#1058 = CARTESIAN_POINT ( 'NONE',  ( 7.633634210424459887, 41.52623207211058798, 12.14765467937024113 ) ) ;
#1059 = CARTESIAN_POINT ( 'NONE',  ( 2.013322327617649510, 1.079803500682018358, -17.87431023900302307 ) ) ;
#1060 = CARTESIAN_POINT ( 'NONE',  ( -1.606996938753239457, 53.31194635782487268, -14.25676843841640462 ) ) ;
#1061 = CARTESIAN_POINT ( 'NONE',  ( -13.20262427707134734, 21.97266064353916093, -4.619136093800548792 ) ) ;
#1062 = CARTESIAN_POINT ( 'NONE',  ( 13.04560959886932103, 16.88337492925344918, -13.04651592615081412 ) ) ;
#1063 = CARTESIAN_POINT ( 'NONE',  ( 13.86600214567635447, 29.17586113183202556, -1.862423513677761822 ) ) ;
#1064 = CARTESIAN_POINT ( 'NONE',  ( -13.93264083057369085, 47.44803158381773756, 1.270988827084797990 ) ) ;
#1065 = CARTESIAN_POINT ( 'NONE',  ( 2.309039670914132092, 34.59088872667487635, -17.84099089655435932 ) ) ;
#1066 = CARTESIAN_POINT ( 'NONE',  ( 1.606996938753243453, 27.06194635782488689, 14.25676843841640640 ) ) ;
#1067 = CARTESIAN_POINT ( 'NONE',  ( 12.71941253312912679, 26.25837492925344918, 12.71852892936481716 ) ) ;
#1068 = CARTESIAN_POINT ( 'NONE',  ( 6.222320663305056065, 23.28300398897488321, 16.87945762374062042 ) ) ;
#1069 = CARTESIAN_POINT ( 'NONE',  ( -16.87987034191867508, 47.98374586953202936, -6.221141182516696233 ) ) ;
#1070 = CARTESIAN_POINT ( 'NONE',  ( 15.62233376509898797, 3.490517786396304167, 9.815406020601811221 ) ) ;
#1071 = CARTESIAN_POINT ( 'NONE',  ( -13.04560959886931926, 35.63337492925344918, 13.04651592615081768 ) ) ;
#1072 = CARTESIAN_POINT ( 'NONE',  ( -17.41435922388530244, 36.16908921496773388, 6.094226812229657675 ) ) ;
#1073 = CARTESIAN_POINT ( 'NONE',  ( -5.026038205973742734, 38.60874586953201515, 13.44133946412361524 ) ) ;
#1074 = CARTESIAN_POINT ( 'NONE',  ( 1.861181766500932033, 34.59088872667487635, -13.86614205698138669 ) ) ;
#1075 = CARTESIAN_POINT ( 'NONE',  ( 9.816491301159272709, 41.52623207211058798, 15.62165183812783198 ) ) ;
#1076 = CARTESIAN_POINT ( 'NONE',  ( -4.901204415484357035, 27.03300398897488321, -13.10392430250715812 ) ) ;
#1077 = CARTESIAN_POINT ( 'NONE',  ( -17.41435922388530244, 13.66908921496773210, 6.094226812229657675 ) ) ;
#1078 = CARTESIAN_POINT ( 'NONE',  ( 7.633634210424460775, 34.02623207211058087, 12.14765467937024468 ) ) ;
#1079 = CARTESIAN_POINT ( 'NONE',  ( -17.41435922388530244, 36.16908921496773388, 6.094226812229657675 ) ) ;
#1080 = CARTESIAN_POINT ( 'NONE',  ( -14.25691194780133131, 44.20480350068202569, -1.605723257734043230 ) ) ;
#1081 = CARTESIAN_POINT ( 'NONE',  ( 18.36815764293342212, 14.44371827468916614, 1.761776396859212168 ) ) ;
#1082 = CARTESIAN_POINT ( 'NONE',  ( 5.660542981514042893, 52.80517444096058455, 17.07603213651294638 ) ) ;
#1083 = CARTESIAN_POINT ( 'NONE',  ( 11.84308761446418856, 47.15123207211058798, -7.442243063128862524 ) ) ;
#1084 = CARTESIAN_POINT ( 'NONE',  ( -13.89932148812502000, 13.93694635782487623, 1.566706170381279684 ) ) ;
#1085 = CARTESIAN_POINT ( 'NONE',  ( 2.066372343659836464, 27.06194635782488689, 18.33383792212573837 ) ) ;
#1086 = CARTESIAN_POINT ( 'NONE',  ( 7.892089626434113825, 45.51514684611774442, 11.98525637802066512 ) ) ;
#1087 = CARTESIAN_POINT ( 'NONE',  ( -1.303674672971879112, 49.32303158381773756, -14.29094464983915458 ) ) ;
#1088 = CARTESIAN_POINT ( 'NONE',  ( -9.558035885149614330, 33.78731729810343865, -15.78405013947740798 ) ) ;
#1089 = CARTESIAN_POINT ( 'NONE',  ( -10.14444420047966489, 13.13337492925345273, 10.14535052776112423 ) ) ;
#1090 = CARTESIAN_POINT ( 'NONE',  ( -15.78473206644855864, 26.22943256040344906, -9.556950604592149290 ) ) ;
#1091 = CARTESIAN_POINT ( 'NONE',  ( -9.558035885149614330, 33.78731729810343865, -15.78405013947740798 ) ) ;
#1092 = CARTESIAN_POINT ( 'NONE',  ( 9.816491301159269156, 4.026232072110591531, 15.62165183812783020 ) ) ;
#1093 = CARTESIAN_POINT ( 'NONE',  ( -13.04560959886931926, 43.13337492925346339, 13.04651592615081768 ) ) ;
#1094 = CARTESIAN_POINT ( 'NONE',  ( 17.41435922388530244, 32.41908921496772678, -6.094226812229655899 ) ) ;
#1095 = CARTESIAN_POINT ( 'NONE',  ( 13.93264083057369085, 36.19803158381773756, -1.270988827084796213 ) ) ;
#1096 = CARTESIAN_POINT ( 'NONE',  ( -7.693160391943281162, 31.37660301238916460, 11.68542580722579594 ) ) ;
#1097 = CARTESIAN_POINT ( 'NONE',  ( 12.71941253312912679, 33.75837492925344918, 12.71852892936481716 ) ) ;
#1098 = CARTESIAN_POINT ( 'NONE',  ( -4.449813364350533540, 24.08657541754631026, 13.64296925676377015 ) ) ;
#1099 = CARTESIAN_POINT ( 'NONE',  ( 9.569313298882223151, 24.11551778639630683, -15.23064924101556095 ) ) ;
#1100 = CARTESIAN_POINT ( 'NONE',  ( -12.14833660634136869, 22.24051778639630328, -7.632548929867056131 ) ) ;
#1101 = CARTESIAN_POINT ( 'NONE',  ( -5.941431822409547259, 38.04408921496773388, -16.97774488012678518 ) ) ;
#1102 = CARTESIAN_POINT ( 'NONE',  ( 11.84308761446418856, 54.65123207211058798, -7.442243063128862524 ) ) ;
#1103 = CARTESIAN_POINT ( 'NONE',  ( -17.07644485469099394, 18.46157541754630671, -5.659363500725679508 ) ) ;
#1104 = CARTESIAN_POINT ( 'NONE',  ( -2.309039670914129427, 45.84088872667486925, 17.84099089655435932 ) ) ;
#1105 = CARTESIAN_POINT ( 'NONE',  ( 10.14444420047966666, 24.38337492925344918, -10.14535052776112245 ) ) ;
#1106 = CARTESIAN_POINT ( 'NONE',  ( -17.41435922388530244, 21.16908921496773033, 6.094226812229657675 ) ) ;
#1107 = CARTESIAN_POINT ( 'NONE',  ( 4.449813364350533540, 50.33657541754631382, -13.64296925676377015 ) ) ;
#1108 = CARTESIAN_POINT ( 'NONE',  ( -7.375178794414805061, 41.28731729810345996, -12.31005298071982068 ) ) ;
#1109 = PERSON_AND_ORGANIZATION ( #2938, #3299 ) ;
#1110 = CARTESIAN_POINT ( 'NONE',  ( 9.821288698004604356, 42.62660301238915395, -15.07232260413894842 ) ) ;
#1111 = CARTESIAN_POINT ( 'NONE',  ( -10.14444420047966489, 20.63337492925344563, 10.14535052776112423 ) ) ;
#1112 = CARTESIAN_POINT ( 'NONE',  ( -17.84085098524932178, 25.42586113183201846, 2.310281418091025163 ) ) ;
#1113 = CARTESIAN_POINT ( 'NONE',  ( 9.558035885149614330, 45.03731729810345286, 15.78405013947740443 ) ) ;
#1114 = CARTESIAN_POINT ( 'NONE',  ( -6.093016998895131486, 42.59766064353916448, 17.41478255588030777 ) ) ;
#1115 = CARTESIAN_POINT ( 'NONE',  ( 2.013322327617649510, 23.57980350068201858, -17.87431023900302307 ) ) ;
#1116 = CARTESIAN_POINT ( 'NONE',  ( 11.98593830499179269, 44.50160301238915395, 7.891004345876712733 ) ) ;
#1117 = CARTESIAN_POINT ( 'NONE',  ( 15.22998441137731085, 32.15123207211058798, -9.570371369190235455 ) ) ;
#1118 = CARTESIAN_POINT ( 'NONE',  ( 12.31073490769093581, 37.47943256040345261, 7.374093513857401305 ) ) ;
#1119 = CARTESIAN_POINT ( 'NONE',  ( -18.33398143151067217, 21.70480350068201858, -2.065098662640568961 ) ) ;
#1120 = CARTESIAN_POINT ( 'NONE',  ( 4.737925785162140357, 23.84766064353916093, -13.54215436044368737 ) ) ;
#1121 = CARTESIAN_POINT ( 'NONE',  ( -17.87417032769798908, 43.93694635782487268, 2.014564074794545689 ) ) ;
#1122 = CARTESIAN_POINT ( 'NONE',  ( 4.737925785162139469, 46.34766064353916448, -13.54215436044368914 ) ) ;
#1123 = CARTESIAN_POINT ( 'NONE',  ( -9.317337899759843722, 16.85443256040345261, 15.38897587789217702 ) ) ;
#1124 = CARTESIAN_POINT ( 'NONE',  ( 9.569313298882223151, 1.615517786396304167, -15.23064924101556095 ) ) ;
#1125 = CARTESIAN_POINT ( 'NONE',  ( 17.41435922388530244, 17.41908921496774099, -6.094226812229655899 ) ) ;
#1126 = CARTESIAN_POINT ( 'NONE',  ( 4.901204415484357924, 45.78300398897487611, 13.10392430250715812 ) ) ;
#1127 = CARTESIAN_POINT ( 'NONE',  ( -9.680558549703295768, 11.01946015524630162, -10.10052866329826671 ) ) ;
#1128 = CARTESIAN_POINT ( 'NONE',  ( -7.441184992820900845, 12.86551778639630506, 11.84375244410240846 ) ) ;
#1129 = CARTESIAN_POINT ( 'NONE',  ( -12.92983939180873953, 26.49728970326059141, -12.50810207068520441 ) ) ;
#1130 = CARTESIAN_POINT ( 'NONE',  ( 5.660542981514042893, 45.30517444096059165, 17.07603213651294638 ) ) ;
#1131 = CARTESIAN_POINT ( 'NONE',  ( -2.066372343659833799, 38.31194635782487268, -18.33383792212573837 ) ) ;
#1132 = CARTESIAN_POINT ( 'NONE',  ( -18.33398143151067217, 29.20480350068202213, -2.065098662640568961 ) ) ;
#1133 = CARTESIAN_POINT ( 'NONE',  ( 15.38831104825393048, 5.662317298103443974, -9.318395970067859579 ) ) ;
#1134 = CARTESIAN_POINT ( 'NONE',  ( 6.093016998895132375, 53.84766064353915738, -17.41478255588030777 ) ) ;
#1135 = CARTESIAN_POINT ( 'NONE',  ( -10.10141226706252482, 26.49728970326059141, -9.679674945939034103 ) ) ;
#1136 = CARTESIAN_POINT ( 'NONE',  ( -9.569313298882221375, 27.86551778639630683, 15.23064924101556450 ) ) ;
#1137 = CC_DESIGN_PERSON_AND_ORGANIZATION_ASSIGNMENT ( #1852, #123, ( #146 ) ) ;
#1138 = CARTESIAN_POINT ( 'NONE',  ( 14.25691194780133131, 25.45480350068202569, 1.605723257734044784 ) ) ;
#1139 = CARTESIAN_POINT ( 'NONE',  ( 10.14444420047966666, 54.38337492925344208, -10.14535052776112245 ) ) ;
#1140 = CARTESIAN_POINT ( 'NONE',  ( -1.717604984321164041, 8.818718274689166137, 17.90762958145168682 ) ) ;
#1141 = CARTESIAN_POINT ( 'NONE',  ( -9.680558549703295768, 11.01946015524630162, -10.10052866329826671 ) ) ;
#1142 = CARTESIAN_POINT ( 'NONE',  ( 15.62233376509898974, 25.99051778639631394, 9.815406020601812997 ) ) ;
#1143 = CARTESIAN_POINT ( 'NONE',  ( 13.86600214567635447, 51.67586113183202912, -1.862423513677761822 ) ) ;
#1144 = CARTESIAN_POINT ( 'NONE',  ( 12.00141425134080642, 13.16231729810344397, -7.190267664006485759 ) ) ;
#1145 = CARTESIAN_POINT ( 'NONE',  ( 11.84308761446418856, 39.65123207211058798, -7.442243063128862524 ) ) ;
#1146 = CARTESIAN_POINT ( 'NONE',  ( -5.804904578083523781, 24.08657541754631026, 17.51559745220038522 ) ) ;
#1147 = CARTESIAN_POINT ( 'NONE',  ( -9.558035885149614330, 48.78731729810344575, -15.78405013947740798 ) ) ;
#1148 = CARTESIAN_POINT ( 'NONE',  ( -16.97815759830483273, 36.97266064353915738, -5.940252341621187426 ) ) ;
#1149 = CARTESIAN_POINT ( 'NONE',  ( 17.87417032769799263, 32.68694635782487268, -2.014564074794543913 ) ) ;
#1150 = CARTESIAN_POINT ( 'NONE',  ( 7.375178794414805949, 52.53731729810344575, 12.31005298071981713 ) ) ;
#1151 = CARTESIAN_POINT ( 'NONE',  ( -12.71941253312912501, 52.50837492925344918, -12.71852892936481894 ) ) ;
#1152 = CARTESIAN_POINT ( 'NONE',  ( -4.901204415484357035, 49.53300398897488321, -13.10392430250715812 ) ) ;
#1153 = CARTESIAN_POINT ( 'NONE',  ( -13.04560959886931926, 28.13337492925345629, 13.04651592615081768 ) ) ;
#1154 = CARTESIAN_POINT ( 'NONE',  ( -9.890985408382910293, 30.00837492925344918, -9.890101804618650405 ) ) ;
#1155 = CARTESIAN_POINT ( 'NONE',  ( 15.45993546374941552, 7.001603012389157499, 10.07386143661146605 ) ) ;
#1156 = CARTESIAN_POINT ( 'NONE',  ( 12.14833660634136514, 55.99051778639630328, 7.632548929867058796 ) ) ;
#1157 = CARTESIAN_POINT ( 'NONE',  ( 17.31354432756522499, 13.90800398897487788, -6.382339233041259163 ) ) ;
#1158 = CARTESIAN_POINT ( 'NONE',  ( 5.026038205973743622, 12.35874586953201515, -13.44133946412361524 ) ) ;
#1159 = CARTESIAN_POINT ( 'NONE',  ( -13.30091153345750854, 40.96157541754630671, -4.338247252905039097 ) ) ;
#1160 = CARTESIAN_POINT ( 'NONE',  ( 7.693160391943282050, -2.373396987610842057, -11.68542580722579238 ) ) ;
#1161 = CARTESIAN_POINT ( 'NONE',  ( -10.07494671716892043, 34.26514684611774442, -15.45925353677825420 ) ) ;
#1162 = CARTESIAN_POINT ( 'NONE',  ( 9.558035885149614330, 52.53731729810344575, 15.78405013947740443 ) ) ;
#1163 = CARTESIAN_POINT ( 'NONE',  ( -15.62233376509898974, 59.74051778639631749, -9.815406020601807668 ) ) ;
#1164 = CARTESIAN_POINT ( 'NONE',  ( -17.41435922388530244, 51.16908921496773388, 6.094226812229657675 ) ) ;
#1165 = CARTESIAN_POINT ( 'NONE',  ( -15.38831104825392870, 1.912317298103443974, 9.318395970067859579 ) ) ;
#1166 = CARTESIAN_POINT ( 'NONE',  ( -2.066372343659833799, 53.31194635782487268, -18.33383792212573837 ) ) ;
#1167 = CARTESIAN_POINT ( 'NONE',  ( 13.30091153345750676, 44.71157541754630671, 4.338247252905039986 ) ) ;
#1168 = CARTESIAN_POINT ( 'NONE',  ( -2.066372343659833799, 38.31194635782487268, -18.33383792212573837 ) ) ;
#1169 = CARTESIAN_POINT ( 'NONE',  ( 7.633634210424460775, 41.52623207211058798, 12.14765467937024468 ) ) ;
#1170 = CARTESIAN_POINT ( 'NONE',  ( -5.660542981514041116, 11.55517444096058632, -17.07603213651294638 ) ) ;
#1171 = CARTESIAN_POINT ( 'NONE',  ( -9.816491301159269156, 0.2762320721105896992, -15.62165183812783198 ) ) ;
#1172 = CARTESIAN_POINT ( 'NONE',  ( 17.84085098524932178, 29.17586113183202556, -2.310281418091023387 ) ) ;
#1173 = CARTESIAN_POINT ( 'NONE',  ( -1.861181766500929369, 8.340888726674872800, 13.86614205698138669 ) ) ;
#1174 = CARTESIAN_POINT ( 'NONE',  ( -6.222320663305054289, 49.53300398897488321, -16.87945762374062042 ) ) ;
#1175 = CARTESIAN_POINT ( 'NONE',  ( 14.29108815922407594, 59.44371827468916791, 1.302400991952682663 ) ) ;
#1176 = CARTESIAN_POINT ( 'NONE',  ( 13.93264083057369085, 6.198031583817730450, -1.270988827084796213 ) ) ;
#1177 = CARTESIAN_POINT ( 'NONE',  ( 9.928605823046513734, 13.37228970326059674, -10.36118890519427360 ) ) ;
#1178 = DIRECTION ( 'NONE',  ( -0.7051471715689084929, -0.07439712935806902516, 0.7051471715689193731 ) ) ;
#1179 = CARTESIAN_POINT ( 'NONE',  ( 17.84085098524932178, 36.67586113183201491, -2.310281418091023387 ) ) ;
#1180 = CARTESIAN_POINT ( 'NONE',  ( 9.890985408382912070, 3.758374929253447405, 9.890101804618648629 ) ) ;
#1181 = CARTESIAN_POINT ( 'NONE',  ( -6.093016998895131486, 42.59766064353916448, 17.41478255588030777 ) ) ;
#1182 = CARTESIAN_POINT ( 'NONE',  ( 17.51517412020538700, 5.930174440960588989, -5.806114391418052634 ) ) ;
#1183 = CARTESIAN_POINT ( 'NONE',  ( 14.29108815922407594, 44.44371827468916791, 1.302400991952682663 ) ) ;
#1184 = CARTESIAN_POINT ( 'NONE',  ( -9.816491301159269156, 37.77623207211058798, -15.62165183812783198 ) ) ;
#1185 = CARTESIAN_POINT ( 'NONE',  ( -11.84308761446418679, 50.90123207211058798, 7.442243063128862524 ) ) ;
#1186 = CARTESIAN_POINT ( 'NONE',  ( 17.51517412020538700, 5.930174440960588989, -5.806114391418052634 ) ) ;
#1187 = CARTESIAN_POINT ( 'NONE',  ( 17.87417032769799263, 17.68694635782487623, -2.014564074794543913 ) ) ;
#1188 = CARTESIAN_POINT ( 'NONE',  ( 10.07494671716892043, 23.01514684611774442, 15.45925353677825420 ) ) ;
#1189 = CARTESIAN_POINT ( 'NONE',  ( -14.22273573637858668, 10.21588872667487280, -1.909045523515404463 ) ) ;
#1190 = CARTESIAN_POINT ( 'NONE',  ( 5.804904578083527333, 35.33657541754630671, -17.51559745220038522 ) ) ;
#1191 = CARTESIAN_POINT ( 'NONE',  ( 13.86600214567635447, 59.17586113183203622, -1.862423513677761822 ) ) ;
#1192 = CARTESIAN_POINT ( 'NONE',  ( 4.339426733693342975, 7.805174440960587212, 13.30049881527948408 ) ) ;
#1193 = CARTESIAN_POINT ( 'NONE',  ( 1.269747079907966647, 12.56871827468916436, -13.93278074187870885 ) ) ;
#1194 = CARTESIAN_POINT ( 'NONE',  ( 15.62233376509898797, 55.99051778639630328, 9.815406020601811221 ) ) ;
#1195 = CARTESIAN_POINT ( 'NONE',  ( -6.222320663305054289, 42.03300398897489032, -16.87945762374062042 ) ) ;
#1196 = CARTESIAN_POINT ( 'NONE',  ( -13.20262427707134734, 6.972660643539161818, -4.619136093800548792 ) ) ;
#1197 = CARTESIAN_POINT ( 'NONE',  ( 18.33398143151067217, 47.95480350068203279, 2.065098662640570737 ) ) ;
#1198 = CARTESIAN_POINT ( 'NONE',  ( 5.660542981514042893, 7.805174440960587212, 17.07603213651294638 ) ) ;
#1199 = CARTESIAN_POINT ( 'NONE',  ( 4.901204415484357924, 45.78300398897487611, 13.10392430250715812 ) ) ;
#1200 = CARTESIAN_POINT ( 'NONE',  ( 5.941431822409549035, 49.29408921496773388, 16.97774488012678518 ) ) ;
#1201 = CARTESIAN_POINT ( 'NONE',  ( -4.620315574588849117, 45.54408921496773388, -13.20221155889332287 ) ) ;
#1202 = CARTESIAN_POINT ( 'NONE',  ( 18.29980522008792931, -1.034111273325127422, 2.368420928421932636 ) ) ;
#1203 = CARTESIAN_POINT ( 'NONE',  ( -9.816491301159269156, 7.776232072110592419, -15.62165183812783198 ) ) ;
#1204 = CARTESIAN_POINT ( 'NONE',  ( 17.07644485469099038, 29.71157541754631026, 5.659363500725681284 ) ) ;
#1205 = CARTESIAN_POINT ( 'NONE',  ( 1.303674672971881554, 0.5730315838177293397, 14.29094464983915458 ) ) ;
#1206 = CARTESIAN_POINT ( 'NONE',  ( 1.717604984321167372, 35.06871827468916081, -17.90762958145169037 ) ) ;
#1207 = CARTESIAN_POINT ( 'NONE',  ( -9.816491301159269156, 7.776232072110592419, -15.62165183812783198 ) ) ;
#1208 = CARTESIAN_POINT ( 'NONE',  ( 11.98593830499179269, 29.50160301238915750, 7.891004345876712733 ) ) ;
#1209 = CARTESIAN_POINT ( 'NONE',  ( -1.565464423204447009, 34.82980350068201858, 13.89946139943004866 ) ) ;
#1210 = CARTESIAN_POINT ( 'NONE',  ( -13.30091153345750854, 18.46157541754630671, -4.338247252905039097 ) ) ;
#1211 = CARTESIAN_POINT ( 'NONE',  ( 9.816491301159269156, 56.52623207211058798, 15.62165183812783020 ) ) ;
#1212 = CARTESIAN_POINT ( 'NONE',  ( -15.07165777450069477, 32.39014684611773731, 9.822346768312614884 ) ) ;
#1213 = CARTESIAN_POINT ( 'NONE',  ( -14.25691194780133131, 6.704803500682018580, -1.605723257734043230 ) ) ;
#1214 = CARTESIAN_POINT ( 'NONE',  ( -6.093016998895131486, 50.09766064353916448, 17.41478255588030777 ) ) ;
#1215 = CARTESIAN_POINT ( 'NONE',  ( -13.26144797630246863, 16.64446015524630340, 12.83067754871767185 ) ) ;
#1216 = CARTESIAN_POINT ( 'NONE',  ( -7.189209593698521417, 54.35443256040345261, 12.00207908097901921 ) ) ;
#1217 = CARTESIAN_POINT ( 'NONE',  ( 2.013322327617649510, 38.57980350068201858, -17.87431023900302307 ) ) ;
#1218 = CARTESIAN_POINT ( 'NONE',  ( -12.14833660634136869, 44.74051778639631749, -7.632548929867056131 ) ) ;
#1219 = CARTESIAN_POINT ( 'NONE',  ( -13.26144797630246863, 9.144460155246301625, 12.83067754871767185 ) ) ;
#1220 = CARTESIAN_POINT ( 'NONE',  ( -13.04560959886931926, 13.13337492925345273, 13.04651592615081768 ) ) ;
#1221 = CARTESIAN_POINT ( 'NONE',  ( -12.82977122143616278, 32.12228970326059141, 13.26235430358396883 ) ) ;
#1222 = CARTESIAN_POINT ( 'NONE',  ( -11.98593830499178914, 18.25160301238915750, -7.891004345876712733 ) ) ;
#1223 = CARTESIAN_POINT ( 'NONE',  ( -17.84085098524932178, 40.42586113183202912, 2.310281418091025163 ) ) ;
#1224 = CARTESIAN_POINT ( 'NONE',  ( -17.87417032769798908, 6.436946357824876230, 2.014564074794545689 ) ) ;
#1225 = CARTESIAN_POINT ( 'NONE',  ( 1.303674672971881554, 30.57303158381773400, 14.29094464983915458 ) ) ;
#1226 = CARTESIAN_POINT ( 'NONE',  ( 10.14444420047966666, 31.88337492925345629, -10.14535052776112423 ) ) ;
#1227 = CARTESIAN_POINT ( 'NONE',  ( 10.10141226706252660, 7.747289703260593186, 9.679674945939028774 ) ) ;
#1228 = CARTESIAN_POINT ( 'NONE',  ( -2.066372343659833355, 53.31194635782487268, -18.33383792212573837 ) ) ;
#1229 = CARTESIAN_POINT ( 'NONE',  ( 15.78473206644855686, 37.47943256040345261, 9.556950604592154619 ) ) ;
#1230 = PERSON_AND_ORGANIZATION ( #2938, #3299 ) ;
#1231 = CARTESIAN_POINT ( 'NONE',  ( 17.90748967014665993, 13.69803158381773045, -1.718846731498061331 ) ) ;
#1232 = CARTESIAN_POINT ( 'NONE',  ( 7.441184992820901734, 9.115517786396303279, -11.84375244410240668 ) ) ;
#1233 = CARTESIAN_POINT ( 'NONE',  ( 2.066372343659836464, 42.06194635782487268, 18.33383792212573837 ) ) ;
#1234 = CARTESIAN_POINT ( 'NONE',  ( 14.25691194780133131, 47.95480350068203279, 1.605723257734044784 ) ) ;
#1235 = CARTESIAN_POINT ( 'NONE',  ( 1.763050077878475008, 15.57303158381773400, 18.36801413354849544 ) ) ;
#1236 = CARTESIAN_POINT ( 'NONE',  ( -12.71941253312912501, 15.00837492925344741, -12.71852892936481894 ) ) ;
#1237 = CARTESIAN_POINT ( 'NONE',  ( -11.98593830499178914, 33.25160301238917526, -7.891004345876712733 ) ) ;
#1238 = CARTESIAN_POINT ( 'NONE',  ( -5.804904578083523781, 39.08657541754632092, 17.51559745220038522 ) ) ;
#1239 = CARTESIAN_POINT ( 'NONE',  ( 15.62233376509898797, 18.49051778639630683, 9.815406020601811221 ) ) ;
#1240 = CARTESIAN_POINT ( 'NONE',  ( 7.633634210424460775, 41.52623207211058798, 12.14765467937024468 ) ) ;
#1241 = CARTESIAN_POINT ( 'NONE',  ( 9.928605823046513734, 20.87228970326059496, -10.36118890519427360 ) ) ;
#1242 = CARTESIAN_POINT ( 'NONE',  ( -9.569313298882221375, 57.86551778639630328, 15.23064924101556450 ) ) ;
#1243 = CARTESIAN_POINT ( 'NONE',  ( 17.84085098524932178, 51.67586113183202912, -2.310281418091023387 ) ) ;
#1244 = DIRECTION ( 'NONE',  ( 0.000000000000000000, 0.000000000000000000, 1.000000000000000000 ) ) ;
#1245 = CARTESIAN_POINT ( 'NONE',  ( 16.87987034191867508, 14.23374586953201693, 6.221141182516698009 ) ) ;
#1246 = CARTESIAN_POINT ( 'NONE',  ( -14.25691194780133308, 6.704803500682018580, -1.605723257734043008 ) ) ;
#1247 = CARTESIAN_POINT ( 'NONE',  ( 17.07644485469099038, 7.211575417546307598, 5.659363500725681284 ) ) ;
#1248 = CARTESIAN_POINT ( 'NONE',  ( -11.84308761446418679, 58.40123207211059508, 7.442243063128862524 ) ) ;
#1249 = CARTESIAN_POINT ( 'NONE',  ( 18.29980522008792931, 13.96588872667487280, 2.368420928421932636 ) ) ;
#1250 = CARTESIAN_POINT ( 'NONE',  ( -18.33398143151067217, 14.20480350068201680, -2.065098662640568961 ) ) ;
#1251 = CARTESIAN_POINT ( 'NONE',  ( 13.64254592476879147, 28.43017444096059165, -4.451023177684999332 ) ) ;
#1252 = CARTESIAN_POINT ( 'NONE',  ( -9.928605823046511958, 9.622289703260596738, 10.36118890519427360 ) ) ;
#1253 = CARTESIAN_POINT ( 'NONE',  ( -17.07644485469099394, 55.96157541754632092, -5.659363500725679508 ) ) ;
#1254 = CARTESIAN_POINT ( 'NONE',  ( -9.569313298882221375, 20.36551778639630683, 15.23064924101556450 ) ) ;
#1255 = CARTESIAN_POINT ( 'NONE',  ( -7.441184992820900845, 35.36551778639630328, 11.84375244410240846 ) ) ;
#1256 = ADVANCED_FACE ( 'NONE', ( #2388 ), #940, .T. ) ;
#1257 = CARTESIAN_POINT ( 'NONE',  ( 7.892089626434113825, 23.01514684611774442, 11.98525637802066512 ) ) ;
#1258 = CARTESIAN_POINT ( 'NONE',  ( 9.816491301159272709, 4.026232072110592419, 15.62165183812783198 ) ) ;
#1259 = CARTESIAN_POINT ( 'NONE',  ( 17.31354432756522499, 51.40800398897486900, -6.382339233041259163 ) ) ;
#1260 = CARTESIAN_POINT ( 'NONE',  ( -17.87417032769798908, 58.93694635782487978, 2.014564074794545689 ) ) ;
#1261 = CARTESIAN_POINT ( 'NONE',  ( -6.381129419706733863, 16.10874586953201515, 17.31396765956023387 ) ) ;
#1262 = CARTESIAN_POINT ( 'NONE',  ( 1.606996938753243453, 4.561946357824875342, 14.25676843841640640 ) ) ;
#1263 = CARTESIAN_POINT ( 'NONE',  ( 5.804904578083527333, 12.83657541754630849, -17.51559745220038522 ) ) ;
#1264 = CARTESIAN_POINT ( 'NONE',  ( -10.14444420047966489, 58.13337492925346339, 10.14535052776112423 ) ) ;
#1265 = CARTESIAN_POINT ( 'NONE',  ( 18.29980522008792931, 21.46588872667487635, 2.368420928421932636 ) ) ;
#1266 = CARTESIAN_POINT ( 'NONE',  ( 6.093016998895132375, 31.34766064353916448, -17.41478255588030777 ) ) ;
#1267 = CARTESIAN_POINT ( 'NONE',  ( -7.693160391943281162, 23.87660301238915750, 11.68542580722579594 ) ) ;
#1268 = CARTESIAN_POINT ( 'NONE',  ( 11.68476097758757071, 13.64014684611773909, -7.694218462251239288 ) ) ;
#1269 = CARTESIAN_POINT ( 'NONE',  ( 12.71941253312912679, 11.25837492925344918, 12.71852892936481716 ) ) ;
#1270 = CARTESIAN_POINT ( 'NONE',  ( 9.890985408382912070, 11.25837492925344918, 9.890101804618648629 ) ) ;
#1271 = CARTESIAN_POINT ( 'NONE',  ( 17.84085098524932178, 51.67586113183202912, -2.310281418091023387 ) ) ;
#1272 = CARTESIAN_POINT ( 'NONE',  ( -9.890985408382910293, 30.00837492925344918, -9.890101804618650405 ) ) ;
#1273 = CARTESIAN_POINT ( 'NONE',  ( 18.33398143151067217, 10.45480350068201858, 2.065098662640570293 ) ) ;
#1274 = CARTESIAN_POINT ( 'NONE',  ( 9.890985408382912070, 56.25837492925344208, 9.890101804618648629 ) ) ;
#1275 = CARTESIAN_POINT ( 'NONE',  ( -13.54173102844871401, 6.169089214967733881, 4.739135598496604374 ) ) ;
#1276 = CARTESIAN_POINT ( 'NONE',  ( 4.449813364350533540, 35.33657541754630671, -13.64296925676377015 ) ) ;
#1277 = CARTESIAN_POINT ( 'NONE',  ( -13.04560959886931926, 5.633374929253450070, 13.04651592615081768 ) ) ;
#1278 = CARTESIAN_POINT ( 'NONE',  ( -17.07644485469099394, 55.96157541754632092, -5.659363500725679508 ) ) ;
#1279 = PERSON_AND_ORGANIZATION_ROLE ( 'creator' ) ;
#1280 = CARTESIAN_POINT ( 'NONE',  ( 18.29980522008792931, 36.46588872667487635, 2.368420928421932636 ) ) ;
#1281 = CARTESIAN_POINT ( 'NONE',  ( -13.54173102844871579, 6.169089214967734769, 4.739135598496603485 ) ) ;
#1282 = CARTESIAN_POINT ( 'NONE',  ( -18.33398143151067217, 29.20480350068202213, -2.065098662640568961 ) ) ;
#1283 = CARTESIAN_POINT ( 'NONE',  ( -12.92983939180873953, 3.997289703260593186, -12.50810207068520441 ) ) ;
#1284 = CARTESIAN_POINT ( 'NONE',  ( 13.54173102844871401, 54.91908921496773388, -4.739135598496600821 ) ) ;
#1285 = CARTESIAN_POINT ( 'NONE',  ( -9.558035885149614330, 18.78731729810344575, -15.78405013947740798 ) ) ;
#1286 = CARTESIAN_POINT ( 'NONE',  ( 6.093016998895132375, 23.84766064353916093, -17.41478255588030777 ) ) ;
#1287 = CARTESIAN_POINT ( 'NONE',  ( -15.22998441137730907, 13.40123207211059153, 9.570371369190237232 ) ) ;
#1288 = CARTESIAN_POINT ( 'NONE',  ( -7.375178794414805061, 26.28731729810344930, -12.31005298071982068 ) ) ;
#1289 = CARTESIAN_POINT ( 'NONE',  ( -14.22273573637858668, 25.21588872667487635, -1.909045523515404463 ) ) ;
#1290 = CARTESIAN_POINT ( 'NONE',  ( -1.269747079907964649, 16.31871827468916436, 13.93278074187870885 ) ) ;
#1291 = CARTESIAN_POINT ( 'NONE',  ( 16.97815759830482918, 18.22266064353916093, 5.940252341621189203 ) ) ;
#1292 = CARTESIAN_POINT ( 'NONE',  ( 11.84308761446418856, 17.15123207211059153, -7.442243063128862524 ) ) ;
#1293 = CARTESIAN_POINT ( 'NONE',  ( 15.78473206644855686, 52.47943256040345972, 9.556950604592154619 ) ) ;
#1294 = CARTESIAN_POINT ( 'NONE',  ( -11.84308761446418679, 28.40123207211059153, 7.442243063128862524 ) ) ;
#1295 = CARTESIAN_POINT ( 'NONE',  ( -17.41435922388530244, 6.169089214967733881, 6.094226812229657675 ) ) ;
#1296 = CARTESIAN_POINT ( 'NONE',  ( -11.84308761446418679, 58.40123207211059508, 7.442243063128862524 ) ) ;
#1297 = CARTESIAN_POINT ( 'NONE',  ( 9.890985408382912070, 18.75837492925344563, 9.890101804618648629 ) ) ;
#1298 = CARTESIAN_POINT ( 'NONE',  ( 11.68476097758757071, 21.14014684611773731, -7.694218462251239288 ) ) ;
#1299 = CARTESIAN_POINT ( 'NONE',  ( -5.026038205973742734, 53.60874586953201515, 13.44133946412361524 ) ) ;
#1300 = CARTESIAN_POINT ( 'NONE',  ( -17.41435922388530244, 6.169089214967734769, 6.094226812229657675 ) ) ;
#1301 = CARTESIAN_POINT ( 'NONE',  ( 12.92983939180874131, 60.24728970326059851, 12.50810207068520441 ) ) ;
#1302 = CARTESIAN_POINT ( 'NONE',  ( -9.558035885149614330, 41.28731729810345996, -15.78405013947740798 ) ) ;
#1303 = CARTESIAN_POINT ( 'NONE',  ( 14.25691194780133131, 10.45480350068201858, 1.605723257734044784 ) ) ;
#1304 = CARTESIAN_POINT ( 'NONE',  ( -17.87417032769798908, 28.93694635782487623, 2.014564074794545689 ) ) ;
#1305 = CARTESIAN_POINT ( 'NONE',  ( -1.717604984321164041, 8.818718274689166137, 17.90762958145168682 ) ) ;
#1306 = CARTESIAN_POINT ( 'NONE',  ( -15.38831104825392870, 24.41231729810344575, 9.318395970067859579 ) ) ;
#1307 = EDGE_LOOP ( 'NONE', ( #2827, #1617 ) ) ;
#1308 = CARTESIAN_POINT ( 'NONE',  ( -2.066372343659833799, 23.31194635782487623, -18.33383792212573837 ) ) ;
#1309 = CARTESIAN_POINT ( 'NONE',  ( 18.33398143151067217, 17.95480350068202569, 2.065098662640570737 ) ) ;
#1310 = CARTESIAN_POINT ( 'NONE',  ( 1.861181766500932033, 42.09088872667488346, -13.86614205698138669 ) ) ;
#1311 = CARTESIAN_POINT ( 'NONE',  ( -1.861181766500929369, 23.34088872667487635, 13.86614205698138669 ) ) ;
#1312 = CARTESIAN_POINT ( 'NONE',  ( -12.71941253312912501, 37.50837492925344208, -12.71852892936481894 ) ) ;
#1313 = CARTESIAN_POINT ( 'NONE',  ( 13.30091153345750676, 14.71157541754630671, 4.338247252905039986 ) ) ;
#1314 = CARTESIAN_POINT ( 'NONE',  ( 5.941431822409549035, 4.294089214967732993, 16.97774488012678518 ) ) ;
#1315 = CARTESIAN_POINT ( 'NONE',  ( -7.441184992820900845, 12.86551778639630506, 11.84375244410240846 ) ) ;
#1316 = CARTESIAN_POINT ( 'NONE',  ( 10.07494671716892043, 60.51514684611774442, 15.45925353677825420 ) ) ;
#1317 = CARTESIAN_POINT ( 'NONE',  ( 4.620315574588850005, 34.29408921496773388, 13.20221155889332287 ) ) ;
#1318 = CARTESIAN_POINT ( 'NONE',  ( -1.763050077878471233, 49.32303158381773756, -18.36801413354849544 ) ) ;
#1319 = CARTESIAN_POINT ( 'NONE',  ( 4.620315574588850005, 49.29408921496773388, 13.20221155889332287 ) ) ;
#1320 = CARTESIAN_POINT ( 'NONE',  ( 7.441184992820901734, 24.11551778639630683, -11.84375244410240668 ) ) ;
#1321 = CARTESIAN_POINT ( 'NONE',  ( -14.29108815922407594, 25.69371827468917147, -1.302400991952681997 ) ) ;
#1322 = CARTESIAN_POINT ( 'NONE',  ( -13.10433702068519146, 40.48374586953202225, -4.900024934696059375 ) ) ;
#1323 = CARTESIAN_POINT ( 'NONE',  ( 2.013322327617649510, 8.579803500682018580, -17.87431023900302307 ) ) ;
#1324 = CARTESIAN_POINT ( 'NONE',  ( -10.10141226706252482, 3.997289703260593186, -9.679674945939034103 ) ) ;
#1325 = CARTESIAN_POINT ( 'NONE',  ( -9.821288698004600803, 31.37660301238916460, 15.07232260413895020 ) ) ;
#1326 = CARTESIAN_POINT ( 'NONE',  ( 13.54173102844871401, 17.41908921496774099, -4.739135598496600821 ) ) ;
#1327 = CARTESIAN_POINT ( 'NONE',  ( -12.71941253312912501, 22.50837492925344918, -12.71852892936481894 ) ) ;
#1328 = CARTESIAN_POINT ( 'NONE',  ( 17.41435922388530244, 54.91908921496773388, -6.094226812229655899 ) ) ;
#1329 = CARTESIAN_POINT ( 'NONE',  ( 17.90748967014665993, 36.19803158381773756, -1.718846731498061331 ) ) ;
#1330 = ORIENTED_EDGE ( 'NONE', *, *, #973, .T. ) ;
#1331 = CARTESIAN_POINT ( 'NONE',  ( 15.22998441137731085, 32.15123207211058798, -9.570371369190235455 ) ) ;
#1332 = CARTESIAN_POINT ( 'NONE',  ( -6.093016998895131486, 12.59766064353916626, 17.41478255588030777 ) ) ;
#1333 = CARTESIAN_POINT ( 'NONE',  ( 7.693160391943282050, 50.12660301238916816, -11.68542580722579238 ) ) ;
#1334 = CARTESIAN_POINT ( 'NONE',  ( 13.10433702068518791, 21.73374586953201870, 4.900024934696060264 ) ) ;
#1335 = CARTESIAN_POINT ( 'NONE',  ( -9.569313298882221375, 35.36551778639630328, 15.23064924101556450 ) ) ;
#1336 = CARTESIAN_POINT ( 'NONE',  ( -10.10141226706252482, 18.99728970326059496, -9.679674945939034103 ) ) ;
#1337 = CARTESIAN_POINT ( 'NONE',  ( -2.066372343659833799, 15.81194635782488511, -18.33383792212573837 ) ) ;
#1338 = CARTESIAN_POINT ( 'NONE',  ( 12.14833660634136869, 10.99051778639630328, 7.632548929867059684 ) ) ;
#1339 = CARTESIAN_POINT ( 'NONE',  ( -9.569313298882221375, 50.36551778639630328, 15.23064924101556450 ) ) ;
#1340 = CARTESIAN_POINT ( 'NONE',  ( -7.441184992820900845, 35.36551778639630328, 11.84375244410240846 ) ) ;
#1341 = CARTESIAN_POINT ( 'NONE',  ( 17.41435922388530244, 2.419089214967733437, -6.094226812229655899 ) ) ;
#1342 = CARTESIAN_POINT ( 'NONE',  ( 7.441184992820901734, 46.61551778639630328, -11.84375244410240668 ) ) ;
#1343 = CARTESIAN_POINT ( 'NONE',  ( 13.54173102844871224, 17.41908921496773743, -4.739135598496601709 ) ) ;
#1344 = CARTESIAN_POINT ( 'NONE',  ( 6.093016998895132375, 23.84766064353916093, -17.41478255588030777 ) ) ;
#1345 = CARTESIAN_POINT ( 'NONE',  ( 13.86600214567635447, 21.67586113183202201, -1.862423513677761822 ) ) ;
#1346 = CARTESIAN_POINT ( 'NONE',  ( -11.98593830499178914, 40.75160301238915395, -7.891004345876712733 ) ) ;
#1347 = CARTESIAN_POINT ( 'NONE',  ( -2.309039670914129427, 30.84088872667487280, 17.84099089655435932 ) ) ;
#1348 = CARTESIAN_POINT ( 'NONE',  ( -14.25691194780133308, 21.70480350068201858, -1.605723257734043008 ) ) ;
#1349 = CARTESIAN_POINT ( 'NONE',  ( -2.066372343659833355, 30.81194635782487623, -18.33383792212573837 ) ) ;
#1350 = CARTESIAN_POINT ( 'NONE',  ( 18.36815764293342212, 14.44371827468916614, 1.761776396859212168 ) ) ;
#1351 = CARTESIAN_POINT ( 'NONE',  ( -13.26144797630246863, 39.14446015524631406, 12.83067754871767185 ) ) ;
#1352 = CARTESIAN_POINT ( 'NONE',  ( 13.04560959886932103, 24.38337492925344918, -13.04651592615081412 ) ) ;
#1353 = CARTESIAN_POINT ( 'NONE',  ( -15.62233376509898974, 29.74051778639630683, -9.815406020601807668 ) ) ;
#1354 = CARTESIAN_POINT ( 'NONE',  ( 7.693160391943282050, 35.12660301238916816, -11.68542580722579238 ) ) ;
#1355 = CARTESIAN_POINT ( 'NONE',  ( 9.680558549703299320, 37.26946015524629985, 10.10052866329826493 ) ) ;
#1356 = CARTESIAN_POINT ( 'NONE',  ( -2.066372343659833799, 38.31194635782487268, -18.33383792212573837 ) ) ;
#1357 = CARTESIAN_POINT ( 'NONE',  ( -7.189209593698521417, 31.85443256040344551, 12.00207908097901921 ) ) ;
#1358 = CARTESIAN_POINT ( 'NONE',  ( 15.22998441137731085, 17.15123207211059153, -9.570371369190235455 ) ) ;
#1359 = CARTESIAN_POINT ( 'NONE',  ( 1.606996938753243453, 4.561946357824875342, 14.25676843841640640 ) ) ;
#1360 = CARTESIAN_POINT ( 'NONE',  ( -13.04560959886931748, 43.13337492925345629, 13.04651592615081768 ) ) ;
#1361 = CARTESIAN_POINT ( 'NONE',  ( -13.20262427707134734, 36.97266064353915738, -4.619136093800548792 ) ) ;
#1362 = CARTESIAN_POINT ( 'NONE',  ( 1.717604984321167372, 5.068718274689164360, -17.90762958145169037 ) ) ;
#1363 = CARTESIAN_POINT ( 'NONE',  ( 1.763050077878475008, 45.57303158381773045, 18.36801413354849544 ) ) ;
#1364 = CARTESIAN_POINT ( 'NONE',  ( 5.026038205973743622, -2.641254130467984851, -13.44133946412361524 ) ) ;
#1365 = CARTESIAN_POINT ( 'NONE',  ( -1.606996938753239457, 23.31194635782487623, -14.25676843841640284 ) ) ;
#1366 = CARTESIAN_POINT ( 'NONE',  ( 16.97815759830482918, 25.72266064353916448, 5.940252341621189203 ) ) ;
#1367 = CARTESIAN_POINT ( 'NONE',  ( -7.189209593698521417, 39.35443256040345261, 12.00207908097901921 ) ) ;
#1368 = CARTESIAN_POINT ( 'NONE',  ( -14.22273573637858668, 40.21588872667488346, -1.909045523515404463 ) ) ;
#1369 = CARTESIAN_POINT ( 'NONE',  ( -9.821288698004600803, 38.87660301238915395, 15.07232260413895020 ) ) ;
#1370 = CARTESIAN_POINT ( 'NONE',  ( 13.20262427707134556, 10.72266064353916093, 4.619136093800549681 ) ) ;
#1371 = CARTESIAN_POINT ( 'NONE',  ( 2.066372343659835575, 27.06194635782487978, 18.33383792212573837 ) ) ;
#1372 = CARTESIAN_POINT ( 'NONE',  ( 17.07644485469099038, 29.71157541754631026, 5.659363500725681284 ) ) ;
#1373 = CARTESIAN_POINT ( 'NONE',  ( -17.90748967014665993, 32.44803158381773045, 1.718846731498061331 ) ) ;
#1374 = CARTESIAN_POINT ( 'NONE',  ( 2.013322327617649510, 1.079803500682018358, -17.87431023900302307 ) ) ;
#1375 = CARTESIAN_POINT ( 'NONE',  ( -16.97815759830483273, 51.97266064353916448, -5.940252341621187426 ) ) ;
#1376 = CARTESIAN_POINT ( 'NONE',  ( -9.816491301159269156, 30.27623207211059153, -15.62165183812783198 ) ) ;
#1377 = CARTESIAN_POINT ( 'NONE',  ( -11.98593830499178914, 48.25160301238916105, -7.891004345876712733 ) ) ;
#1378 = CARTESIAN_POINT ( 'NONE',  ( -7.693160391943281162, 38.87660301238915395, 11.68542580722579594 ) ) ;
#1379 = CARTESIAN_POINT ( 'NONE',  ( 2.013322327617649510, 31.07980350068201858, -17.87431023900302307 ) ) ;
#1380 = CARTESIAN_POINT ( 'NONE',  ( -7.892089626434113825, 26.76514684611773731, -11.98525637802066512 ) ) ;
#1381 = CARTESIAN_POINT ( 'NONE',  ( 9.816491301159272709, 34.02623207211058087, 15.62165183812783198 ) ) ;
#1382 = CARTESIAN_POINT ( 'NONE',  ( 4.620315574588850005, 34.29408921496773388, 13.20221155889332287 ) ) ;
#1383 = CIRCLE ( 'NONE', #3749, 2.000000000000001332 ) ;
#1384 = CARTESIAN_POINT ( 'NONE',  ( 13.04560959886931926, 39.38337492925344208, -13.04651592615081412 ) ) ;
#1385 = CARTESIAN_POINT ( 'NONE',  ( 11.84308761446418856, 47.15123207211058798, -7.442243063128862524 ) ) ;
#1386 = CARTESIAN_POINT ( 'NONE',  ( 5.804904578083527333, 5.336575417546307598, -17.51559745220038522 ) ) ;
#1387 = CARTESIAN_POINT ( 'NONE',  ( 9.816491301159272709, 4.026232072110592419, 15.62165183812783198 ) ) ;
#1388 = CARTESIAN_POINT ( 'NONE',  ( 4.737925785162139469, 23.84766064353916093, -13.54215436044368914 ) ) ;
#1389 = CARTESIAN_POINT ( 'NONE',  ( -9.569313298882221375, 20.36551778639630683, 15.23064924101556450 ) ) ;
#1390 = CARTESIAN_POINT ( 'NONE',  ( -9.928605823046511958, 54.62228970326059141, 10.36118890519427360 ) ) ;
#1391 = CARTESIAN_POINT ( 'NONE',  ( 1.303674672971881554, 53.07303158381773756, 14.29094464983915458 ) ) ;
#1392 = CARTESIAN_POINT ( 'NONE',  ( 17.51517412020538700, 43.43017444096059165, -5.806114391418052634 ) ) ;
#1393 = CARTESIAN_POINT ( 'NONE',  ( -7.441184992820900845, 20.36551778639630683, 11.84375244410240846 ) ) ;
#1394 = CARTESIAN_POINT ( 'NONE',  ( -15.07165777450069477, 17.39014684611773731, 9.822346768312614884 ) ) ;
#1395 = CARTESIAN_POINT ( 'NONE',  ( 2.309039670914132092, 42.09088872667488346, -17.84099089655435932 ) ) ;
#1396 = CARTESIAN_POINT ( 'NONE',  ( -2.013322327617646401, 4.829803500682018580, 17.87431023900302307 ) ) ;
#1397 = CARTESIAN_POINT ( 'NONE',  ( -15.22998441137730907, 35.90123207211058798, 9.570371369190237232 ) ) ;
#1398 = CARTESIAN_POINT ( 'NONE',  ( -2.066372343659833799, 30.81194635782487623, -18.33383792212573837 ) ) ;
#1399 = CARTESIAN_POINT ( 'NONE',  ( 12.00141425134080642, 50.66231729810344575, -7.190267664006485759 ) ) ;
#1400 = CARTESIAN_POINT ( 'NONE',  ( -17.41435922388530244, 36.16908921496773388, 6.094226812229657675 ) ) ;
#1401 = CARTESIAN_POINT ( 'NONE',  ( 13.86600214567635447, 36.67586113183201491, -1.862423513677761822 ) ) ;
#1402 = CARTESIAN_POINT ( 'NONE',  ( 13.04560959886932103, 24.38337492925344918, -13.04651592615081412 ) ) ;
#1403 = CARTESIAN_POINT ( 'NONE',  ( 13.20262427707134556, 18.22266064353916093, 4.619136093800549681 ) ) ;
#1404 = CARTESIAN_POINT ( 'NONE',  ( 6.093016998895131486, 38.84766064353915738, -17.41478255588030777 ) ) ;
#1405 = CARTESIAN_POINT ( 'NONE',  ( 2.013322327617649510, 1.079803500682018358, -17.87431023900302307 ) ) ;
#1406 = CARTESIAN_POINT ( 'NONE',  ( -17.07644485469099394, 10.96157541754630671, -5.659363500725679508 ) ) ;
#1407 = CARTESIAN_POINT ( 'NONE',  ( 12.71941253312912679, 3.758374929253446961, 12.71852892936481716 ) ) ;
#1408 = CARTESIAN_POINT ( 'NONE',  ( -1.565464423204447009, 27.32980350068201858, 13.89946139943004866 ) ) ;
#1409 = CARTESIAN_POINT ( 'NONE',  ( -2.013322327617646401, 19.82980350068201858, 17.87431023900302307 ) ) ;
#1410 = CARTESIAN_POINT ( 'NONE',  ( 13.86600214567635447, 44.17586113183202912, -1.862423513677761822 ) ) ;
#1411 = CARTESIAN_POINT ( 'NONE',  ( -4.339426733693341198, 4.055174440960587212, -13.30049881527948585 ) ) ;
#1412 = PERSON_AND_ORGANIZATION_ROLE ( 'design_supplier' ) ;
#1413 = CARTESIAN_POINT ( 'NONE',  ( 14.25691194780133131, 17.95480350068202569, 1.605723257734044784 ) ) ;
#1414 = CARTESIAN_POINT ( 'NONE',  ( 17.84085098524932178, 21.67586113183202201, -2.310281418091023387 ) ) ;
#1415 = CARTESIAN_POINT ( 'NONE',  ( 17.51517412020538700, 35.93017444096059165, -5.806114391418052634 ) ) ;
#1416 = CARTESIAN_POINT ( 'NONE',  ( -18.33398143151067217, 36.70480350068201858, -2.065098662640568961 ) ) ;
#1417 = CARTESIAN_POINT ( 'NONE',  ( -2.066372343659833799, 23.31194635782487623, -18.33383792212573837 ) ) ;
#1418 = CARTESIAN_POINT ( 'NONE',  ( 9.821288698004604356, 5.126603012389157499, -15.07232260413894842 ) ) ;
#1419 = CARTESIAN_POINT ( 'NONE',  ( -15.22998441137730907, 58.40123207211059508, 9.570371369190237232 ) ) ;
#1420 = CARTESIAN_POINT ( 'NONE',  ( 7.892089626434113825, 30.51514684611774086, 11.98525637802066512 ) ) ;
#1421 = CARTESIAN_POINT ( 'NONE',  ( 2.066372343659836464, 34.56194635782487978, 18.33383792212573837 ) ) ;
#1422 = CARTESIAN_POINT ( 'NONE',  ( 12.14833660634136869, 25.99051778639631394, 7.632548929867059684 ) ) ;
#1423 = CARTESIAN_POINT ( 'NONE',  ( -1.606996938753239457, 45.81194635782487978, -14.25676843841640284 ) ) ;
#1424 = CARTESIAN_POINT ( 'NONE',  ( 12.92983939180874131, 7.747289703260593186, 12.50810207068520441 ) ) ;
#1425 = CARTESIAN_POINT ( 'NONE',  ( 10.36028257791282137, 5.394460155246299848, -9.929512150327971298 ) ) ;
#1426 = CARTESIAN_POINT ( 'NONE',  ( -2.066372343659833799, 23.31194635782487623, -18.33383792212573837 ) ) ;
#1427 = CARTESIAN_POINT ( 'NONE',  ( -13.30091153345750854, 48.46157541754632092, -4.338247252905039097 ) ) ;
#1428 = CARTESIAN_POINT ( 'NONE',  ( 1.861181766500932033, 12.09088872667487635, -13.86614205698138669 ) ) ;
#1429 = CARTESIAN_POINT ( 'NONE',  ( -4.620315574588849117, 38.04408921496773388, -13.20221155889332287 ) ) ;
#1430 = CARTESIAN_POINT ( 'NONE',  ( 17.31354432756522499, 13.90800398897487788, -6.382339233041259163 ) ) ;
#1431 = CARTESIAN_POINT ( 'NONE',  ( -16.87987034191867508, 55.48374586953202225, -6.221141182516696233 ) ) ;
#1432 = CARTESIAN_POINT ( 'NONE',  ( 2.066372343659836464, 49.56194635782487268, 18.33383792212573837 ) ) ;
#1433 = CARTESIAN_POINT ( 'NONE',  ( -13.04560959886931926, 35.63337492925344918, 13.04651592615081768 ) ) ;
#1434 = CARTESIAN_POINT ( 'NONE',  ( -9.558035885149614330, -3.712682701896556470, -15.78405013947740798 ) ) ;
#1435 = CARTESIAN_POINT ( 'NONE',  ( -15.62233376509898974, 52.24051778639630328, -9.815406020601807668 ) ) ;
#1436 = CARTESIAN_POINT ( 'NONE',  ( -14.29108815922407594, 25.69371827468917147, -1.302400991952681997 ) ) ;
#1437 = CARTESIAN_POINT ( 'NONE',  ( 15.62233376509898974, 18.49051778639631038, 9.815406020601812997 ) ) ;
#1438 = CARTESIAN_POINT ( 'NONE',  ( 13.89932148812502177, 17.68694635782487623, -1.566706170381278795 ) ) ;
#1439 = CARTESIAN_POINT ( 'NONE',  ( 17.90748967014665993, 13.69803158381773045, -1.718846731498061331 ) ) ;
#1440 = CARTESIAN_POINT ( 'NONE',  ( -9.890985408382910293, 60.00837492925344918, -9.890101804618650405 ) ) ;
#1441 = CARTESIAN_POINT ( 'NONE',  ( -12.71941253312912501, 60.00837492925344918, -12.71852892936481894 ) ) ;
#1442 = CARTESIAN_POINT ( 'NONE',  ( 11.98593830499179269, 14.50160301238916105, 7.891004345876712733 ) ) ;
#1443 = CARTESIAN_POINT ( 'NONE',  ( 13.44091613212862768, 43.90800398897487611, -5.027248019308205862 ) ) ;
#1444 = CARTESIAN_POINT ( 'NONE',  ( -13.93264083057369085, 9.948031583817730450, 1.270988827084797990 ) ) ;
#1445 = CARTESIAN_POINT ( 'NONE',  ( 17.07644485469099038, 37.21157541754630671, 5.659363500725681284 ) ) ;
#1446 = CARTESIAN_POINT ( 'NONE',  ( 9.821288698004604356, 50.12660301238916816, -15.07232260413894842 ) ) ;
#1447 = CARTESIAN_POINT ( 'NONE',  ( -2.013322327617646401, 49.82980350068201858, 17.87431023900302307 ) ) ;
#1448 = CARTESIAN_POINT ( 'NONE',  ( -12.71941253312912501, 45.00837492925344918, -12.71852892936481894 ) ) ;
#1449 = CARTESIAN_POINT ( 'NONE',  ( -13.93264083057369085, 54.94803158381773756, 1.270988827084797990 ) ) ;
#1450 = CARTESIAN_POINT ( 'NONE',  ( 17.87417032769799263, 47.68694635782487268, -2.014564074794543913 ) ) ;
#1451 = CARTESIAN_POINT ( 'NONE',  ( -12.31073490769093581, 56.22943256040345972, -7.374093513857398641 ) ) ;
#1452 = CARTESIAN_POINT ( 'NONE',  ( -2.066372343659833799, 23.31194635782487623, -18.33383792212573837 ) ) ;
#1453 = CARTESIAN_POINT ( 'NONE',  ( 14.25691194780133131, 40.45480350068201147, 1.605723257734044784 ) ) ;
#1454 = CARTESIAN_POINT ( 'NONE',  ( -9.821288698004600803, 1.376603012389158165, 15.07232260413895020 ) ) ;
#1455 = CARTESIAN_POINT ( 'NONE',  ( 9.890985408382912070, 56.25837492925344208, 9.890101804618648629 ) ) ;
#1456 = CARTESIAN_POINT ( 'NONE',  ( -12.92983939180873953, 26.49728970326059141, -12.50810207068520441 ) ) ;
#1457 = CARTESIAN_POINT ( 'NONE',  ( 7.375178794414805949, 7.537317298103444863, 12.31005298071981713 ) ) ;
#1458 = CARTESIAN_POINT ( 'NONE',  ( -13.30091153345750854, 55.96157541754632092, -4.338247252905039097 ) ) ;
#1459 = CARTESIAN_POINT ( 'NONE',  ( 12.00141425134080642, -1.837682701896556248, -7.190267664006485759 ) ) ;
#1460 = CARTESIAN_POINT ( 'NONE',  ( -12.31073490769093581, 18.72943256040344906, -7.374093513857398641 ) ) ;
#1461 = CARTESIAN_POINT ( 'NONE',  ( -9.890985408382910293, 0.008374929253446961042, -9.890101804618650405 ) ) ;
#1462 = CARTESIAN_POINT ( 'NONE',  ( 1.717604984321167372, 42.56871827468916081, -17.90762958145169037 ) ) ;
#1463 = CARTESIAN_POINT ( 'NONE',  ( -1.763050077878471233, 49.32303158381773756, -18.36801413354849544 ) ) ;
#1464 = CARTESIAN_POINT ( 'NONE',  ( 4.737925785162139469, 1.347660643539161374, -13.54215436044368914 ) ) ;
#1465 = CARTESIAN_POINT ( 'NONE',  ( 17.87417032769799263, 47.68694635782487268, -2.014564074794543913 ) ) ;
#1466 = CARTESIAN_POINT ( 'NONE',  ( -9.821288698004600803, 1.376603012389158165, 15.07232260413895020 ) ) ;
#1467 = CARTESIAN_POINT ( 'NONE',  ( 12.71941253312912679, 56.25837492925344208, 12.71852892936481716 ) ) ;
#1468 = CARTESIAN_POINT ( 'NONE',  ( -10.10141226706252482, 48.99728970326061273, -9.679674945939034103 ) ) ;
#1469 = CARTESIAN_POINT ( 'NONE',  ( -18.33398143151067217, 51.70480350068201858, -2.065098662640568961 ) ) ;
#1470 = CARTESIAN_POINT ( 'NONE',  ( -10.14444420047966489, 50.63337492925344208, 10.14535052776112423 ) ) ;
#1471 = CARTESIAN_POINT ( 'NONE',  ( -17.90748967014665993, 2.448031583817730006, 1.718846731498061331 ) ) ;
#1472 = CARTESIAN_POINT ( 'NONE',  ( 9.569313298882223151, 1.615517786396304167, -15.23064924101556095 ) ) ;
#1473 = CARTESIAN_POINT ( 'NONE',  ( -9.317337899759843722, 31.85443256040344551, 15.38897587789217702 ) ) ;
#1474 = CARTESIAN_POINT ( 'NONE',  ( -11.98593830499178914, 10.75160301238915928, -7.891004345876712733 ) ) ;
#1475 = CARTESIAN_POINT ( 'NONE',  ( -2.369694609441194366, 49.80086113183201491, -18.29966171070299197 ) ) ;
#1476 = CARTESIAN_POINT ( 'NONE',  ( -11.68476097758756893, 62.39014684611774442, 7.694218462251239288 ) ) ;
#1477 = CARTESIAN_POINT ( 'NONE',  ( -9.680558549703295768, 3.519460155246302069, -10.10052866329826671 ) ) ;
#1478 = CARTESIAN_POINT ( 'NONE',  ( -4.901204415484357035, 4.533003988974877885, -13.10392430250715812 ) ) ;
#1479 = CARTESIAN_POINT ( 'NONE',  ( -15.62233376509898797, 59.74051778639631038, -9.815406020601805892 ) ) ;
#1480 = CARTESIAN_POINT ( 'NONE',  ( 2.369694609441195698, 38.55086113183202201, 18.29966171070299197 ) ) ;
#1481 = CARTESIAN_POINT ( 'NONE',  ( -18.33398143151067217, 59.20480350068203279, -2.065098662640568961 ) ) ;
#1482 = CARTESIAN_POINT ( 'NONE',  ( -5.941431822409547259, 45.54408921496773388, -16.97774488012678518 ) ) ;
#1483 = CARTESIAN_POINT ( 'NONE',  ( -10.36028257791282137, 54.14446015524631406, 9.929512150327971298 ) ) ;
#1484 = CARTESIAN_POINT ( 'NONE',  ( -1.910319204534601800, 42.30086113183202201, -14.22259222699365289 ) ) ;
#1485 = CARTESIAN_POINT ( 'NONE',  ( -6.093016998895131486, 42.59766064353916448, 17.41478255588030777 ) ) ;
#1486 = CARTESIAN_POINT ( 'NONE',  ( -9.890985408382910293, 37.50837492925344208, -9.890101804618650405 ) ) ;
#1487 = CARTESIAN_POINT ( 'NONE',  ( -12.50898567444951226, 11.01946015524630162, -12.92895578804443524 ) ) ;
#1488 = CARTESIAN_POINT ( 'NONE',  ( 6.093016998895132375, 16.34766064353916093, -17.41478255588030777 ) ) ;
#1489 = CARTESIAN_POINT ( 'NONE',  ( 10.07494671716892043, 30.51514684611774086, 15.45925353677825420 ) ) ;
#1490 = AXIS2_PLACEMENT_3D ( 'NONE', #956, #1244, #1833 ) ;
#1491 = CARTESIAN_POINT ( 'NONE',  ( 10.36028257791282137, 12.89446015524630162, -9.929512150327971298 ) ) ;
#1492 = CARTESIAN_POINT ( 'NONE',  ( 12.92983939180874131, 45.24728970326059851, 12.50810207068520441 ) ) ;
#1493 = CARTESIAN_POINT ( 'NONE',  ( -17.87417032769798908, 13.93694635782487623, 2.014564074794545689 ) ) ;
#1494 = CARTESIAN_POINT ( 'NONE',  ( 9.928605823046513734, 58.37228970326059141, -10.36118890519427360 ) ) ;
#1495 = CARTESIAN_POINT ( 'NONE',  ( -10.36028257791282137, 16.64446015524630340, 9.929512150327971298 ) ) ;
#1496 = CARTESIAN_POINT ( 'NONE',  ( 10.14444420047966666, 39.38337492925344208, -10.14535052776112423 ) ) ;
#1497 = CARTESIAN_POINT ( 'NONE',  ( -13.30091153345750854, 10.96157541754630671, -4.338247252905039097 ) ) ;
#1498 = FACE_OUTER_BOUND ( 'NONE', #2784, .T. ) ;
#1499 = CARTESIAN_POINT ( 'NONE',  ( 12.92983939180874131, 37.74728970326059141, 12.50810207068520441 ) ) ;
#1500 = CARTESIAN_POINT ( 'NONE',  ( -4.620315574588849117, 8.044089214967733881, -13.20221155889332287 ) ) ;
#1501 = CARTESIAN_POINT ( 'NONE',  ( 5.941431822409549035, 49.29408921496773388, 16.97774488012678518 ) ) ;
#1502 = CARTESIAN_POINT ( 'NONE',  ( -15.45993546374941552, 10.75160301238915928, -10.07386143661146427 ) ) ;
#1503 = CARTESIAN_POINT ( 'NONE',  ( -13.86600214567635270, 47.92586113183202201, 1.862423513677762710 ) ) ;
#1504 = CARTESIAN_POINT ( 'NONE',  ( -5.941431822409547259, 45.54408921496773388, -16.97774488012678518 ) ) ;
#1505 = CARTESIAN_POINT ( 'NONE',  ( -4.737925785162139469, 35.09766064353916448, 13.54215436044369092 ) ) ;
#1506 = CARTESIAN_POINT ( 'NONE',  ( -2.309039670914129427, 0.8408887266748727995, 17.84099089655435932 ) ) ;
#1507 = CARTESIAN_POINT ( 'NONE',  ( -5.941431822409547259, 8.044089214967733881, -16.97774488012678518 ) ) ;
#1508 = CARTESIAN_POINT ( 'NONE',  ( 12.92983939180874131, 22.74728970326059141, 12.50810207068520441 ) ) ;
#1509 = CARTESIAN_POINT ( 'NONE',  ( -12.00141425134080286, 31.91231729810343865, 7.190267664006487536 ) ) ;
#1510 = CARTESIAN_POINT ( 'NONE',  ( -1.717604984321164041, 38.81871827468916081, 17.90762958145168682 ) ) ;
#1511 = CARTESIAN_POINT ( 'NONE',  ( -17.41435922388530244, 21.16908921496773033, 6.094226812229657675 ) ) ;
#1512 = CARTESIAN_POINT ( 'NONE',  ( 10.36028257791282137, 20.39446015524629985, -9.929512150327971298 ) ) ;
#1513 = CARTESIAN_POINT ( 'NONE',  ( 1.565464423204449673, 38.57980350068201858, -13.89946139943004688 ) ) ;
#1514 = CARTESIAN_POINT ( 'NONE',  ( 13.86600214567635447, 14.17586113183202379, -1.862423513677761822 ) ) ;
#1515 = CARTESIAN_POINT ( 'NONE',  ( -17.87417032769798908, 58.93694635782487978, 2.014564074794545689 ) ) ;
#1516 = CARTESIAN_POINT ( 'NONE',  ( -12.82977122143616278, 39.62228970326060562, 13.26235430358396883 ) ) ;
#1517 = CARTESIAN_POINT ( 'NONE',  ( 6.093016998895132375, 53.84766064353915738, -17.41478255588030777 ) ) ;
#1518 = APPROVAL ( #2119, 'UNSPECIFIED' ) ;
#1519 = CARTESIAN_POINT ( 'NONE',  ( -9.821288698004600803, 16.37660301238915750, 15.07232260413895020 ) ) ;
#1520 = CARTESIAN_POINT ( 'NONE',  ( 7.892089626434113825, 45.51514684611774442, 11.98525637802066512 ) ) ;
#1521 = CARTESIAN_POINT ( 'NONE',  ( -18.33398143151067217, 44.20480350068203279, -2.065098662640568961 ) ) ;
#1522 = CARTESIAN_POINT ( 'NONE',  ( 4.737925785162140357, 46.34766064353917159, -13.54215436044368737 ) ) ;
#1523 = CARTESIAN_POINT ( 'NONE',  ( 16.87987034191867508, 14.23374586953201693, 6.221141182516698009 ) ) ;
#1524 = CARTESIAN_POINT ( 'NONE',  ( -17.87417032769798908, 13.93694635782487623, 2.014564074794545689 ) ) ;
#1525 = CARTESIAN_POINT ( 'NONE',  ( -14.22273573637858668, 32.71588872667487635, -1.909045523515404463 ) ) ;
#1526 = CARTESIAN_POINT ( 'NONE',  ( 18.36815764293342212, 36.94371827468916081, 1.761776396859212168 ) ) ;
#1527 = CARTESIAN_POINT ( 'NONE',  ( -6.093016998895129710, 12.59766064353916271, 17.41478255588030777 ) ) ;
#1528 = CARTESIAN_POINT ( 'NONE',  ( 13.64254592476879147, 28.43017444096059165, -4.451023177684999332 ) ) ;
#1529 = CARTESIAN_POINT ( 'NONE',  ( 1.606996938753243453, 34.56194635782487978, 14.25676843841640640 ) ) ;
#1530 = CARTESIAN_POINT ( 'NONE',  ( 4.901204415484357924, 8.283003988974879661, 13.10392430250715812 ) ) ;
#1531 = CARTESIAN_POINT ( 'NONE',  ( 2.013322327617649510, 1.079803500682018358, -17.87431023900302307 ) ) ;
#1532 = CARTESIAN_POINT ( 'NONE',  ( -17.07644485469099394, 48.46157541754632092, -5.659363500725679508 ) ) ;
#1533 = CARTESIAN_POINT ( 'NONE',  ( 5.941431822409549035, 56.79408921496772678, 16.97774488012678518 ) ) ;
#1534 = CARTESIAN_POINT ( 'NONE',  ( 17.90748967014665993, 21.19803158381773045, -1.718846731498061331 ) ) ;
#1535 = CARTESIAN_POINT ( 'NONE',  ( 14.25691194780133131, 2.954803500682018580, 1.605723257734044784 ) ) ;
#1536 = CARTESIAN_POINT ( 'NONE',  ( -9.569313298882221375, 50.36551778639630328, 15.23064924101556450 ) ) ;
#1537 = CARTESIAN_POINT ( 'NONE',  ( -12.14833660634136869, 59.74051778639631749, -7.632548929867056131 ) ) ;
#1538 = CARTESIAN_POINT ( 'NONE',  ( -5.660542981514041116, 26.55517444096058455, -17.07603213651294638 ) ) ;
#1539 = CARTESIAN_POINT ( 'NONE',  ( -5.941431822409547259, 15.54408921496773388, -16.97774488012678518 ) ) ;
#1540 = CARTESIAN_POINT ( 'NONE',  ( -14.22273573637858668, 25.21588872667487635, -1.909045523515404463 ) ) ;
#1541 = CARTESIAN_POINT ( 'NONE',  ( 7.892089626434113825, 8.015146846117735535, 11.98525637802066512 ) ) ;
#1542 = CARTESIAN_POINT ( 'NONE',  ( -10.07494671716892043, 49.26514684611775152, -15.45925353677825420 ) ) ;
#1543 = CARTESIAN_POINT ( 'NONE',  ( 15.62233376509898797, 10.99051778639630328, 9.815406020601811221 ) ) ;
#1544 = CARTESIAN_POINT ( 'NONE',  ( -10.14444420047966489, 35.63337492925344918, 10.14535052776112423 ) ) ;
#1545 = CARTESIAN_POINT ( 'NONE',  ( -1.910319204534601800, 27.30086113183202556, -14.22259222699365289 ) ) ;
#1546 = CARTESIAN_POINT ( 'NONE',  ( -9.569313298882221375, 12.86551778639630506, 15.23064924101556450 ) ) ;
#1547 = CARTESIAN_POINT ( 'NONE',  ( -18.36815764293342212, 63.19371827468917502, -1.761776396859210170 ) ) ;
#1548 =( NAMED_UNIT ( * ) PLANE_ANGLE_UNIT ( ) SI_UNIT ( $, .RADIAN. ) );
#1549 = CARTESIAN_POINT ( 'NONE',  ( 9.821288698004604356, 20.12660301238916105, -15.07232260413894842 ) ) ;
#1550 = CARTESIAN_POINT ( 'NONE',  ( 10.14444420047966666, 1.883374929253447183, -10.14535052776112423 ) ) ;
#1551 = CARTESIAN_POINT ( 'NONE',  ( -17.07644485469099394, 10.96157541754630671, -5.659363500725679508 ) ) ;
#1552 = CARTESIAN_POINT ( 'NONE',  ( 12.14833660634136869, 55.99051778639630328, 7.632548929867059684 ) ) ;
#1553 = CARTESIAN_POINT ( 'NONE',  ( 12.50898567444951581, 14.76946015524629985, 12.92895578804443524 ) ) ;
#1554 = CARTESIAN_POINT ( 'NONE',  ( 9.816491301159272709, 26.52623207211060219, 15.62165183812783198 ) ) ;
#1555 = CARTESIAN_POINT ( 'NONE',  ( -1.303674672971879112, 19.32303158381773045, -14.29094464983915458 ) ) ;
#1556 = CARTESIAN_POINT ( 'NONE',  ( 13.86600214567635447, 6.675861131832021123, -1.862423513677761822 ) ) ;
#1557 = CARTESIAN_POINT ( 'NONE',  ( -18.33398143151067217, 6.704803500682018580, -2.065098662640568961 ) ) ;
#1558 = CARTESIAN_POINT ( 'NONE',  ( 4.737925785162140357, 8.847660643539164482, -13.54215436044368737 ) ) ;
#1559 = CARTESIAN_POINT ( 'NONE',  ( 6.222320663305056065, 53.28300398897488321, 16.87945762374062042 ) ) ;
#1560 = CARTESIAN_POINT ( 'NONE',  ( -7.441184992820900845, 27.86551778639630683, 11.84375244410240846 ) ) ;
#1561 = CARTESIAN_POINT ( 'NONE',  ( -2.066372343659833355, 15.81194635782488156, -18.33383792212573837 ) ) ;
#1562 = CARTESIAN_POINT ( 'NONE',  ( 11.84308761446418856, 54.65123207211058798, -7.442243063128862524 ) ) ;
#1563 = ADVANCED_BREP_SHAPE_REPRESENTATION ( 'spring', ( #305, #1490 ), #224 ) ;
#1564 = CARTESIAN_POINT ( 'NONE',  ( -17.87417032769798908, 58.93694635782487978, 2.014564074794545689 ) ) ;
#1565 = CARTESIAN_POINT ( 'NONE',  ( 13.44091613212862768, 28.90800398897487966, -5.027248019308205862 ) ) ;
#1566 = CARTESIAN_POINT ( 'NONE',  ( -16.97815759830483273, 14.47266064353916093, -5.940252341621187426 ) ) ;
#1567 = CARTESIAN_POINT ( 'NONE',  ( 12.92983939180874131, 52.74728970326059141, 12.50810207068520441 ) ) ;
#1568 = APPROVAL_DATE_TIME ( #3013, #1518 ) ;
#1569 = CARTESIAN_POINT ( 'NONE',  ( 5.660542981514042893, 15.30517444096058988, 17.07603213651294638 ) ) ;
#1570 = CARTESIAN_POINT ( 'NONE',  ( -1.565464423204447009, 4.829803500682018580, 13.89946139943004866 ) ) ;
#1571 = CARTESIAN_POINT ( 'NONE',  ( 1.717604984321167372, 5.068718274689164360, -17.90762958145169037 ) ) ;
#1572 = CARTESIAN_POINT ( 'NONE',  ( 4.737925785162140357, 53.84766064353915738, -13.54215436044368737 ) ) ;
#1573 = CARTESIAN_POINT ( 'NONE',  ( -15.45993546374941552, 25.75160301238916105, -10.07386143661146427 ) ) ;
#1574 = CARTESIAN_POINT ( 'NONE',  ( -2.013322327617646401, 19.82980350068201858, 17.87431023900302307 ) ) ;
#1575 = CARTESIAN_POINT ( 'NONE',  ( -16.97815759830483273, 14.47266064353916093, -5.940252341621187426 ) ) ;
#1576 = CARTESIAN_POINT ( 'NONE',  ( -11.98593830499178914, 25.75160301238916105, -7.891004345876712733 ) ) ;
#1577 = CARTESIAN_POINT ( 'NONE',  ( -7.189209593698521417, 9.354432560403447283, 12.00207908097901921 ) ) ;
#1578 = CARTESIAN_POINT ( 'NONE',  ( 15.22998441137731085, 9.651232072110591531, -9.570371369190235455 ) ) ;
#1579 = CARTESIAN_POINT ( 'NONE',  ( 7.441184992820901734, 16.61551778639630683, -11.84375244410240668 ) ) ;
#1580 = CARTESIAN_POINT ( 'NONE',  ( -1.717604984321164041, 53.81871827468916081, 17.90762958145168682 ) ) ;
#1581 = CARTESIAN_POINT ( 'NONE',  ( -13.89932148812502000, 36.43694635782487268, 1.566706170381279684 ) ) ;
#1582 = CARTESIAN_POINT ( 'NONE',  ( 18.33398143151067217, 17.95480350068202213, 2.065098662640570293 ) ) ;
#1583 = CARTESIAN_POINT ( 'NONE',  ( -13.89932148812502000, 58.93694635782487978, 1.566706170381279684 ) ) ;
#1584 = CARTESIAN_POINT ( 'NONE',  ( -11.84308761446418679, 13.40123207211059153, 7.442243063128862524 ) ) ;
#1585 = CARTESIAN_POINT ( 'NONE',  ( -12.31073490769093581, 26.22943256040344906, -7.374093513857398641 ) ) ;
#1586 = CARTESIAN_POINT ( 'NONE',  ( 1.303674672971881554, 45.57303158381773045, 14.29094464983915458 ) ) ;
#1587 = CARTESIAN_POINT ( 'NONE',  ( 17.87417032769799263, 2.686946357824875342, -2.014564074794543913 ) ) ;
#1588 = CARTESIAN_POINT ( 'NONE',  ( -2.369694609441194366, 57.30086113183203622, -18.29966171070299197 ) ) ;
#1589 = CARTESIAN_POINT ( 'NONE',  ( -16.87987034191867508, 40.48374586953202225, -6.221141182516696233 ) ) ;
#1590 = CARTESIAN_POINT ( 'NONE',  ( 13.54173102844871401, 9.919089214967733881, -4.739135598496600821 ) ) ;
#1591 = CARTESIAN_POINT ( 'NONE',  ( 2.013322327617649510, 31.07980350068201858, -17.87431023900302307 ) ) ;
#1592 = CARTESIAN_POINT ( 'NONE',  ( 12.71941253312912679, 56.25837492925344208, 12.71852892936481716 ) ) ;
#1593 = CARTESIAN_POINT ( 'NONE',  ( 15.38831104825393048, 20.66231729810344575, -9.318395970067859579 ) ) ;
#1594 = CARTESIAN_POINT ( 'NONE',  ( -16.97815759830483273, 21.97266064353916093, -5.940252341621187426 ) ) ;
#1595 = CARTESIAN_POINT ( 'NONE',  ( 5.941431822409549035, 11.79408921496773388, 16.97774488012678518 ) ) ;
#1596 = CARTESIAN_POINT ( 'NONE',  ( 7.375178794414805949, 37.53731729810344575, 12.31005298071981713 ) ) ;
#1597 = CARTESIAN_POINT ( 'NONE',  ( -13.10433702068519146, 25.48374586953201870, -4.900024934696059375 ) ) ;
#1598 = CARTESIAN_POINT ( 'NONE',  ( -15.22998441137730907, 35.90123207211058798, 9.570371369190237232 ) ) ;
#1599 = CARTESIAN_POINT ( 'NONE',  ( 1.269747079907966647, 12.56871827468916436, -13.93278074187870885 ) ) ;
#1600 = CARTESIAN_POINT ( 'NONE',  ( 6.093016998895132375, 8.847660643539164482, -17.41478255588030777 ) ) ;
#1601 = CARTESIAN_POINT ( 'NONE',  ( -13.89932148812502000, 6.436946357824876230, 1.566706170381279684 ) ) ;
#1602 = CARTESIAN_POINT ( 'NONE',  ( 12.92983939180874131, 52.74728970326059141, 12.50810207068520441 ) ) ;
#1603 = CARTESIAN_POINT ( 'NONE',  ( -14.25691194780133131, 29.20480350068202213, -1.605723257734043230 ) ) ;
#1604 = CARTESIAN_POINT ( 'NONE',  ( -7.375178794414805061, -3.712682701896556470, -12.31005298071982068 ) ) ;
#1605 = CARTESIAN_POINT ( 'NONE',  ( 1.565464423204449673, 23.57980350068201858, -13.89946139943004688 ) ) ;
#1606 = CARTESIAN_POINT ( 'NONE',  ( 4.901204415484357924, 23.28300398897488321, 13.10392430250715812 ) ) ;
#1607 = CARTESIAN_POINT ( 'NONE',  ( -1.861181766500929369, 45.84088872667486925, 13.86614205698138669 ) ) ;
#1608 = CARTESIAN_POINT ( 'NONE',  ( 15.22998441137731085, 9.651232072110591531, -9.570371369190235455 ) ) ;
#1609 = CARTESIAN_POINT ( 'NONE',  ( -17.84085098524932178, 47.92586113183202201, 2.310281418091025163 ) ) ;
#1610 = CARTESIAN_POINT ( 'NONE',  ( 12.71941253312912679, 56.25837492925344208, 12.71852892936481716 ) ) ;
#1611 = CARTESIAN_POINT ( 'NONE',  ( -9.558035885149614330, 26.28731729810344930, -15.78405013947740798 ) ) ;
#1612 = CLOSED_SHELL ( 'NONE', ( #3002, #1256, #2056, #2336 ) ) ;
#1613 = CARTESIAN_POINT ( 'NONE',  ( 14.25691194780133131, 25.45480350068202569, 1.605723257734044784 ) ) ;
#1614 = CARTESIAN_POINT ( 'NONE',  ( -6.093016998895129710, 27.59766064353916448, 17.41478255588030777 ) ) ;
#1615 = CARTESIAN_POINT ( 'NONE',  ( -6.222320663305054289, 12.03300398897487966, -16.87945762374062042 ) ) ;
#1616 = CARTESIAN_POINT ( 'NONE',  ( -9.821288698004600803, 46.37660301238916105, 15.07232260413895020 ) ) ;
#1617 = ORIENTED_EDGE ( 'NONE', *, *, #1673, .F. ) ;
#1618 = CARTESIAN_POINT ( 'NONE',  ( 9.569313298882223151, 24.11551778639630683, -15.23064924101556095 ) ) ;
#1619 = CARTESIAN_POINT ( 'NONE',  ( 9.569313298882223151, 9.115517786396303279, -15.23064924101556095 ) ) ;
#1620 = CARTESIAN_POINT ( 'NONE',  ( -13.10433702068519146, 40.48374586953202225, -4.900024934696059375 ) ) ;
#1621 = CARTESIAN_POINT ( 'NONE',  ( 4.339426733693342975, 22.80517444096058810, 13.30049881527948408 ) ) ;
#1622 = CARTESIAN_POINT ( 'NONE',  ( 12.71941253312912679, 41.25837492925344208, 12.71852892936481716 ) ) ;
#1623 = CARTESIAN_POINT ( 'NONE',  ( 4.449813364350533540, 12.83657541754630849, -13.64296925676377015 ) ) ;
#1624 = CARTESIAN_POINT ( 'NONE',  ( -9.569313298882221375, 12.86551778639630506, 15.23064924101556450 ) ) ;
#1625 = CARTESIAN_POINT ( 'NONE',  ( -13.20262427707134734, 14.47266064353916093, -4.619136093800548792 ) ) ;
#1626 = CARTESIAN_POINT ( 'NONE',  ( 13.04560959886931926, 46.88337492925344918, -13.04651592615081412 ) ) ;
#1627 = CARTESIAN_POINT ( 'NONE',  ( -1.565464423204447009, 34.82980350068201858, 13.89946139943004866 ) ) ;
#1628 = CARTESIAN_POINT ( 'NONE',  ( 15.45993546374941552, 44.50160301238915395, 10.07386143661146605 ) ) ;
#1629 = CARTESIAN_POINT ( 'NONE',  ( -9.680558549703295768, -3.980539844753699263, -10.10052866329826671 ) ) ;
#1630 = CARTESIAN_POINT ( 'NONE',  ( 4.620315574588850005, 11.79408921496773388, 13.20221155889332287 ) ) ;
#1631 = CARTESIAN_POINT ( 'NONE',  ( 1.269747079907966647, 35.06871827468916081, -13.93278074187870885 ) ) ;
#1632 = CARTESIAN_POINT ( 'NONE',  ( 14.22273573637858668, 51.46588872667486925, 1.909045523515405351 ) ) ;
#1633 = CARTESIAN_POINT ( 'NONE',  ( 4.449813364350533540, 5.336575417546307598, -13.64296925676377015 ) ) ;
#1634 = CARTESIAN_POINT ( 'NONE',  ( 15.38831104825393048, 28.16231729810344930, -9.318395970067859579 ) ) ;
#1635 = CARTESIAN_POINT ( 'NONE',  ( 4.620315574588850005, 26.79408921496773388, 13.20221155889332287 ) ) ;
#1636 = CARTESIAN_POINT ( 'NONE',  ( 18.33398143151067217, 25.45480350068202213, 2.065098662640570293 ) ) ;
#1637 = CARTESIAN_POINT ( 'NONE',  ( 9.816491301159272709, 56.52623207211058798, 15.62165183812783198 ) ) ;
#1638 = CARTESIAN_POINT ( 'NONE',  ( -17.90748967014665993, 47.44803158381773756, 1.718846731498061331 ) ) ;
#1639 = ORIENTED_EDGE ( 'NONE', *, *, #322, .F. ) ;
#1640 = CARTESIAN_POINT ( 'NONE',  ( 15.62233376509898974, 25.99051778639631394, 9.815406020601812997 ) ) ;
#1641 = CARTESIAN_POINT ( 'NONE',  ( 15.62233376509898974, 25.99051778639631394, 9.815406020601812997 ) ) ;
#1642 = CARTESIAN_POINT ( 'NONE',  ( -13.64254592476879147, 39.68017444096058455, 4.451023177685001997 ) ) ;
#1643 = CARTESIAN_POINT ( 'NONE',  ( 11.98593830499179269, 37.00160301238916105, 7.891004345876712733 ) ) ;
#1644 = CARTESIAN_POINT ( 'NONE',  ( -15.62233376509898974, 37.24051778639630328, -9.815406020601807668 ) ) ;
#1645 = CARTESIAN_POINT ( 'NONE',  ( 13.30091153345750676, 29.71157541754631026, 4.338247252905039986 ) ) ;
#1646 = CARTESIAN_POINT ( 'NONE',  ( -12.71941253312912501, 7.508374929253447405, -12.71852892936481894 ) ) ;
#1647 = CARTESIAN_POINT ( 'NONE',  ( 11.84308761446418856, 2.151232072110589755, -7.442243063128862524 ) ) ;
#1648 = CARTESIAN_POINT ( 'NONE',  ( 17.41435922388530244, 39.91908921496772678, -6.094226812229655899 ) ) ;
#1649 = CARTESIAN_POINT ( 'NONE',  ( -4.620315574588849117, 38.04408921496773388, -13.20221155889332287 ) ) ;
#1650 = CARTESIAN_POINT ( 'NONE',  ( -9.821288698004600803, 46.37660301238916105, 15.07232260413895020 ) ) ;
#1651 = CARTESIAN_POINT ( 'NONE',  ( 14.25691194780133131, 55.45480350068201147, 1.605723257734044784 ) ) ;
#1652 = CARTESIAN_POINT ( 'NONE',  ( 13.54173102844871224, 9.919089214967733881, -4.739135598496601709 ) ) ;
#1653 = CARTESIAN_POINT ( 'NONE',  ( 17.87417032769799263, 17.68694635782487623, -2.014564074794543913 ) ) ;
#1654 = CARTESIAN_POINT ( 'NONE',  ( -13.86600214567635270, 47.92586113183202201, 1.862423513677762710 ) ) ;
#1655 = CARTESIAN_POINT ( 'NONE',  ( 7.375178794414805949, 45.03731729810345286, 12.31005298071981713 ) ) ;
#1656 = APPROVAL_ROLE ( '' ) ;
#1657 = CARTESIAN_POINT ( 'NONE',  ( 15.38831104825393048, 35.66231729810344575, -9.318395970067859579 ) ) ;
#1658 = CARTESIAN_POINT ( 'NONE',  ( 13.89932148812502177, 17.68694635782487623, -1.566706170381278795 ) ) ;
#1659 = CARTESIAN_POINT ( 'NONE',  ( 2.066372343659835575, 34.56194635782487978, 18.33383792212573837 ) ) ;
#1660 = CARTESIAN_POINT ( 'NONE',  ( 18.36815764293342212, 29.44371827468916436, 1.761776396859212168 ) ) ;
#1661 = CARTESIAN_POINT ( 'NONE',  ( 12.50898567444951581, 44.76946015524629985, 12.92895578804443524 ) ) ;
#1662 = CARTESIAN_POINT ( 'NONE',  ( -17.87417032769798908, 51.43694635782487978, 2.014564074794545689 ) ) ;
#1663 = CARTESIAN_POINT ( 'NONE',  ( 16.97815759830482918, 33.22266064353915738, 5.940252341621189203 ) ) ;
#1664 = CARTESIAN_POINT ( 'NONE',  ( -7.693160391943281162, 46.37660301238916105, 11.68542580722579594 ) ) ;
#1665 = CARTESIAN_POINT ( 'NONE',  ( -12.00141425134080286, 31.91231729810343865, 7.190267664006487536 ) ) ;
#1666 = CARTESIAN_POINT ( 'NONE',  ( -17.87417032769798908, 36.43694635782487268, 2.014564074794545689 ) ) ;
#1667 = CARTESIAN_POINT ( 'NONE',  ( 7.189209593698524081, 35.60443256040345261, -12.00207908097901921 ) ) ;
#1668 = CARTESIAN_POINT ( 'NONE',  ( 15.22998441137731085, 32.15123207211058798, -9.570371369190235455 ) ) ;
#1669 = CARTESIAN_POINT ( 'NONE',  ( -1.606996938753239457, 30.81194635782487623, -14.25676843841640462 ) ) ;
#1670 = CARTESIAN_POINT ( 'NONE',  ( 9.569313298882223151, 46.61551778639630328, -15.23064924101556095 ) ) ;
#1671 = CARTESIAN_POINT ( 'NONE',  ( 7.633634210424459887, 49.02623207211059508, 12.14765467937024113 ) ) ;
#1672 = CARTESIAN_POINT ( 'NONE',  ( -1.717604984321164041, 16.31871827468916436, 17.90762958145168682 ) ) ;
#1673 = EDGE_CURVE ( 'NONE', #3060, #3106, #996, .T. ) ;
#1674 = CARTESIAN_POINT ( 'NONE',  ( 18.33398143151067217, 2.954803500682018136, 2.065098662640570737 ) ) ;
#1675 = CARTESIAN_POINT ( 'NONE',  ( 12.14833660634136514, 18.49051778639630683, 7.632548929867058796 ) ) ;
#1676 = CARTESIAN_POINT ( 'NONE',  ( -5.941431822409547259, 15.54408921496773388, -16.97774488012678518 ) ) ;
#1677 = CARTESIAN_POINT ( 'NONE',  ( -1.269747079907964649, 53.81871827468916081, 13.93278074187870885 ) ) ;
#1678 = CARTESIAN_POINT ( 'NONE',  ( 13.64254592476879147, 50.93017444096060586, -4.451023177684999332 ) ) ;
#1679 = CARTESIAN_POINT ( 'NONE',  ( -17.51517412020538345, 39.68017444096058455, 5.806114391418055298 ) ) ;
#1680 = CARTESIAN_POINT ( 'NONE',  ( -1.606996938753239457, 15.81194635782488511, -14.25676843841640462 ) ) ;
#1681 = CARTESIAN_POINT ( 'NONE',  ( 17.07644485469099038, 22.21157541754631026, 5.659363500725681284 ) ) ;
#1682 = CARTESIAN_POINT ( 'NONE',  ( -16.87987034191867508, 40.48374586953202225, -6.221141182516696233 ) ) ;
#1683 = CARTESIAN_POINT ( 'NONE',  ( -15.22998441137730907, 43.40123207211058798, 9.570371369190237232 ) ) ;
#1684 = CARTESIAN_POINT ( 'NONE',  ( -6.093016998895131486, 35.09766064353916448, 17.41478255588030777 ) ) ;
#1685 = CARTESIAN_POINT ( 'NONE',  ( -1.861181766500929369, 38.34088872667487635, 13.86614205698138669 ) ) ;
#1686 = CARTESIAN_POINT ( 'NONE',  ( -4.339426733693341198, 34.05517444096059165, -13.30049881527948585 ) ) ;
#1687 = CARTESIAN_POINT ( 'NONE',  ( 9.569313298882223151, 46.61551778639630328, -15.23064924101556095 ) ) ;
#1688 = CARTESIAN_POINT ( 'NONE',  ( -4.901204415484357035, 34.53300398897488321, -13.10392430250715812 ) ) ;
#1689 = CARTESIAN_POINT ( 'NONE',  ( -6.093016998895131486, 20.09766064353916093, 17.41478255588030777 ) ) ;
#1690 = CARTESIAN_POINT ( 'NONE',  ( 7.441184992820901734, 24.11551778639630683, -11.84375244410240668 ) ) ;
#1691 = LOCAL_TIME ( 0, 40, 38.00000000000000000, #3428 ) ;
#1692 = CARTESIAN_POINT ( 'NONE',  ( 15.62233376509898797, 48.49051778639631038, 9.815406020601811221 ) ) ;
#1693 = CARTESIAN_POINT ( 'NONE',  ( -10.14444420047966489, 58.13337492925345629, 10.14535052776112423 ) ) ;
#1694 = CARTESIAN_POINT ( 'NONE',  ( -12.92983939180873953, 18.99728970326059496, -12.50810207068520441 ) ) ;
#1695 = CARTESIAN_POINT ( 'NONE',  ( 12.50898567444951581, 44.76946015524629985, 12.92895578804443524 ) ) ;
#1696 = CC_DESIGN_PERSON_AND_ORGANIZATION_ASSIGNMENT ( #3337, #1279, ( #2195 ) ) ;
#1697 = CARTESIAN_POINT ( 'NONE',  ( 4.620315574588850005, 26.79408921496773388, 13.20221155889332287 ) ) ;
#1698 = CARTESIAN_POINT ( 'NONE',  ( -15.62233376509898974, 14.74051778639630506, -9.815406020601807668 ) ) ;
#1699 = CARTESIAN_POINT ( 'NONE',  ( 13.30091153345750676, 44.71157541754630671, 4.338247252905039986 ) ) ;
#1700 = CARTESIAN_POINT ( 'NONE',  ( -11.98593830499178914, 3.251603012389157943, -7.891004345876712733 ) ) ;
#1701 = CARTESIAN_POINT ( 'NONE',  ( 11.84308761446418856, 17.15123207211059153, -7.442243063128862524 ) ) ;
#1702 = CARTESIAN_POINT ( 'NONE',  ( 12.82977122143616633, 20.87228970326059496, -13.26235430358396883 ) ) ;
#1703 = CARTESIAN_POINT ( 'NONE',  ( -9.558035885149614330, 41.28731729810345996, -15.78405013947740798 ) ) ;
#1704 = CARTESIAN_POINT ( 'NONE',  ( -17.41435922388530244, 43.66908921496774809, 6.094226812229657675 ) ) ;
#1705 = CARTESIAN_POINT ( 'NONE',  ( 9.569313298882223151, 24.11551778639630683, -15.23064924101556095 ) ) ;
#1706 = CARTESIAN_POINT ( 'NONE',  ( 1.763050077878475008, 0.5730315838177293397, 18.36801413354849544 ) ) ;
#1707 = CARTESIAN_POINT ( 'NONE',  ( 16.97815759830482918, 55.72266064353915738, 5.940252341621189203 ) ) ;
#1708 = CARTESIAN_POINT ( 'NONE',  ( 14.29108815922407594, 29.44371827468916436, 1.302400991952682663 ) ) ;
#1709 = CARTESIAN_POINT ( 'NONE',  ( 17.41435922388530244, 32.41908921496772678, -6.094226812229655899 ) ) ;
#1710 = CARTESIAN_POINT ( 'NONE',  ( -11.84308761446418679, 20.90123207211059153, 7.442243063128862524 ) ) ;
#1711 = CARTESIAN_POINT ( 'NONE',  ( -7.441184992820900845, 50.36551778639630328, 11.84375244410240846 ) ) ;
#1712 = CARTESIAN_POINT ( 'NONE',  ( -17.31354432756522499, 10.15800398897487966, 6.382339233041261828 ) ) ;
#1713 = CARTESIAN_POINT ( 'NONE',  ( -11.98593830499178914, 3.251603012389157943, -7.891004345876712733 ) ) ;
#1714 = CARTESIAN_POINT ( 'NONE',  ( 2.013322327617649510, 23.57980350068201858, -17.87431023900302307 ) ) ;
#1715 = CARTESIAN_POINT ( 'NONE',  ( 12.31073490769093581, 44.97943256040344551, 7.374093513857401305 ) ) ;
#1716 = CARTESIAN_POINT ( 'NONE',  ( -13.93264083057369085, 2.448031583817730006, 1.270988827084797990 ) ) ;
#1717 = CARTESIAN_POINT ( 'NONE',  ( -13.20262427707134734, 44.47266064353915738, -4.619136093800548792 ) ) ;
#1718 = CARTESIAN_POINT ( 'NONE',  ( 1.717604984321167372, 27.56871827468917147, -17.90762958145169037 ) ) ;
#1719 = CARTESIAN_POINT ( 'NONE',  ( -17.51517412020538345, 54.68017444096057744, 5.806114391418055298 ) ) ;
#1720 = CARTESIAN_POINT ( 'NONE',  ( 9.816491301159272709, 49.02623207211060929, 15.62165183812783198 ) ) ;
#1721 = CARTESIAN_POINT ( 'NONE',  ( -17.87417032769798908, 28.93694635782487623, 2.014564074794545689 ) ) ;
#1722 = CARTESIAN_POINT ( 'NONE',  ( 13.64254592476879147, 50.93017444096060586, -4.451023177684999332 ) ) ;
#1723 = CARTESIAN_POINT ( 'NONE',  ( 2.066372343659836464, 49.56194635782487268, 18.33383792212573837 ) ) ;
#1724 = CARTESIAN_POINT ( 'NONE',  ( -11.68476097758756893, 39.89014684611773731, 7.694218462251239288 ) ) ;
#1725 = CARTESIAN_POINT ( 'NONE',  ( 17.41435922388530244, 24.91908921496774099, -6.094226812229655899 ) ) ;
#1726 = CARTESIAN_POINT ( 'NONE',  ( 13.54173102844871401, 32.41908921496772678, -4.739135598496600821 ) ) ;
#1727 = CARTESIAN_POINT ( 'NONE',  ( -4.737925785162138581, 57.59766064353917159, 13.54215436044369447 ) ) ;
#1728 = CARTESIAN_POINT ( 'NONE',  ( -15.07165777450069477, 9.890146846117739088, 9.822346768312614884 ) ) ;
#1729 = CARTESIAN_POINT ( 'NONE',  ( -9.680558549703295768, 3.519460155246302069, -10.10052866329826671 ) ) ;
#1730 = CARTESIAN_POINT ( 'NONE',  ( 10.10141226706252660, 52.74728970326059141, 9.679674945939028774 ) ) ;
#1731 = CARTESIAN_POINT ( 'NONE',  ( -5.026038205973742734, 1.108745869532015371, 13.44133946412361524 ) ) ;
#1732 = CARTESIAN_POINT ( 'NONE',  ( 4.737925785162140357, 31.34766064353916448, -13.54215436044368737 ) ) ;
#1733 = CARTESIAN_POINT ( 'NONE',  ( -5.804904578083523781, 46.58657541754631382, 17.51559745220038522 ) ) ;
#1734 = CARTESIAN_POINT ( 'NONE',  ( -12.71941253312912501, 0.008374929253446718180, -12.71852892936481894 ) ) ;
#1735 = CARTESIAN_POINT ( 'NONE',  ( 16.97815759830482918, 48.22266064353915738, 5.940252341621189203 ) ) ;
#1736 = CARTESIAN_POINT ( 'NONE',  ( 5.941431822409549035, 41.79408921496773388, 16.97774488012678518 ) ) ;
#1737 = CARTESIAN_POINT ( 'NONE',  ( -12.50898567444951226, 3.519460155246302069, -12.92895578804443524 ) ) ;
#1738 = CARTESIAN_POINT ( 'NONE',  ( 18.33398143151067217, 47.95480350068203279, 2.065098662640570737 ) ) ;
#1739 = CARTESIAN_POINT ( 'NONE',  ( 1.910319204534604243, 53.55086113183202201, 14.22259222699365289 ) ) ;
#1740 = CARTESIAN_POINT ( 'NONE',  ( -15.22998441137730907, 20.90123207211059153, 9.570371369190237232 ) ) ;
#1741 = CARTESIAN_POINT ( 'NONE',  ( -4.737925785162139469, 20.09766064353916093, 13.54215436044369092 ) ) ;
#1742 = CARTESIAN_POINT ( 'NONE',  ( 17.90748967014665993, 6.198031583817730450, -1.718846731498061331 ) ) ;
#1743 = CARTESIAN_POINT ( 'NONE',  ( -12.14833660634136514, 59.74051778639631038, -7.632548929867055243 ) ) ;
#1744 = CARTESIAN_POINT ( 'NONE',  ( -12.82977122143616278, 17.12228970326059496, 13.26235430358396883 ) ) ;
#1745 = CARTESIAN_POINT ( 'NONE',  ( -5.026038205973742734, 16.10874586953201515, 13.44133946412361524 ) ) ;
#1746 = CARTESIAN_POINT ( 'NONE',  ( -10.10141226706252482, 63.99728970326059851, -9.679674945939034103 ) ) ;
#1747 = CARTESIAN_POINT ( 'NONE',  ( 13.64254592476879147, -1.569825559039413454, -4.451023177684999332 ) ) ;
#1748 = CARTESIAN_POINT ( 'NONE',  ( -5.804904578083523781, 31.58657541754630671, 17.51559745220038522 ) ) ;
#1749 = CARTESIAN_POINT ( 'NONE',  ( 18.29980522008792931, 51.46588872667486925, 2.368420928421932636 ) ) ;
#1750 = CARTESIAN_POINT ( 'NONE',  ( -1.606996938753239457, 0.8119463578248756752, -14.25676843841640284 ) ) ;
#1751 = CARTESIAN_POINT ( 'NONE',  ( -9.569313298882221375, 42.86551778639630328, 15.23064924101556450 ) ) ;
#1752 = CARTESIAN_POINT ( 'NONE',  ( -11.98593830499178914, 55.75160301238916105, -7.891004345876712733 ) ) ;
#1753 = CARTESIAN_POINT ( 'NONE',  ( 18.33398143151067217, 55.45480350068201147, 2.065098662640570737 ) ) ;
#1754 = CARTESIAN_POINT ( 'NONE',  ( 4.901204415484357924, 53.28300398897488321, 13.10392430250715812 ) ) ;
#1755 = CARTESIAN_POINT ( 'NONE',  ( 18.33398143151067217, 40.45480350068201147, 2.065098662640570737 ) ) ;
#1756 = CARTESIAN_POINT ( 'NONE',  ( -1.565464423204447009, 42.32980350068201858, 13.89946139943004866 ) ) ;
#1757 = CARTESIAN_POINT ( 'NONE',  ( 17.90748967014665993, -1.301968416182270660, -1.718846731498061331 ) ) ;
#1758 = CARTESIAN_POINT ( 'NONE',  ( 2.066372343659836464, 12.06194635782488156, 18.33383792212573837 ) ) ;
#1759 = CARTESIAN_POINT ( 'NONE',  ( -15.07165777450069477, 32.39014684611773731, 9.822346768312614884 ) ) ;
#1760 = CARTESIAN_POINT ( 'NONE',  ( 13.64254592476879147, 5.930174440960588989, -4.451023177684999332 ) ) ;
#1761 = CARTESIAN_POINT ( 'NONE',  ( -2.369694609441194366, 34.80086113183202912, -18.29966171070299197 ) ) ;
#1762 = CARTESIAN_POINT ( 'NONE',  ( -10.10141226706252482, 56.49728970326059141, -9.679674945939034103 ) ) ;
#1763 = CARTESIAN_POINT ( 'NONE',  ( 12.00141425134080642, 5.662317298103443974, -7.190267664006485759 ) ) ;
#1764 = CARTESIAN_POINT ( 'NONE',  ( 13.44091613212862768, 13.90800398897487788, -5.027248019308205862 ) ) ;
#1765 = CARTESIAN_POINT ( 'NONE',  ( 6.093016998895131486, 53.84766064353915738, -17.41478255588030777 ) ) ;
#1766 = APPLICATION_CONTEXT ( 'configuration controlled 3d designs of mechanical parts and assemblies' ) ;
#1767 = CARTESIAN_POINT ( 'NONE',  ( 6.222320663305056065, 38.28300398897488321, 16.87945762374062042 ) ) ;
#1768 = CARTESIAN_POINT ( 'NONE',  ( -11.84308761446418679, 5.901232072110590643, 7.442243063128862524 ) ) ;
#1769 = CARTESIAN_POINT ( 'NONE',  ( -2.066372343659833799, 45.81194635782489399, -18.33383792212573837 ) ) ;
#1770 = CARTESIAN_POINT ( 'NONE',  ( 13.10433702068518791, 51.73374586953202225, 4.900024934696060264 ) ) ;
#1771 = CARTESIAN_POINT ( 'NONE',  ( -13.44091613212862946, 47.65800398897489032, 5.027248019308207638 ) ) ;
#1772 = CARTESIAN_POINT ( 'NONE',  ( -12.71941253312912501, 52.50837492925344918, -12.71852892936481894 ) ) ;
#1773 = CARTESIAN_POINT ( 'NONE',  ( -13.89932148812502000, 43.93694635782487268, 1.566706170381279684 ) ) ;
#1774 = CARTESIAN_POINT ( 'NONE',  ( -15.38831104825392870, 9.412317298103445751, 9.318395970067859579 ) ) ;
#1775 = CARTESIAN_POINT ( 'NONE',  ( -13.04560959886931926, 5.633374929253450070, 13.04651592615081768 ) ) ;
#1776 = CARTESIAN_POINT ( 'NONE',  ( 5.804904578083527333, 27.83657541754630671, -17.51559745220038522 ) ) ;
#1777 = CARTESIAN_POINT ( 'NONE',  ( -7.693160391943281162, 16.37660301238915750, 11.68542580722579594 ) ) ;
#1778 = CARTESIAN_POINT ( 'NONE',  ( 12.82977122143616633, 50.87228970326059141, -13.26235430358396883 ) ) ;
#1779 = CARTESIAN_POINT ( 'NONE',  ( 15.62233376509898974, 10.99051778639630328, 9.815406020601812997 ) ) ;
#1780 = CARTESIAN_POINT ( 'NONE',  ( -13.86600214567635270, 62.92586113183203622, 1.862423513677762710 ) ) ;
#1781 = CARTESIAN_POINT ( 'NONE',  ( 14.22273573637858668, 13.96588872667487280, 1.909045523515405351 ) ) ;
#1782 = CARTESIAN_POINT ( 'NONE',  ( -10.10141226706252482, 3.997289703260593186, -9.679674945939034103 ) ) ;
#1783 = DIRECTION ( 'NONE',  ( 0.7071067811865531239, 0.000000000000000000, 0.7071067811865420216 ) ) ;
#1784 = CARTESIAN_POINT ( 'NONE',  ( -9.317337899759843722, 46.85443256040345261, 15.38897587789217702 ) ) ;
#1785 = CARTESIAN_POINT ( 'NONE',  ( -9.890985408382910293, 0.008374929253446912469, -9.890101804618650405 ) ) ;
#1786 = CARTESIAN_POINT ( 'NONE',  ( -9.816491301159269156, 52.77623207211058798, -15.62165183812783198 ) ) ;
#1787 = CARTESIAN_POINT ( 'NONE',  ( 13.26144797630247041, 12.89446015524630162, -12.83067754871767185 ) ) ;
#1788 = CARTESIAN_POINT ( 'NONE',  ( -4.901204415484357035, 42.03300398897489032, -13.10392430250715812 ) ) ;
#1789 = CARTESIAN_POINT ( 'NONE',  ( -17.87417032769798908, 36.43694635782487268, 2.014564074794545689 ) ) ;
#1790 = CARTESIAN_POINT ( 'NONE',  ( -1.606996938753239457, 45.81194635782489399, -14.25676843841640462 ) ) ;
#1791 = CARTESIAN_POINT ( 'NONE',  ( -17.90748967014665993, 9.948031583817730450, 1.718846731498061331 ) ) ;
#1792 = CARTESIAN_POINT ( 'NONE',  ( -9.569313298882221375, 5.365517786396304167, 15.23064924101556450 ) ) ;
#1793 = CARTESIAN_POINT ( 'NONE',  ( -10.07494671716892043, 26.76514684611773731, -15.45925353677825420 ) ) ;
#1794 = CARTESIAN_POINT ( 'NONE',  ( 7.375178794414805949, 30.03731729810344220, 12.31005298071981713 ) ) ;
#1795 = CARTESIAN_POINT ( 'NONE',  ( 17.31354432756522499, 36.40800398897488321, -6.382339233041259163 ) ) ;
#1796 = CARTESIAN_POINT ( 'NONE',  ( 2.013322327617649510, 8.579803500682018580, -17.87431023900302307 ) ) ;
#1797 = CARTESIAN_POINT ( 'NONE',  ( 4.339426733693342975, 30.30517444096059165, 13.30049881527948408 ) ) ;
#1798 = CARTESIAN_POINT ( 'NONE',  ( 13.89932148812502177, 32.68694635782487268, -1.566706170381278795 ) ) ;
#1799 = APPROVAL ( #780, 'UNSPECIFIED' ) ;
#1800 = CARTESIAN_POINT ( 'NONE',  ( -7.892089626434113825, 11.76514684611773731, -11.98525637802066512 ) ) ;
#1801 = CARTESIAN_POINT ( 'NONE',  ( 2.013322327617649510, 53.57980350068201858, -17.87431023900302307 ) ) ;
#1802 = CARTESIAN_POINT ( 'NONE',  ( -15.78473206644855864, 33.72943256040345261, -9.556950604592149290 ) ) ;
#1803 = CARTESIAN_POINT ( 'NONE',  ( 13.04560959886932103, 54.38337492925344208, -13.04651592615081412 ) ) ;
#1804 = CARTESIAN_POINT ( 'NONE',  ( -6.381129419706733863, 8.608745869532015149, 17.31396765956023387 ) ) ;
#1805 = CARTESIAN_POINT ( 'NONE',  ( -1.910319204534601800, 49.80086113183201491, -14.22259222699365289 ) ) ;
#1806 = CARTESIAN_POINT ( 'NONE',  ( -5.941431822409547259, 38.04408921496773388, -16.97774488012678518 ) ) ;
#1807 = CARTESIAN_POINT ( 'NONE',  ( -4.737925785162139469, 42.59766064353916448, 13.54215436044369092 ) ) ;
#1808 = CARTESIAN_POINT ( 'NONE',  ( 9.558035885149614330, 0.03731729810344409232, 15.78405013947740443 ) ) ;
#1809 = CARTESIAN_POINT ( 'NONE',  ( 9.569313298882223151, 9.115517786396303279, -15.23064924101556095 ) ) ;
#1810 = CARTESIAN_POINT ( 'NONE',  ( 10.36028257791282137, 27.89446015524630340, -9.929512150327971298 ) ) ;
#1811 = CARTESIAN_POINT ( 'NONE',  ( -12.82977122143616278, 47.12228970326060562, 13.26235430358396883 ) ) ;
#1812 = CARTESIAN_POINT ( 'NONE',  ( -15.62233376509898797, 14.74051778639630506, -9.815406020601805892 ) ) ;
#1813 = CARTESIAN_POINT ( 'NONE',  ( 7.693160391943282050, 27.62660301238916460, -11.68542580722579238 ) ) ;
#1814 = CARTESIAN_POINT ( 'NONE',  ( -9.890985408382910293, 37.50837492925344208, -9.890101804618650405 ) ) ;
#1815 = CARTESIAN_POINT ( 'NONE',  ( -4.901204415484357035, 12.03300398897487966, -13.10392430250715812 ) ) ;
#1816 = CARTESIAN_POINT ( 'NONE',  ( -5.941431822409547259, 0.5440892149677324374, -16.97774488012678518 ) ) ;
#1817 = CARTESIAN_POINT ( 'NONE',  ( -17.31354432756522499, 62.65800398897487611, 6.382339233041261828 ) ) ;
#1818 =( NAMED_UNIT ( * ) SI_UNIT ( $, .STERADIAN. ) SOLID_ANGLE_UNIT ( ) );
#1819 = CARTESIAN_POINT ( 'NONE',  ( 15.38831104825393048, 13.16231729810344397, -9.318395970067859579 ) ) ;
#1820 = CARTESIAN_POINT ( 'NONE',  ( 7.892089626434113825, 60.51514684611774442, 11.98525637802066512 ) ) ;
#1821 = CARTESIAN_POINT ( 'NONE',  ( 2.066372343659836464, 49.56194635782487268, 18.33383792212573837 ) ) ;
#1822 = CARTESIAN_POINT ( 'NONE',  ( -1.565464423204447009, 34.82980350068201858, 13.89946139943004866 ) ) ;
#1823 = CARTESIAN_POINT ( 'NONE',  ( -13.26144797630246863, 16.64446015524630340, 12.83067754871767185 ) ) ;
#1824 = CARTESIAN_POINT ( 'NONE',  ( 5.941431822409549035, 11.79408921496773388, 16.97774488012678518 ) ) ;
#1825 = CARTESIAN_POINT ( 'NONE',  ( 7.375178794414805949, 22.53731729810344575, 12.31005298071981713 ) ) ;
#1826 = CARTESIAN_POINT ( 'NONE',  ( 13.44091613212862768, 6.408003988974880549, -5.027248019308205862 ) ) ;
#1827 = CARTESIAN_POINT ( 'NONE',  ( 9.317337899759843722, 35.60443256040345261, -15.38897587789217347 ) ) ;
#1828 = CARTESIAN_POINT ( 'NONE',  ( 2.066372343659835575, 12.06194635782487801, 18.33383792212573837 ) ) ;
#1829 = CARTESIAN_POINT ( 'NONE',  ( -4.737925785162139469, 35.09766064353916448, 13.54215436044369092 ) ) ;
#1830 = CARTESIAN_POINT ( 'NONE',  ( 7.892089626434113825, 15.51514684611773731, 11.98525637802066512 ) ) ;
#1831 = CARTESIAN_POINT ( 'NONE',  ( -17.41435922388530244, 58.66908921496774099, 6.094226812229657675 ) ) ;
#1832 = CARTESIAN_POINT ( 'NONE',  ( 6.222320663305056065, 60.78300398897488321, 16.87945762374062042 ) ) ;
#1833 = DIRECTION ( 'NONE',  ( 1.000000000000000000, 0.000000000000000000, 0.000000000000000000 ) ) ;
#1834 = CARTESIAN_POINT ( 'NONE',  ( -5.660542981514041116, 19.05517444096058810, -17.07603213651294638 ) ) ;
#1835 = CARTESIAN_POINT ( 'NONE',  ( -1.606996938753239457, 0.8119463578248756752, -14.25676843841640462 ) ) ;
#1836 = CARTESIAN_POINT ( 'NONE',  ( -10.07494671716892043, 4.265146846117735535, -15.45925353677825420 ) ) ;
#1837 = CARTESIAN_POINT ( 'NONE',  ( 10.14444420047966666, 54.38337492925344208, -10.14535052776112423 ) ) ;
#1838 = CARTESIAN_POINT ( 'NONE',  ( -18.29980522008792931, 17.71588872667487280, -2.368420928421930860 ) ) ;
#1839 = CARTESIAN_POINT ( 'NONE',  ( -15.62233376509898974, 22.24051778639630328, -9.815406020601807668 ) ) ;
#1840 = CARTESIAN_POINT ( 'NONE',  ( 4.339426733693342975, 30.30517444096059165, 13.30049881527948408 ) ) ;
#1841 = CARTESIAN_POINT ( 'NONE',  ( 10.10141226706252660, 7.747289703260593186, 9.679674945939028774 ) ) ;
#1842 = CARTESIAN_POINT ( 'NONE',  ( 13.04560959886932103, 16.88337492925344918, -13.04651592615081412 ) ) ;
#1843 = CARTESIAN_POINT ( 'NONE',  ( 11.84308761446418856, 9.651232072110591531, -7.442243063128862524 ) ) ;
#1844 = CARTESIAN_POINT ( 'NONE',  ( -18.36815764293342212, 55.69371827468916791, -1.761776396859210170 ) ) ;
#1845 = CARTESIAN_POINT ( 'NONE',  ( -16.97815759830483273, 14.47266064353916093, -5.940252341621187426 ) ) ;
#1846 = CARTESIAN_POINT ( 'NONE',  ( -1.606996938753239457, 45.81194635782489399, -14.25676843841640462 ) ) ;
#1847 = CARTESIAN_POINT ( 'NONE',  ( -7.633634210424458999, 0.2762320721105898658, -12.14765467937024290 ) ) ;
#1848 = CARTESIAN_POINT ( 'NONE',  ( -13.86600214567635270, 32.92586113183201491, 1.862423513677762710 ) ) ;
#1849 = AXIS2_PLACEMENT_3D ( 'NONE', #3259, #2664, #2085 ) ;
#1850 = CARTESIAN_POINT ( 'NONE',  ( 15.62233376509898974, 10.99051778639630328, 9.815406020601812997 ) ) ;
#1851 = CARTESIAN_POINT ( 'NONE',  ( -12.92983939180873953, 56.49728970326059141, -12.50810207068520441 ) ) ;
#1852 = PERSON_AND_ORGANIZATION ( #2938, #3299 ) ;
#1853 = CARTESIAN_POINT ( 'NONE',  ( -15.38831104825392870, 24.41231729810344575, 9.318395970067859579 ) ) ;
#1854 = CARTESIAN_POINT ( 'NONE',  ( 13.20262427707134556, 3.222660643539161818, 4.619136093800549681 ) ) ;
#1855 = CARTESIAN_POINT ( 'NONE',  ( -6.093016998895131486, 57.59766064353917869, 17.41478255588030777 ) ) ;
#1856 = CARTESIAN_POINT ( 'NONE',  ( 7.633634210424460775, 56.52623207211058798, 12.14765467937024468 ) ) ;
#1857 = CARTESIAN_POINT ( 'NONE',  ( 16.87987034191867508, 21.73374586953201870, 6.221141182516698009 ) ) ;
#1858 = CARTESIAN_POINT ( 'NONE',  ( -15.62233376509898974, 29.74051778639630683, -9.815406020601807668 ) ) ;
#1859 = CARTESIAN_POINT ( 'NONE',  ( -2.066372343659833799, 8.311946357824879783, -18.33383792212573837 ) ) ;
#1860 = CARTESIAN_POINT ( 'NONE',  ( -5.026038205973742734, 23.60874586953202581, 13.44133946412361524 ) ) ;
#1861 = CARTESIAN_POINT ( 'NONE',  ( 13.30091153345750676, 22.21157541754631026, 4.338247252905039986 ) ) ;
#1862 = CARTESIAN_POINT ( 'NONE',  ( 6.093016998895132375, 16.34766064353916093, -17.41478255588030777 ) ) ;
#1863 = CARTESIAN_POINT ( 'NONE',  ( 1.565464423204449673, 1.079803500682018580, -13.89946139943004688 ) ) ;
#1864 = CARTESIAN_POINT ( 'NONE',  ( 12.92983939180874131, 60.24728970326059851, 12.50810207068520441 ) ) ;
#1865 = CARTESIAN_POINT ( 'NONE',  ( 1.565464423204449673, 31.07980350068201858, -13.89946139943004688 ) ) ;
#1866 = CARTESIAN_POINT ( 'NONE',  ( 17.87417032769799263, 17.68694635782487623, -2.014564074794543913 ) ) ;
#1867 = CARTESIAN_POINT ( 'NONE',  ( -10.14444420047966489, 58.13337492925346339, 10.14535052776112423 ) ) ;
#1868 = CARTESIAN_POINT ( 'NONE',  ( -10.14444420047966489, 5.633374929253448293, 10.14535052776112423 ) ) ;
#1869 = CARTESIAN_POINT ( 'NONE',  ( 14.29108815922407594, 21.94371827468916436, 1.302400991952682663 ) ) ;
#1870 = CARTESIAN_POINT ( 'NONE',  ( -15.22998441137730907, 5.901232072110590643, 9.570371369190237232 ) ) ;
#1871 = CARTESIAN_POINT ( 'NONE',  ( -6.222320663305054289, 57.03300398897488321, -16.87945762374062042 ) ) ;
#1872 = COORDINATED_UNIVERSAL_TIME_OFFSET ( 5, 30, .AHEAD. ) ;
#1873 = CARTESIAN_POINT ( 'NONE',  ( -18.29980522008792931, 40.21588872667488346, -2.368420928421930860 ) ) ;
#1874 = CARTESIAN_POINT ( 'NONE',  ( -10.14444420047966489, 5.633374929253450070, 10.14535052776112423 ) ) ;
#1875 = CARTESIAN_POINT ( 'NONE',  ( -12.71941253312912501, 30.00837492925344918, -12.71852892936481894 ) ) ;
#1876 = CARTESIAN_POINT ( 'NONE',  ( 12.92983939180874131, 7.747289703260593186, 12.50810207068520441 ) ) ;
#1877 = CARTESIAN_POINT ( 'NONE',  ( 16.87987034191867508, 29.23374586953201870, 6.221141182516698009 ) ) ;
#1878 = CARTESIAN_POINT ( 'NONE',  ( -18.33398143151067217, 29.20480350068202213, -2.065098662640568961 ) ) ;
#1879 = CARTESIAN_POINT ( 'NONE',  ( -17.41435922388530244, 13.66908921496773210, 6.094226812229657675 ) ) ;
#1880 = CARTESIAN_POINT ( 'NONE',  ( -4.339426733693341198, 49.05517444096060586, -13.30049881527948585 ) ) ;
#1881 = CARTESIAN_POINT ( 'NONE',  ( -9.680558549703295768, 26.01946015524630340, -10.10052866329826671 ) ) ;
#1882 = CARTESIAN_POINT ( 'NONE',  ( -9.816491301159269156, 45.27623207211060219, -15.62165183812783198 ) ) ;
#1883 = CARTESIAN_POINT ( 'NONE',  ( 7.189209593698524081, 20.60443256040345261, -12.00207908097901921 ) ) ;
#1884 = CARTESIAN_POINT ( 'NONE',  ( -15.22998441137730907, 13.40123207211059153, 9.570371369190237232 ) ) ;
#1885 = CARTESIAN_POINT ( 'NONE',  ( 10.14444420047966666, 16.88337492925344918, -10.14535052776112423 ) ) ;
#1886 = CARTESIAN_POINT ( 'NONE',  ( 17.07644485469099038, 59.71157541754630671, 5.659363500725681284 ) ) ;
#1887 = CARTESIAN_POINT ( 'NONE',  ( 11.84308761446418856, 32.15123207211058798, -7.442243063128862524 ) ) ;
#1888 = CARTESIAN_POINT ( 'NONE',  ( 9.890985408382912070, 48.75837492925344208, 9.890101804618648629 ) ) ;
#1889 = CARTESIAN_POINT ( 'NONE',  ( 11.84308761446418856, 17.15123207211059153, -7.442243063128862524 ) ) ;
#1890 = CARTESIAN_POINT ( 'NONE',  ( -11.68476097758756893, 32.39014684611773731, 7.694218462251239288 ) ) ;
#1891 = CARTESIAN_POINT ( 'NONE',  ( -13.10433702068519146, 55.48374586953202225, -4.900024934696059375 ) ) ;
#1892 = CARTESIAN_POINT ( 'NONE',  ( 5.941431822409549035, 4.294089214967732993, 16.97774488012678518 ) ) ;
#1893 = CARTESIAN_POINT ( 'NONE',  ( -1.717604984321164041, 53.81871827468916081, 17.90762958145168682 ) ) ;
#1894 = COORDINATED_UNIVERSAL_TIME_OFFSET ( 5, 30, .AHEAD. ) ;
#1895 = CARTESIAN_POINT ( 'NONE',  ( 16.87987034191867508, 29.23374586953201870, 6.221141182516698009 ) ) ;
#1896 = CARTESIAN_POINT ( 'NONE',  ( 9.890985408382912070, 3.758374929253447405, 9.890101804618648629 ) ) ;
#1897 = CARTESIAN_POINT ( 'NONE',  ( 5.941431822409549035, 26.79408921496773388, 16.97774488012678518 ) ) ;
#1898 = CARTESIAN_POINT ( 'NONE',  ( 15.62233376509898974, 55.99051778639630328, 9.815406020601812997 ) ) ;
#1899 = CARTESIAN_POINT ( 'NONE',  ( 17.90748967014665993, 28.69803158381773756, -1.718846731498061331 ) ) ;
#1900 = VERTEX_POINT ( 'NONE', #3528 ) ;
#1901 = CARTESIAN_POINT ( 'NONE',  ( -9.569313298882221375, 20.36551778639630683, 15.23064924101556450 ) ) ;
#1902 = CARTESIAN_POINT ( 'NONE',  ( 13.04560959886932103, 9.383374929253447405, -13.04651592615081412 ) ) ;
#1903 = CARTESIAN_POINT ( 'NONE',  ( -9.680558549703295768, 48.51946015524631406, -10.10052866329826671 ) ) ;
#1904 = CARTESIAN_POINT ( 'NONE',  ( -13.93264083057369085, 24.94803158381773045, 1.270988827084797990 ) ) ;
#1905 = CARTESIAN_POINT ( 'NONE',  ( 13.04560959886932103, 39.38337492925344208, -13.04651592615081412 ) ) ;
#1906 = CARTESIAN_POINT ( 'NONE',  ( 7.189209593698524081, 13.10443256040345084, -12.00207908097901921 ) ) ;
#1907 = CARTESIAN_POINT ( 'NONE',  ( -9.816491301159269156, 15.27623207211059153, -15.62165183812783198 ) ) ;
#1908 = CARTESIAN_POINT ( 'NONE',  ( -13.54173102844871579, 6.169089214967734769, 4.739135598496603485 ) ) ;
#1909 = CARTESIAN_POINT ( 'NONE',  ( -17.31354432756522499, 62.65800398897487611, 6.382339233041261828 ) ) ;
#1910 = CARTESIAN_POINT ( 'NONE',  ( -9.816491301159265603, 45.27623207211059508, -15.62165183812783020 ) ) ;
#1911 = CARTESIAN_POINT ( 'NONE',  ( -13.54173102844871401, 43.66908921496774099, 4.739135598496604374 ) ) ;
#1912 = CARTESIAN_POINT ( 'NONE',  ( -12.50898567444951226, 56.01946015524631406, -12.92895578804443524 ) ) ;
#1913 = CARTESIAN_POINT ( 'NONE',  ( -4.620315574588849117, 53.04408921496773388, -13.20221155889332287 ) ) ;
#1914 = CARTESIAN_POINT ( 'NONE',  ( -7.441184992820900845, 12.86551778639630506, 11.84375244410240846 ) ) ;
#1915 = CARTESIAN_POINT ( 'NONE',  ( 1.910319204534604243, 31.05086113183202201, 14.22259222699365289 ) ) ;
#1916 = CARTESIAN_POINT ( 'NONE',  ( -13.93264083057369085, 39.94803158381773045, 1.270988827084797990 ) ) ;
#1917 = CARTESIAN_POINT ( 'NONE',  ( -1.910319204534601800, 4.800861131832022899, -14.22259222699365289 ) ) ;
#1918 = CARTESIAN_POINT ( 'NONE',  ( -16.87987034191867508, 25.48374586953201870, -6.221141182516696233 ) ) ;
#1919 = CARTESIAN_POINT ( 'NONE',  ( -13.04560959886931748, 5.633374929253448293, 13.04651592615081768 ) ) ;
#1920 = CARTESIAN_POINT ( 'NONE',  ( -13.89932148812502000, 21.43694635782487623, 1.566706170381279684 ) ) ;
#1921 = CARTESIAN_POINT ( 'NONE',  ( -5.941431822409547259, 23.04408921496773388, -16.97774488012678518 ) ) ;
#1922 = CARTESIAN_POINT ( 'NONE',  ( -5.804904578083523781, 9.086575417546306710, 17.51559745220038522 ) ) ;
#1923 = CARTESIAN_POINT ( 'NONE',  ( 17.90748967014665993, 43.69803158381773045, -1.718846731498061331 ) ) ;
#1924 = CARTESIAN_POINT ( 'NONE',  ( 6.093016998895131486, 1.347660643539161152, -17.41478255588030777 ) ) ;
#1925 = CARTESIAN_POINT ( 'NONE',  ( -15.22998441137730907, 28.40123207211059153, 9.570371369190237232 ) ) ;
#1926 = CARTESIAN_POINT ( 'NONE',  ( -9.569313298882221375, 27.86551778639630683, 15.23064924101556450 ) ) ;
#1927 = CARTESIAN_POINT ( 'NONE',  ( -5.026038205973742734, 46.10874586953202936, 13.44133946412361524 ) ) ;
#1928 = CARTESIAN_POINT ( 'NONE',  ( -10.36028257791282137, 31.64446015524629985, 9.929512150327971298 ) ) ;
#1929 = CARTESIAN_POINT ( 'NONE',  ( -16.97815759830483273, 36.97266064353915738, -5.940252341621187426 ) ) ;
#1930 = CARTESIAN_POINT ( 'NONE',  ( -11.68476097758756893, 32.39014684611773731, 7.694218462251239288 ) ) ;
#1931 = CARTESIAN_POINT ( 'NONE',  ( -16.97815759830483273, 14.47266064353916093, -5.940252341621187426 ) ) ;
#1932 = CARTESIAN_POINT ( 'NONE',  ( 7.441184992820901734, 1.615517786396304389, -11.84375244410240668 ) ) ;
#1933 = CARTESIAN_POINT ( 'NONE',  ( -6.093016998895129710, 50.09766064353916448, 17.41478255588030777 ) ) ;
#1934 = CARTESIAN_POINT ( 'NONE',  ( 4.620315574588850005, 41.79408921496773388, 13.20221155889332287 ) ) ;
#1935 = CARTESIAN_POINT ( 'NONE',  ( -2.066372343659833799, 0.8119463578248754532, -18.33383792212573837 ) ) ;
#1936 = CARTESIAN_POINT ( 'NONE',  ( -7.633634210424459887, 45.27623207211060219, -12.14765467937024646 ) ) ;
#1937 = CARTESIAN_POINT ( 'NONE',  ( -4.737925785162138581, 12.59766064353916271, 13.54215436044369447 ) ) ;
#1938 = CARTESIAN_POINT ( 'NONE',  ( 17.41435922388530244, 24.91908921496774099, -6.094226812229655899 ) ) ;
#1939 = CARTESIAN_POINT ( 'NONE',  ( -7.189209593698521417, 46.85443256040345261, 12.00207908097901921 ) ) ;
#1940 = CARTESIAN_POINT ( 'NONE',  ( -9.680558549703295768, 41.01946015524631406, -10.10052866329826671 ) ) ;
#1941 = CARTESIAN_POINT ( 'NONE',  ( 12.50898567444951581, 37.26946015524629985, 12.92895578804443524 ) ) ;
#1942 = CARTESIAN_POINT ( 'NONE',  ( 10.14444420047966666, 16.88337492925344918, -10.14535052776112423 ) ) ;
#1943 = CARTESIAN_POINT ( 'NONE',  ( 5.941431822409549035, 34.29408921496773388, 16.97774488012678518 ) ) ;
#1944 = CARTESIAN_POINT ( 'NONE',  ( -12.82977122143616278, 24.62228970326059141, 13.26235430358396883 ) ) ;
#1945 = CARTESIAN_POINT ( 'NONE',  ( -17.51517412020538345, 39.68017444096058455, 5.806114391418055298 ) ) ;
#1946 = CARTESIAN_POINT ( 'NONE',  ( 12.71941253312912679, 3.758374929253446961, 12.71852892936481716 ) ) ;
#1947 = CARTESIAN_POINT ( 'NONE',  ( -18.33398143151067217, 44.20480350068203279, -2.065098662640568961 ) ) ;
#1948 = CARTESIAN_POINT ( 'NONE',  ( 2.013322327617649510, 38.57980350068201858, -17.87431023900302307 ) ) ;
#1949 = CARTESIAN_POINT ( 'NONE',  ( -13.93264083057369085, 47.44803158381773756, 1.270988827084797990 ) ) ;
#1950 = CARTESIAN_POINT ( 'NONE',  ( -13.64254592476879147, 39.68017444096058455, 4.451023177685001997 ) ) ;
#1951 = CARTESIAN_POINT ( 'NONE',  ( -13.04560959886931926, 43.13337492925346339, 13.04651592615081768 ) ) ;
#1952 = CARTESIAN_POINT ( 'NONE',  ( 4.901204415484357924, 30.78300398897487966, 13.10392430250715812 ) ) ;
#1953 = CARTESIAN_POINT ( 'NONE',  ( -15.62233376509898974, 22.24051778639630328, -9.815406020601807668 ) ) ;
#1954 = CARTESIAN_POINT ( 'NONE',  ( 13.54173102844871401, 24.91908921496774099, -4.739135598496600821 ) ) ;
#1955 = CARTESIAN_POINT ( 'NONE',  ( 16.97815759830482918, 40.72266064353915738, 5.940252341621189203 ) ) ;
#1956 = CARTESIAN_POINT ( 'NONE',  ( -1.565464423204447009, 42.32980350068201858, 13.89946139943004866 ) ) ;
#1957 = CARTESIAN_POINT ( 'NONE',  ( -15.07165777450069477, 17.39014684611773731, 9.822346768312614884 ) ) ;
#1958 = CARTESIAN_POINT ( 'NONE',  ( -15.38831104825392870, 54.41231729810344575, 9.318395970067859579 ) ) ;
#1959 = CARTESIAN_POINT ( 'NONE',  ( 14.22273573637858668, -1.034111273325127422, 1.909045523515405351 ) ) ;
#1960 = CARTESIAN_POINT ( 'NONE',  ( -10.14444420047966489, 20.63337492925344918, 10.14535052776112423 ) ) ;
#1961 = CARTESIAN_POINT ( 'NONE',  ( -16.97815759830483273, 29.47266064353916448, -5.940252341621187426 ) ) ;
#1962 = CARTESIAN_POINT ( 'NONE',  ( 1.910319204534604243, 53.55086113183202201, 14.22259222699365289 ) ) ;
#1963 = CARTESIAN_POINT ( 'NONE',  ( -9.680558549703295768, 48.51946015524631406, -10.10052866329826671 ) ) ;
#1964 = CARTESIAN_POINT ( 'NONE',  ( 5.660542981514042893, 37.80517444096058455, 17.07603213651294638 ) ) ;
#1965 = CARTESIAN_POINT ( 'NONE',  ( -9.890985408382910293, 15.00837492925344741, -9.890101804618650405 ) ) ;
#1966 = CARTESIAN_POINT ( 'NONE',  ( -5.804904578083523781, 16.58657541754631382, 17.51559745220038522 ) ) ;
#1967 = CARTESIAN_POINT ( 'NONE',  ( -15.38831104825392870, 39.41231729810344575, 9.318395970067859579 ) ) ;
#1968 = CARTESIAN_POINT ( 'NONE',  ( 15.22998441137731085, 39.65123207211058798, -9.570371369190235455 ) ) ;
#1969 = CARTESIAN_POINT ( 'NONE',  ( -6.093016998895131486, 27.59766064353917159, 17.41478255588030777 ) ) ;
#1970 = CARTESIAN_POINT ( 'NONE',  ( 4.339426733693342975, 45.30517444096059165, 13.30049881527948408 ) ) ;
#1971 = CARTESIAN_POINT ( 'NONE',  ( -11.98593830499178914, 33.25160301238917526, -7.891004345876712733 ) ) ;
#1972 = CARTESIAN_POINT ( 'NONE',  ( -5.941431822409547259, 38.04408921496773388, -16.97774488012678518 ) ) ;
#1973 = CARTESIAN_POINT ( 'NONE',  ( -12.31073490769093581, 33.72943256040345261, -7.374093513857398641 ) ) ;
#1974 = CARTESIAN_POINT ( 'NONE',  ( 15.62233376509898974, 25.99051778639631394, 9.815406020601812997 ) ) ;
#1975 = CARTESIAN_POINT ( 'NONE',  ( 4.737925785162140357, 31.34766064353916448, -13.54215436044368737 ) ) ;
#1976 = CARTESIAN_POINT ( 'NONE',  ( 16.97815759830482918, 48.22266064353915738, 5.940252341621189203 ) ) ;
#1977 = CARTESIAN_POINT ( 'NONE',  ( 1.606996938753243231, 57.06194635782487268, 14.25676843841640462 ) ) ;
#1978 = CARTESIAN_POINT ( 'NONE',  ( -15.78473206644855864, 18.72943256040344906, -9.556950604592149290 ) ) ;
#1979 = CARTESIAN_POINT ( 'NONE',  ( -9.558035885149614330, 48.78731729810344575, -15.78405013947740798 ) ) ;
#1980 = CARTESIAN_POINT ( 'NONE',  ( -12.14833660634136514, 14.74051778639630506, -7.632548929867055243 ) ) ;
#1981 = CARTESIAN_POINT ( 'NONE',  ( -2.013322327617646401, 27.32980350068201858, 17.87431023900302307 ) ) ;
#1982 = CARTESIAN_POINT ( 'NONE',  ( -11.68476097758756893, 39.89014684611773731, 7.694218462251239288 ) ) ;
#1983 = CARTESIAN_POINT ( 'NONE',  ( -1.861181766500929369, 53.34088872667487635, 13.86614205698138669 ) ) ;
#1984 = PERSON_AND_ORGANIZATION_ROLE ( 'classification_officer' ) ;
#1985 = CARTESIAN_POINT ( 'NONE',  ( 4.620315574588850005, 11.79408921496773388, 13.20221155889332287 ) ) ;
#1986 = CARTESIAN_POINT ( 'NONE',  ( -9.317337899759843722, 16.85443256040345261, 15.38897587789217702 ) ) ;
#1987 = CARTESIAN_POINT ( 'NONE',  ( -13.26144797630246863, 31.64446015524629985, 12.83067754871767185 ) ) ;
#1988 = CARTESIAN_POINT ( 'NONE',  ( 15.62233376509898974, 40.99051778639629617, 9.815406020601812997 ) ) ;
#1989 = CARTESIAN_POINT ( 'NONE',  ( -15.62233376509898974, 37.24051778639630328, -9.815406020601807668 ) ) ;
#1990 = CARTESIAN_POINT ( 'NONE',  ( 1.303674672971881554, 53.07303158381773756, 14.29094464983915458 ) ) ;
#1991 = CARTESIAN_POINT ( 'NONE',  ( 15.62233376509898974, 48.49051778639631749, 9.815406020601812997 ) ) ;
#1992 = CARTESIAN_POINT ( 'NONE',  ( -11.68476097758756893, 24.89014684611773731, 7.694218462251239288 ) ) ;
#1993 = CARTESIAN_POINT ( 'NONE',  ( 18.33398143151067217, 25.45480350068202569, 2.065098662640570737 ) ) ;
#1994 = CARTESIAN_POINT ( 'NONE',  ( 1.565464423204449673, 31.07980350068201858, -13.89946139943004688 ) ) ;
#1995 = CARTESIAN_POINT ( 'NONE',  ( -15.62233376509898797, 44.74051778639631038, -9.815406020601805892 ) ) ;
#1996 = CARTESIAN_POINT ( 'NONE',  ( -9.890985408382910293, 45.00837492925344918, -9.890101804618650405 ) ) ;
#1997 = CARTESIAN_POINT ( 'NONE',  ( 12.82977122143616633, 5.872289703260593186, -13.26235430358396883 ) ) ;
#1998 = CARTESIAN_POINT ( 'NONE',  ( -17.51517412020538345, 47.18017444096059876, 5.806114391418055298 ) ) ;
#1999 = CARTESIAN_POINT ( 'NONE',  ( 9.816491301159272709, 19.02623207211059864, 15.62165183812783198 ) ) ;
#2000 = CARTESIAN_POINT ( 'NONE',  ( 11.68476097758757071, 43.64014684611773731, -7.694218462251239288 ) ) ;
#2001 = CARTESIAN_POINT ( 'NONE',  ( 5.026038205973743622, 12.35874586953201515, -13.44133946412361524 ) ) ;
#2002 = CARTESIAN_POINT ( 'NONE',  ( -13.54173102844871579, 21.16908921496773033, 4.739135598496603485 ) ) ;
#2003 = CARTESIAN_POINT ( 'NONE',  ( -1.717604984321164041, 16.31871827468916436, 17.90762958145168682 ) ) ;
#2004 = CARTESIAN_POINT ( 'NONE',  ( 17.51517412020538700, 50.93017444096060586, -5.806114391418052634 ) ) ;
#2005 = CARTESIAN_POINT ( 'NONE',  ( 6.093016998895132375, 46.34766064353917159, -17.41478255588030777 ) ) ;
#2006 = CARTESIAN_POINT ( 'NONE',  ( 2.013322327617649510, 31.07980350068201858, -17.87431023900302307 ) ) ;
#2007 = CARTESIAN_POINT ( 'NONE',  ( 18.29980522008792931, 6.465888726674871911, 2.368420928421932636 ) ) ;
#2008 = CARTESIAN_POINT ( 'NONE',  ( -6.093016998895131486, 57.59766064353917869, 17.41478255588030777 ) ) ;
#2009 = CARTESIAN_POINT ( 'NONE',  ( -4.449813364350533540, 39.08657541754632092, 13.64296925676377015 ) ) ;
#2010 = CARTESIAN_POINT ( 'NONE',  ( -17.41435922388530244, 21.16908921496773033, 6.094226812229657675 ) ) ;
#2011 = CARTESIAN_POINT ( 'NONE',  ( -13.54173102844871579, 21.16908921496773033, 4.739135598496603485 ) ) ;
#2012 = CARTESIAN_POINT ( 'NONE',  ( 13.89932148812502177, 55.18694635782487268, -1.566706170381278795 ) ) ;
#2013 = CARTESIAN_POINT ( 'NONE',  ( 17.07644485469099038, 14.71157541754630671, 5.659363500725681284 ) ) ;
#2014 = CARTESIAN_POINT ( 'NONE',  ( 12.00141425134080642, 13.16231729810344397, -7.190267664006485759 ) ) ;
#2015 = CARTESIAN_POINT ( 'NONE',  ( 14.29108815922407594, 51.94371827468916081, 1.302400991952682663 ) ) ;
#2016 = CARTESIAN_POINT ( 'NONE',  ( 13.10433702068518791, 6.733745869532016037, 4.900024934696060264 ) ) ;
#2017 = CARTESIAN_POINT ( 'NONE',  ( -4.737925785162139469, 42.59766064353916448, 13.54215436044369092 ) ) ;
#2018 = CARTESIAN_POINT ( 'NONE',  ( 17.84085098524932178, 29.17586113183202556, -2.310281418091023387 ) ) ;
#2019 = CARTESIAN_POINT ( 'NONE',  ( -9.816491301159269156, 0.2762320721105896992, -15.62165183812783198 ) ) ;
#2020 = CARTESIAN_POINT ( 'NONE',  ( 17.41435922388530244, 47.41908921496774099, -6.094226812229655899 ) ) ;
#2021 = CARTESIAN_POINT ( 'NONE',  ( 17.87417032769799263, 55.18694635782487268, -2.014564074794543913 ) ) ;
#2022 = CARTESIAN_POINT ( 'NONE',  ( -17.90748967014665993, 2.448031583817730006, 1.718846731498061331 ) ) ;
#2023 = CARTESIAN_POINT ( 'NONE',  ( -2.013322327617646401, 49.82980350068201858, 17.87431023900302307 ) ) ;
#2024 = CARTESIAN_POINT ( 'NONE',  ( 12.31073490769093581, 52.47943256040345972, 7.374093513857401305 ) ) ;
#2025 = CARTESIAN_POINT ( 'NONE',  ( -5.941431822409547259, 23.04408921496773388, -16.97774488012678518 ) ) ;
#2026 = CARTESIAN_POINT ( 'NONE',  ( -12.14833660634136869, 29.74051778639630683, -7.632548929867056131 ) ) ;
#2027 = CARTESIAN_POINT ( 'NONE',  ( -5.660542981514041116, 4.055174440960587212, -17.07603213651294638 ) ) ;
#2028 = FACE_OUTER_BOUND ( 'NONE', #762, .T. ) ;
#2029 = CARTESIAN_POINT ( 'NONE',  ( -12.92983939180873953, 3.997289703260593186, -12.50810207068520441 ) ) ;
#2030 = CARTESIAN_POINT ( 'NONE',  ( 14.22273573637858668, 6.465888726674871911, 1.909045523515405351 ) ) ;
#2031 = CARTESIAN_POINT ( 'NONE',  ( -1.269747079907964649, 61.31871827468917502, 13.93278074187870885 ) ) ;
#2032 = CARTESIAN_POINT ( 'NONE',  ( -1.303674672971879112, 4.323031583817729562, -14.29094464983915458 ) ) ;
#2033 = CARTESIAN_POINT ( 'NONE',  ( 17.31354432756522499, 36.40800398897488321, -6.382339233041259163 ) ) ;
#2034 = CARTESIAN_POINT ( 'NONE',  ( 12.50898567444951581, 52.26946015524631406, 12.92895578804443524 ) ) ;
#2035 = CARTESIAN_POINT ( 'NONE',  ( -15.22998441137730907, 58.40123207211059508, 9.570371369190237232 ) ) ;
#2036 = CARTESIAN_POINT ( 'NONE',  ( -2.066372343659833799, 53.31194635782487268, -18.33383792212573837 ) ) ;
#2037 = CARTESIAN_POINT ( 'NONE',  ( 11.98593830499179269, 52.00160301238916105, 7.891004345876712733 ) ) ;
#2038 = CARTESIAN_POINT ( 'NONE',  ( 17.41435922388530244, 54.91908921496773388, -6.094226812229655899 ) ) ;
#2039 = CARTESIAN_POINT ( 'NONE',  ( -13.30091153345750854, 40.96157541754630671, -4.338247252905039097 ) ) ;
#2040 = CARTESIAN_POINT ( 'NONE',  ( 9.569313298882223151, 46.61551778639630328, -15.23064924101556095 ) ) ;
#2041 = CARTESIAN_POINT ( 'NONE',  ( 4.737925785162140357, 38.84766064353915738, -13.54215436044368737 ) ) ;
#2042 = CARTESIAN_POINT ( 'NONE',  ( 13.26144797630247041, 12.89446015524630162, -12.83067754871767185 ) ) ;
#2043 = CARTESIAN_POINT ( 'NONE',  ( 17.41435922388530244, 17.41908921496774099, -6.094226812229655899 ) ) ;
#2044 = CARTESIAN_POINT ( 'NONE',  ( -1.717604984321164041, 31.31871827468917147, 17.90762958145168682 ) ) ;
#2045 = CARTESIAN_POINT ( 'NONE',  ( 13.10433702068518791, 6.733745869532016037, 4.900024934696060264 ) ) ;
#2046 = CARTESIAN_POINT ( 'NONE',  ( -1.717604984321164041, 46.31871827468916791, 17.90762958145168682 ) ) ;
#2047 = AXIS2_PLACEMENT_3D ( 'NONE', #1461, #625, #1783 ) ;
#2048 = CARTESIAN_POINT ( 'NONE',  ( 7.189209593698524081, 58.10443256040345261, -12.00207908097901921 ) ) ;
#2049 = CARTESIAN_POINT ( 'NONE',  ( 1.861181766500932033, 4.590888726674872800, -13.86614205698138669 ) ) ;
#2050 = CARTESIAN_POINT ( 'NONE',  ( 12.31073490769093581, 14.97943256040345261, 7.374093513857401305 ) ) ;
#2051 = CARTESIAN_POINT ( 'NONE',  ( -9.890985408382910293, 60.00837492925344918, -9.890101804618650405 ) ) ;
#2052 = CARTESIAN_POINT ( 'NONE',  ( -1.717604984321164041, 31.31871827468917147, 17.90762958145168682 ) ) ;
#2053 = CARTESIAN_POINT ( 'NONE',  ( 17.87417032769799263, 55.18694635782487268, -2.014564074794543913 ) ) ;
#2054 = CARTESIAN_POINT ( 'NONE',  ( -5.941431822409547259, 53.04408921496773388, -16.97774488012678518 ) ) ;
#2055 = CARTESIAN_POINT ( 'NONE',  ( -7.693160391943281162, 53.87660301238915395, 11.68542580722579594 ) ) ;
#2056 = ADVANCED_FACE ( 'NONE', ( #22 ), #891, .F. ) ;
#2057 = CARTESIAN_POINT ( 'NONE',  ( -10.10141226706252482, 56.49728970326059141, -9.679674945939034103 ) ) ;
#2058 = CARTESIAN_POINT ( 'NONE',  ( -17.41435922388530244, 51.16908921496773388, 6.094226812229657675 ) ) ;
#2059 = CARTESIAN_POINT ( 'NONE',  ( -13.54173102844871579, 36.16908921496773388, 4.739135598496603485 ) ) ;
#2060 = CARTESIAN_POINT ( 'NONE',  ( 17.51517412020538700, -1.569825559039413454, -5.806114391418052634 ) ) ;
#2061 = CARTESIAN_POINT ( 'NONE',  ( -12.71941253312912501, 7.508374929253447405, -12.71852892936481894 ) ) ;
#2062 = CARTESIAN_POINT ( 'NONE',  ( 2.369694609441195698, 23.55086113183202201, 18.29966171070299197 ) ) ;
#2063 = CARTESIAN_POINT ( 'NONE',  ( 13.93264083057369085, 6.198031583817730450, -1.270988827084796213 ) ) ;
#2064 = CARTESIAN_POINT ( 'NONE',  ( -10.07494671716892043, 41.76514684611773731, -15.45925353677825420 ) ) ;
#2065 = CARTESIAN_POINT ( 'NONE',  ( 10.10141226706252660, 60.24728970326059851, 9.679674945939028774 ) ) ;
#2066 = CARTESIAN_POINT ( 'NONE',  ( 13.10433702068518791, -0.7662541304679846288, 4.900024934696060264 ) ) ;
#2067 = CARTESIAN_POINT ( 'NONE',  ( -1.910319204534601800, 4.800861131832022899, -14.22259222699365289 ) ) ;
#2068 = CARTESIAN_POINT ( 'NONE',  ( -12.71941253312912501, 60.00837492925344918, -12.71852892936481894 ) ) ;
#2069 = CARTESIAN_POINT ( 'NONE',  ( -10.07494671716892043, 41.76514684611773731, -15.45925353677825420 ) ) ;
#2070 = CARTESIAN_POINT ( 'NONE',  ( -9.890985408382910293, 7.508374929253447405, -9.890101804618650405 ) ) ;
#2071 = CARTESIAN_POINT ( 'NONE',  ( 2.066372343659836464, 49.56194635782487268, 18.33383792212573837 ) ) ;
#2072 = CARTESIAN_POINT ( 'NONE',  ( 15.45993546374941552, 22.00160301238916105, 10.07386143661146605 ) ) ;
#2073 = CARTESIAN_POINT ( 'NONE',  ( -1.269747079907964649, 53.81871827468916081, 13.93278074187870885 ) ) ;
#2074 = CARTESIAN_POINT ( 'NONE',  ( -15.62233376509898974, 37.24051778639630328, -9.815406020601807668 ) ) ;
#2075 = CARTESIAN_POINT ( 'NONE',  ( 13.54173102844871401, 47.41908921496774099, -4.739135598496600821 ) ) ;
#2076 = CARTESIAN_POINT ( 'NONE',  ( -9.558035885149614330, 3.787317298103443974, -15.78405013947740798 ) ) ;
#2077 = CARTESIAN_POINT ( 'NONE',  ( 9.816491301159272709, 11.52623207211058975, 15.62165183812783198 ) ) ;
#2078 = CARTESIAN_POINT ( 'NONE',  ( -1.717604984321164041, 23.81871827468916436, 17.90762958145168682 ) ) ;
#2079 = CARTESIAN_POINT ( 'NONE',  ( -12.00141425134080286, 9.412317298103445751, 7.190267664006487536 ) ) ;
#2080 = CARTESIAN_POINT ( 'NONE',  ( 9.317337899759843722, 43.10443256040345261, -15.38897587789217347 ) ) ;
#2081 = CARTESIAN_POINT ( 'NONE',  ( -13.04560959886931926, 20.63337492925344563, 13.04651592615081768 ) ) ;
#2082 = CARTESIAN_POINT ( 'NONE',  ( -9.680558549703295768, 18.51946015524629985, -10.10052866329826671 ) ) ;
#2083 = CARTESIAN_POINT ( 'NONE',  ( -1.606996938753239457, 30.81194635782487623, -14.25676843841640462 ) ) ;
#2084 = CARTESIAN_POINT ( 'NONE',  ( 7.189209593698524081, 13.10443256040345084, -12.00207908097901921 ) ) ;
#2085 = DIRECTION ( 'NONE',  ( 0.7071067811865531239, 0.000000000000000000, 0.7071067811865420216 ) ) ;
#2086 = CARTESIAN_POINT ( 'NONE',  ( -17.84085098524932178, 40.42586113183202912, 2.310281418091025163 ) ) ;
#2087 = CARTESIAN_POINT ( 'NONE',  ( -15.22998441137730907, 43.40123207211058798, 9.570371369190237232 ) ) ;
#2088 = CARTESIAN_POINT ( 'NONE',  ( 13.26144797630247041, 20.39446015524629985, -12.83067754871767185 ) ) ;
#2089 = CARTESIAN_POINT ( 'NONE',  ( -10.10141226706252482, 41.49728970326059851, -9.679674945939034103 ) ) ;
#2090 = CARTESIAN_POINT ( 'NONE',  ( -16.97815759830483273, 44.47266064353915738, -5.940252341621187426 ) ) ;
#2091 = CARTESIAN_POINT ( 'NONE',  ( 1.606996938753243453, 34.56194635782487978, 14.25676843841640640 ) ) ;
#2092 = CARTESIAN_POINT ( 'NONE',  ( 6.381129419706736527, 12.35874586953201515, -17.31396765956023387 ) ) ;
#2093 = CARTESIAN_POINT ( 'NONE',  ( -2.066372343659833799, 8.311946357824879783, -18.33383792212573837 ) ) ;
#2094 = CARTESIAN_POINT ( 'NONE',  ( -5.804904578083523781, 31.58657541754630671, 17.51559745220038522 ) ) ;
#2095 = CARTESIAN_POINT ( 'NONE',  ( 1.861181766500932033, 27.09088872667487280, -13.86614205698138669 ) ) ;
#2096 = CARTESIAN_POINT ( 'NONE',  ( -5.804904578083523781, 46.58657541754631382, 17.51559745220038522 ) ) ;
#2097 = CARTESIAN_POINT ( 'NONE',  ( 17.41435922388530244, 9.919089214967733881, -6.094226812229655899 ) ) ;
#2098 = CARTESIAN_POINT ( 'NONE',  ( 7.375178794414805949, 15.03731729810344397, 12.31005298071981713 ) ) ;
#2099 = CIRCLE ( 'NONE', #468, 2.000000000000001332 ) ;
#2100 = CARTESIAN_POINT ( 'NONE',  ( -13.89932148812502000, 36.43694635782487268, 1.566706170381279684 ) ) ;
#2101 = CARTESIAN_POINT ( 'NONE',  ( 11.68476097758757071, 13.64014684611773909, -7.694218462251239288 ) ) ;
#2102 = DIRECTION ( 'NONE',  ( -0.7071067811865532349, -6.098637220230958744E-17, -0.7071067811865420216 ) ) ;
#2103 = CARTESIAN_POINT ( 'NONE',  ( 12.82977122143616633, 35.87228970326059141, -13.26235430358396883 ) ) ;
#2104 = CARTESIAN_POINT ( 'NONE',  ( -2.013322327617646401, 57.32980350068201858, 17.87431023900302307 ) ) ;
#2105 = CARTESIAN_POINT ( 'NONE',  ( -17.90748967014665993, 9.948031583817730450, 1.718846731498061331 ) ) ;
#2106 = CARTESIAN_POINT ( 'NONE',  ( 13.44091613212862768, 58.90800398897489032, -5.027248019308205862 ) ) ;
#2107 = CARTESIAN_POINT ( 'NONE',  ( 5.941431822409549035, 41.79408921496773388, 16.97774488012678518 ) ) ;
#2108 = CARTESIAN_POINT ( 'NONE',  ( 9.890985408382912070, 48.75837492925344208, 9.890101804618648629 ) ) ;
#2109 = CARTESIAN_POINT ( 'NONE',  ( 5.660542981514042893, 30.30517444096059165, 17.07603213651294638 ) ) ;
#2110 = CARTESIAN_POINT ( 'NONE',  ( 5.941431822409549035, 4.294089214967732993, 16.97774488012678518 ) ) ;
#2111 = CARTESIAN_POINT ( 'NONE',  ( 5.026038205973743622, 19.85874586953201515, -13.44133946412361524 ) ) ;
#2112 = CARTESIAN_POINT ( 'NONE',  ( 13.44091613212862768, 13.90800398897487788, -5.027248019308205862 ) ) ;
#2113 = CARTESIAN_POINT ( 'NONE',  ( 18.36815764293342212, 44.44371827468916791, 1.761776396859212168 ) ) ;
#2114 = CARTESIAN_POINT ( 'NONE',  ( -13.04560959886931748, 13.13337492925344918, 13.04651592615081768 ) ) ;
#2115 = CARTESIAN_POINT ( 'NONE',  ( 1.606996938753243453, 42.06194635782487268, 14.25676843841640640 ) ) ;
#2116 = CARTESIAN_POINT ( 'NONE',  ( -9.928605823046511958, 9.622289703260596738, 10.36118890519427360 ) ) ;
#2117 = CARTESIAN_POINT ( 'NONE',  ( -17.87417032769798908, 51.43694635782487978, 2.014564074794545689 ) ) ;
#2118 = CARTESIAN_POINT ( 'NONE',  ( -15.78473206644855864, 56.22943256040345972, -9.556950604592149290 ) ) ;
#2119 = APPROVAL_STATUS ( 'not_yet_approved' ) ;
#2120 = CARTESIAN_POINT ( 'NONE',  ( 15.45993546374941552, 14.50160301238916105, 10.07386143661146605 ) ) ;
#2121 = CARTESIAN_POINT ( 'NONE',  ( -13.44091613212862946, 62.65800398897487611, 5.027248019308207638 ) ) ;
#2122 = CARTESIAN_POINT ( 'NONE',  ( -17.41435922388530244, 58.66908921496774809, 6.094226812229657675 ) ) ;
#2123 = CARTESIAN_POINT ( 'NONE',  ( -9.890985408382910293, 52.50837492925344918, -9.890101804618650405 ) ) ;
#2124 = CARTESIAN_POINT ( 'NONE',  ( -13.26144797630246863, 24.14446015524630340, 12.83067754871767185 ) ) ;
#2125 = CARTESIAN_POINT ( 'NONE',  ( -9.816491301159269156, 30.27623207211059153, -15.62165183812783198 ) ) ;
#2126 = CARTESIAN_POINT ( 'NONE',  ( -12.00141425134080286, 24.41231729810344575, 7.190267664006487536 ) ) ;
#2127 = CARTESIAN_POINT ( 'NONE',  ( 9.928605823046513734, 13.37228970326059674, -10.36118890519427360 ) ) ;
#2128 = CARTESIAN_POINT ( 'NONE',  ( -11.84308761446418679, 5.901232072110590643, 7.442243063128862524 ) ) ;
#2129 = CARTESIAN_POINT ( 'NONE',  ( 6.222320663305056065, 60.78300398897488321, 16.87945762374062042 ) ) ;
#2130 = CARTESIAN_POINT ( 'NONE',  ( -13.04560959886931748, 20.63337492925344918, 13.04651592615081768 ) ) ;
#2131 = CARTESIAN_POINT ( 'NONE',  ( -14.25691194780133308, 36.70480350068201858, -1.605723257734043008 ) ) ;
#2132 = CARTESIAN_POINT ( 'NONE',  ( 15.62233376509898974, 55.99051778639630328, 9.815406020601812997 ) ) ;
#2133 = CARTESIAN_POINT ( 'NONE',  ( 9.928605823046513734, 28.37228970326059141, -10.36118890519427360 ) ) ;
#2134 = CARTESIAN_POINT ( 'NONE',  ( -13.04560959886931926, 13.13337492925345273, 13.04651592615081768 ) ) ;
#2135 = CARTESIAN_POINT ( 'NONE',  ( 5.804904578083527333, 57.83657541754629960, -17.51559745220038522 ) ) ;
#2136 = CARTESIAN_POINT ( 'NONE',  ( -12.71941253312912501, 0.008374929253446718180, -12.71852892936481894 ) ) ;
#2137 = CARTESIAN_POINT ( 'NONE',  ( -13.26144797630246863, 9.144460155246301625, 12.83067754871767185 ) ) ;
#2138 = CARTESIAN_POINT ( 'NONE',  ( 10.10141226706252660, 60.24728970326059851, 9.679674945939028774 ) ) ;
#2139 = CARTESIAN_POINT ( 'NONE',  ( 12.82977122143616633, 13.37228970326059674, -13.26235430358396883 ) ) ;
#2140 = CARTESIAN_POINT ( 'NONE',  ( 13.20262427707134556, 55.72266064353915738, 4.619136093800549681 ) ) ;
#2141 = CARTESIAN_POINT ( 'NONE',  ( 2.309039670914132092, 27.09088872667487280, -17.84099089655435932 ) ) ;
#2142 = CARTESIAN_POINT ( 'NONE',  ( -17.41435922388530244, 21.16908921496773033, 6.094226812229657675 ) ) ;
#2143 = CARTESIAN_POINT ( 'NONE',  ( 12.71941253312912679, 11.25837492925344918, 12.71852892936481716 ) ) ;
#2144 = CARTESIAN_POINT ( 'NONE',  ( 1.861181766500932033, 19.59088872667487280, -13.86614205698138669 ) ) ;
#2145 = CARTESIAN_POINT ( 'NONE',  ( -14.29108815922407594, 10.69371827468916614, -1.302400991952681997 ) ) ;
#2146 = CARTESIAN_POINT ( 'NONE',  ( 5.941431822409549035, 11.79408921496773388, 16.97774488012678518 ) ) ;
#2147 = CARTESIAN_POINT ( 'NONE',  ( 10.14444420047966666, 9.383374929253447405, -10.14535052776112423 ) ) ;
#2148 = CARTESIAN_POINT ( 'NONE',  ( 2.369694609441195698, 61.05086113183203622, 18.29966171070299197 ) ) ;
#2149 = CARTESIAN_POINT ( 'NONE',  ( -10.14444420047966489, 35.63337492925344918, 10.14535052776112423 ) ) ;
#2150 = CARTESIAN_POINT ( 'NONE',  ( -5.941431822409547259, 15.54408921496773388, -16.97774488012678518 ) ) ;
#2151 = CARTESIAN_POINT ( 'NONE',  ( -4.737925785162139469, 57.59766064353917869, 13.54215436044369092 ) ) ;
#2152 = CARTESIAN_POINT ( 'NONE',  ( 12.71941253312912679, 56.25837492925344208, 12.71852892936481716 ) ) ;
#2153 = CARTESIAN_POINT ( 'NONE',  ( -14.29108815922407594, 33.19371827468917502, -1.302400991952681997 ) ) ;
#2154 = CARTESIAN_POINT ( 'NONE',  ( -15.62233376509898974, 7.240517786396306832, -9.815406020601807668 ) ) ;
#2155 = CARTESIAN_POINT ( 'NONE',  ( 17.07644485469099038, 52.21157541754632092, 5.659363500725681284 ) ) ;
#2156 = CALENDAR_DATE ( 2026, 22, 8 ) ;
#2157 = CARTESIAN_POINT ( 'NONE',  ( 15.45993546374941552, 37.00160301238916105, 10.07386143661146605 ) ) ;
#2158 = CARTESIAN_POINT ( 'NONE',  ( -13.30091153345750854, 63.46157541754630671, -4.338247252905039097 ) ) ;
#2159 = CARTESIAN_POINT ( 'NONE',  ( 17.87417032769799263, 32.68694635782487268, -2.014564074794543913 ) ) ;
#2160 = CARTESIAN_POINT ( 'NONE',  ( -12.82977122143616278, 9.622289703260596738, 13.26235430358396883 ) ) ;
#2161 = CARTESIAN_POINT ( 'NONE',  ( -18.29980522008792931, 25.21588872667487635, -2.368420928421930860 ) ) ;
#2162 = CARTESIAN_POINT ( 'NONE',  ( 2.066372343659836464, 27.06194635782488689, 18.33383792212573837 ) ) ;
#2163 = CARTESIAN_POINT ( 'NONE',  ( 2.066372343659836464, 12.06194635782488156, 18.33383792212573837 ) ) ;
#2164 = CARTESIAN_POINT ( 'NONE',  ( -4.339426733693341198, 26.55517444096058455, -13.30049881527948585 ) ) ;
#2165 = CARTESIAN_POINT ( 'NONE',  ( 13.93264083057369085, 21.19803158381773045, -1.270988827084796213 ) ) ;
#2166 = CARTESIAN_POINT ( 'NONE',  ( 7.892089626434113825, 15.51514684611773731, 11.98525637802066512 ) ) ;
#2167 = CARTESIAN_POINT ( 'NONE',  ( -13.04560959886931926, 5.633374929253450070, 13.04651592615081768 ) ) ;
#2168 = CARTESIAN_POINT ( 'NONE',  ( -4.620315574588849117, 8.044089214967733881, -13.20221155889332287 ) ) ;
#2169 = CARTESIAN_POINT ( 'NONE',  ( -15.07165777450069477, 54.89014684611773731, 9.822346768312614884 ) ) ;
#2170 = CARTESIAN_POINT ( 'NONE',  ( 7.633634210424459887, 34.02623207211058798, 12.14765467937024113 ) ) ;
#2171 = CARTESIAN_POINT ( 'NONE',  ( 12.71941253312912679, 11.25837492925344918, 12.71852892936481716 ) ) ;
#2172 = CARTESIAN_POINT ( 'NONE',  ( 1.565464423204449673, 53.57980350068201858, -13.89946139943004688 ) ) ;
#2173 = CARTESIAN_POINT ( 'NONE',  ( -9.890985408382910293, 15.00837492925344741, -9.890101804618650405 ) ) ;
#2174 = CARTESIAN_POINT ( 'NONE',  ( 11.68476097758757071, 28.64014684611773731, -7.694218462251239288 ) ) ;
#2175 = CARTESIAN_POINT ( 'NONE',  ( -12.00141425134080286, 54.41231729810344575, 7.190267664006487536 ) ) ;
#2176 = CARTESIAN_POINT ( 'NONE',  ( 16.97815759830482918, 10.72266064353916093, 5.940252341621189203 ) ) ;
#2177 = CARTESIAN_POINT ( 'NONE',  ( -2.369694609441194366, 49.80086113183201491, -18.29966171070299197 ) ) ;
#2178 = CARTESIAN_POINT ( 'NONE',  ( -11.30519897075601854, 60.00837492925344918, -11.30431536699173378 ) ) ;
#2179 = CARTESIAN_POINT ( 'NONE',  ( 17.51517412020538700, 28.43017444096059165, -5.806114391418052634 ) ) ;
#2180 = CARTESIAN_POINT ( 'NONE',  ( -12.31073490769093581, 63.72943256040344551, -7.374093513857398641 ) ) ;
#2181 = CARTESIAN_POINT ( 'NONE',  ( -17.41435922388530244, 21.16908921496773743, 6.094226812229657675 ) ) ;
#2182 = CARTESIAN_POINT ( 'NONE',  ( 5.941431822409549035, 56.79408921496772678, 16.97774488012678518 ) ) ;
#2183 = CARTESIAN_POINT ( 'NONE',  ( -6.381129419706733863, 23.60874586953202581, 17.31396765956023387 ) ) ;
#2184 = CARTESIAN_POINT ( 'NONE',  ( 15.22998441137731085, 24.65123207211059153, -9.570371369190235455 ) ) ;
#2185 = CARTESIAN_POINT ( 'NONE',  ( 9.816491301159272709, 19.02623207211059864, 15.62165183812783198 ) ) ;
#2186 = CARTESIAN_POINT ( 'NONE',  ( 7.375178794414805949, 45.03731729810345286, 12.31005298071981713 ) ) ;
#2187 = CARTESIAN_POINT ( 'NONE',  ( 12.00141425134080642, 28.16231729810344930, -7.190267664006485759 ) ) ;
#2188 = CARTESIAN_POINT ( 'NONE',  ( -6.093016998895131486, 35.09766064353916448, 17.41478255588030777 ) ) ;
#2189 = CARTESIAN_POINT ( 'NONE',  ( 7.892089626434113825, 23.01514684611774442, 11.98525637802066512 ) ) ;
#2190 = CARTESIAN_POINT ( 'NONE',  ( 15.62233376509898974, 10.99051778639630328, 9.815406020601812997 ) ) ;
#2191 = CARTESIAN_POINT ( 'NONE',  ( 9.890985408382912070, 3.758374929253447405, 9.890101804618648629 ) ) ;
#2192 = CARTESIAN_POINT ( 'NONE',  ( -12.92983939180873953, 63.99728970326059851, -12.50810207068520441 ) ) ;
#2193 = CARTESIAN_POINT ( 'NONE',  ( -2.066372343659833355, 45.81194635782487978, -18.33383792212573837 ) ) ;
#2194 = CARTESIAN_POINT ( 'NONE',  ( 13.20262427707134556, 40.72266064353915738, 4.619136093800549681 ) ) ;
#2195 = PRODUCT_DEFINITION ( 'UNKNOWN', '', #698, #550 ) ;
#2196 = CARTESIAN_POINT ( 'NONE',  ( -16.87987034191867508, 47.98374586953202936, -6.221141182516696233 ) ) ;
#2197 = CARTESIAN_POINT ( 'NONE',  ( -12.14833660634136869, 52.24051778639630328, -7.632548929867056131 ) ) ;
#2198 = CARTESIAN_POINT ( 'NONE',  ( 13.20262427707134556, 25.72266064353916448, 4.619136093800549681 ) ) ;
#2199 = CARTESIAN_POINT ( 'NONE',  ( -4.901204415484357035, 34.53300398897488321, -13.10392430250715812 ) ) ;
#2200 = CARTESIAN_POINT ( 'NONE',  ( 4.339426733693342975, 45.30517444096059165, 13.30049881527948408 ) ) ;
#2201 = CARTESIAN_POINT ( 'NONE',  ( 2.066372343659836464, 12.06194635782488156, 18.33383792212573837 ) ) ;
#2202 = CARTESIAN_POINT ( 'NONE',  ( 9.317337899759843722, 58.10443256040345261, -15.38897587789217347 ) ) ;
#2203 = CARTESIAN_POINT ( 'NONE',  ( 17.90748967014665993, 36.19803158381773756, -1.718846731498061331 ) ) ;
#2204 = CARTESIAN_POINT ( 'NONE',  ( 13.20262427707134556, 25.72266064353916448, 4.619136093800549681 ) ) ;
#2205 = CARTESIAN_POINT ( 'NONE',  ( 9.816491301159269156, 34.02623207211058798, 15.62165183812783020 ) ) ;
#2206 = CARTESIAN_POINT ( 'NONE',  ( -17.31354432756522499, 10.15800398897487966, 6.382339233041261828 ) ) ;
#2207 = CARTESIAN_POINT ( 'NONE',  ( 9.558035885149614330, 37.53731729810344575, 15.78405013947740443 ) ) ;
#2208 = CARTESIAN_POINT ( 'NONE',  ( -9.816491301159265603, 0.2762320721105896437, -15.62165183812783020 ) ) ;
#2209 = CARTESIAN_POINT ( 'NONE',  ( 2.066372343659836464, 34.56194635782487978, 18.33383792212573837 ) ) ;
#2210 = CARTESIAN_POINT ( 'NONE',  ( 5.941431822409549035, 19.29408921496773388, 16.97774488012678518 ) ) ;
#2211 = CARTESIAN_POINT ( 'NONE',  ( 14.22273573637858668, 36.46588872667487635, 1.909045523515405351 ) ) ;
#2212 = CARTESIAN_POINT ( 'NONE',  ( -1.861181766500929369, 30.84088872667487280, 13.86614205698138669 ) ) ;
#2213 = CARTESIAN_POINT ( 'NONE',  ( -12.71941253312912501, 30.00837492925344918, -12.71852892936481894 ) ) ;
#2214 = CARTESIAN_POINT ( 'NONE',  ( 10.10141226706252660, 30.24728970326059851, 9.679674945939028774 ) ) ;
#2215 = CARTESIAN_POINT ( 'NONE',  ( -13.04560959886931926, 13.13337492925345273, 13.04651592615081768 ) ) ;
#2216 = CARTESIAN_POINT ( 'NONE',  ( -4.620315574588849117, 15.54408921496773388, -13.20221155889332287 ) ) ;
#2217 = CARTESIAN_POINT ( 'NONE',  ( 5.941431822409549035, 49.29408921496773388, 16.97774488012678518 ) ) ;
#2218 = CARTESIAN_POINT ( 'NONE',  ( -10.14444420047966489, 43.13337492925345629, 10.14535052776112423 ) ) ;
#2219 = CARTESIAN_POINT ( 'NONE',  ( 13.26144797630247041, 50.39446015524630695, -12.83067754871767185 ) ) ;
#2220 = CARTESIAN_POINT ( 'NONE',  ( 4.620315574588850005, 56.79408921496772678, 13.20221155889332287 ) ) ;
#2221 = LOCAL_TIME ( 0, 40, 38.00000000000000000, #1872 ) ;
#2222 = CARTESIAN_POINT ( 'NONE',  ( -1.565464423204447009, 12.32980350068201858, 13.89946139943004866 ) ) ;
#2223 = CARTESIAN_POINT ( 'NONE',  ( -17.87417032769798908, 21.43694635782487623, 2.014564074794545689 ) ) ;
#2224 = CARTESIAN_POINT ( 'NONE',  ( -1.269747079907964649, 23.81871827468916436, 13.93278074187870885 ) ) ;
#2225 = CARTESIAN_POINT ( 'NONE',  ( 1.861181766500932033, 42.09088872667488346, -13.86614205698138669 ) ) ;
#2226 = CARTESIAN_POINT ( 'NONE',  ( 13.26144797630247041, 35.39446015524630695, -12.83067754871767185 ) ) ;
#2227 = CARTESIAN_POINT ( 'NONE',  ( -1.565464423204447009, 27.32980350068201858, 13.89946139943004866 ) ) ;
#2228 = CARTESIAN_POINT ( 'NONE',  ( 15.62233376509898797, 33.49051778639629617, 9.815406020601811221 ) ) ;
#2229 = CARTESIAN_POINT ( 'NONE',  ( 17.31354432756522499, 21.40800398897487966, -6.382339233041259163 ) ) ;
#2230 = CARTESIAN_POINT ( 'NONE',  ( -18.29980522008792931, 40.21588872667488346, -2.368420928421930860 ) ) ;
#2231 = VERTEX_POINT ( 'NONE', #2051 ) ;
#2232 = CARTESIAN_POINT ( 'NONE',  ( -9.569313298882221375, 50.36551778639630328, 15.23064924101556450 ) ) ;
#2233 = CARTESIAN_POINT ( 'NONE',  ( -17.87417032769798908, 36.43694635782487268, 2.014564074794545689 ) ) ;
#2234 = CARTESIAN_POINT ( 'NONE',  ( -1.303674672971879112, 41.82303158381773756, -14.29094464983915458 ) ) ;
#2235 = CARTESIAN_POINT ( 'NONE',  ( -5.026038205973742734, 38.60874586953201515, 13.44133946412361524 ) ) ;
#2236 = CARTESIAN_POINT ( 'NONE',  ( 17.87417032769799263, 40.18694635782487268, -2.014564074794543913 ) ) ;
#2237 = CARTESIAN_POINT ( 'NONE',  ( 10.10141226706252660, 37.74728970326059141, 9.679674945939028774 ) ) ;
#2238 = CARTESIAN_POINT ( 'NONE',  ( 2.013322327617649510, 31.07980350068201858, -17.87431023900302307 ) ) ;
#2239 = CARTESIAN_POINT ( 'NONE',  ( 14.25691194780133131, 17.95480350068202569, 1.605723257734044784 ) ) ;
#2240 = CARTESIAN_POINT ( 'NONE',  ( -9.816491301159265603, 37.77623207211058798, -15.62165183812783020 ) ) ;
#2241 = CARTESIAN_POINT ( 'NONE',  ( -14.25691194780133131, 36.70480350068201858, -1.605723257734043230 ) ) ;
#2242 = CARTESIAN_POINT ( 'NONE',  ( -2.369694609441194366, 12.30086113183202379, -18.29966171070299197 ) ) ;
#2243 = CARTESIAN_POINT ( 'NONE',  ( -17.90748967014665993, 54.94803158381773756, 1.718846731498061331 ) ) ;
#2244 = CARTESIAN_POINT ( 'NONE',  ( 12.00141425134080642, -1.837682701896556248, -7.190267664006485759 ) ) ;
#2245 = CARTESIAN_POINT ( 'NONE',  ( 11.84308761446418856, 24.65123207211059153, -7.442243063128862524 ) ) ;
#2246 = CARTESIAN_POINT ( 'NONE',  ( -17.87417032769798908, 28.93694635782487623, 2.014564074794545689 ) ) ;
#2247 = CARTESIAN_POINT ( 'NONE',  ( -12.31073490769093581, 48.72943256040345261, -7.374093513857398641 ) ) ;
#2248 = CARTESIAN_POINT ( 'NONE',  ( 7.693160391943282050, 50.12660301238916816, -11.68542580722579238 ) ) ;
#2249 = CARTESIAN_POINT ( 'NONE',  ( 17.90748967014665993, 28.69803158381773756, -1.718846731498061331 ) ) ;
#2250 = CARTESIAN_POINT ( 'NONE',  ( -13.54173102844871579, 13.66908921496773210, 4.739135598496603485 ) ) ;
#2251 = CARTESIAN_POINT ( 'NONE',  ( 15.78473206644855686, 22.47943256040345616, 9.556950604592154619 ) ) ;
#2252 = CARTESIAN_POINT ( 'NONE',  ( 6.381129419706736527, 34.85874586953200804, -17.31396765956023387 ) ) ;
#2253 = CARTESIAN_POINT ( 'NONE',  ( -9.569313298882221375, 35.36551778639630328, 15.23064924101556450 ) ) ;
#2254 = CARTESIAN_POINT ( 'NONE',  ( 15.62233376509898974, 33.49051778639630328, 9.815406020601812997 ) ) ;
#2255 = CARTESIAN_POINT ( 'NONE',  ( 14.22273573637858668, 43.96588872667487635, 1.909045523515405351 ) ) ;
#2256 = CARTESIAN_POINT ( 'NONE',  ( 14.22273573637858668, 36.46588872667487635, 1.909045523515405351 ) ) ;
#2257 = CARTESIAN_POINT ( 'NONE',  ( 18.33398143151067217, 32.95480350068201147, 2.065098662640570737 ) ) ;
#2258 = CARTESIAN_POINT ( 'NONE',  ( 11.68476097758757071, 28.64014684611773731, -7.694218462251239288 ) ) ;
#2259 = CARTESIAN_POINT ( 'NONE',  ( 6.093016998895132375, 31.34766064353916448, -17.41478255588030777 ) ) ;
#2260 = CARTESIAN_POINT ( 'NONE',  ( 1.606996938753243453, 27.06194635782488689, 14.25676843841640640 ) ) ;
#2261 = CARTESIAN_POINT ( 'NONE',  ( -18.33398143151067217, 44.20480350068202569, -2.065098662640568961 ) ) ;
#2262 = CARTESIAN_POINT ( 'NONE',  ( 13.20262427707134556, 55.72266064353915738, 4.619136093800549681 ) ) ;
#2263 = CARTESIAN_POINT ( 'NONE',  ( -10.07494671716892043, 19.26514684611773376, -15.45925353677825420 ) ) ;
#2264 = CARTESIAN_POINT ( 'NONE',  ( -6.381129419706733863, 46.10874586953202936, 17.31396765956023387 ) ) ;
#2265 = CARTESIAN_POINT ( 'NONE',  ( -10.14444420047966489, 13.13337492925344918, 10.14535052776112423 ) ) ;
#2266 = CARTESIAN_POINT ( 'NONE',  ( -12.71941253312912501, 22.50837492925344918, -12.71852892936481894 ) ) ;
#2267 = CARTESIAN_POINT ( 'NONE',  ( -4.449813364350533540, 54.08657541754632092, 13.64296925676377015 ) ) ;
#2268 = CARTESIAN_POINT ( 'NONE',  ( 10.36028257791282137, 42.89446015524630695, -9.929512150327971298 ) ) ;
#2269 =( BOUNDED_CURVE ( )  B_SPLINE_CURVE ( 2, ( #219, #2208, #2541, #3366, #1374, #1924, #196, #3083, #3695, #2805, #2516, #3673, #241, #1070, #1946, #1092, #3411, #807, #1396, #2562, #3646, #1919, #139, #1295, #2456, #3614, #2725, #372, #1012, #3542, #2399, #2748, #685, #987, #3591, #117, #3288, #2097, #936, #1273, #3027, #1543, #2171, #2415, #3330, #1828, #425, #1527, #2433, #2114, #3255, #653, #406, #967, #1845, #1812, #2975, #2692, #2150, #1561, #3271, #3007, #3309, #85, #3572, #705, #1866, #1582, #99, #1239, #3557, #951, #668, #2990, #388, #2707, #1254, #2130, #3624, #2181, #3363, #783, #3035, #3340, #1327, #759, #1921, #2442, #3080, #457, #2490, #735, #479, #1022, #500, #1636, #216, #3103, #1067, #3600, #1897, #1371, #3057, #1614, #3670, #2781, #126, #2513, #1304, #1282, #2538, #172, #1875, #3648, #434, #1349, #1591, #998, #2758, #2735, #2802, #1045, #2159, #3318, #149, #2228, #3386, #2205, #1943, #1659, #193, #2824, #713, #2466, #3375, #1079, #512, #3682, #1057, #2280, #2570, #2240, #1101, #3725, #2857, #1404, #794, #1384, #3092, #1648, #2836, #469, #1955, #249, #3115, #2814, #2550, #3704, #3138, #205, #834, #1360, #229, #490, #1121, #2261, #3439, #1995, #535, #1910, #2525, #2193, #3397, #772, #1670, #1626, #3420, #3353, #2793, #816, #1976, #1692, #3660, #748, #2217, #3069, #184, #1933, #1339, #2502, #344, #3226, #2117, #2403, #2337, #361, #2681, #907, #2964, #1228, #1801, #1765, #376, #2627, #39, #56, #642, #3560, #2353, #1194, #924, #1211, #326, #671, #2929, #3511, #1242, #954, #3274, #1831, #1515, #2371, #88, #1479, #2068 ),
 .UNSPECIFIED., .F., .T. ) 
 B_SPLINE_CURVE_WITH_KNOTS ( ( 3, 2, 2, 2, 2, 2, 2, 2, 2, 2, 2, 2, 2, 2, 2, 2, 2, 2, 2, 2, 2, 2, 2, 2, 2, 2, 2, 2, 2, 2, 2, 2, 2, 2, 2, 2, 2, 2, 2, 2, 2, 2, 2, 2, 2, 2, 2, 2, 2, 2, 2, 2, 2, 2, 2, 2, 2, 2, 2, 2, 2, 2, 2, 2, 2, 2, 2, 2, 2, 2, 2, 2, 2, 2, 2, 2, 2, 2, 2, 2, 2, 2, 2, 2, 2, 2, 2, 2, 2, 2, 2, 2, 2, 2, 2, 2, 2, 2, 2, 2, 2, 2, 2, 2, 2, 2, 2, 2, 2, 2, 2, 2, 3 ),
 ( 0.000000000000000000, 0.008928571428571428076, 0.01785714285714285615, 0.02678571428571428423, 0.03571428571428571230, 0.04464285714285714385, 0.05357142857142856845, 0.06250000000000000000, 0.07142857142857142461, 0.08035714285714286309, 0.08928571428571428770, 0.09821428571428571230, 0.1071428571428571369, 0.1160714285714285754, 0.1250000000000000000, 0.1339285714285714246, 0.1428571428571428492, 0.1517857142857142738, 0.1607142857142857262, 0.1696428571428571508, 0.1785714285714285754, 0.1875000000000000000, 0.1964285714285714246, 0.2053571428571428492, 0.2142857142857142738, 0.2232142857142857262, 0.2321428571428571508, 0.2410714285714285754, 0.2500000000000000000, 0.2589285714285714524, 0.2678571428571428492, 0.2767857142857143016, 0.2857142857142856984, 0.2946428571428571508, 0.3035714285714285476, 0.3125000000000000000, 0.3214285714285714524, 0.3303571428571428492, 0.3392857142857143016, 0.3482142857142856984, 0.3571428571428571508, 0.3660714285714285476, 0.3750000000000000000, 0.3839285714285714524, 0.3928571428571428492, 0.4017857142857143016, 0.4107142857142856984, 0.4196428571428571508, 0.4285714285714285476, 0.4375000000000000000, 0.4464285714285714524, 0.4553571428571428492, 0.4642857142857143016, 0.4732142857142856984, 0.4821428571428571508, 0.4910714285714285476, 0.5000000000000000000, 0.5089285714285713969, 0.5178571428571429047, 0.5267857142857143016, 0.5357142857142856984, 0.5446428571428570953, 0.5535714285714286031, 0.5625000000000000000, 0.5714285714285713969, 0.5803571428571429047, 0.5892857142857143016, 0.5982142857142856984, 0.6071428571428570953, 0.6160714285714286031, 0.6250000000000000000, 0.6339285714285713969, 0.6428571428571429047, 0.6517857142857143016, 0.6607142857142856984, 0.6696428571428570953, 0.6785714285714286031, 0.6875000000000000000, 0.6964285714285713969, 0.7053571428571429047, 0.7142857142857143016, 0.7232142857142856984, 0.7321428571428570953, 0.7410714285714286031, 0.7500000000000000000, 0.7589285714285713969, 0.7678571428571429047, 0.7767857142857143016, 0.7857142857142856984, 0.7946428571428570953, 0.8035714285714286031, 0.8125000000000000000, 0.8214285714285713969, 0.8303571428571429047, 0.8392857142857143016, 0.8482142857142856984, 0.8571428571428570953, 0.8660714285714286031, 0.8750000000000000000, 0.8839285714285713969, 0.8928571428571429047, 0.9017857142857143016, 0.9107142857142856984, 0.9196428571428570953, 0.9285714285714286031, 0.9375000000000000000, 0.9464285714285713969, 0.9553571428571429047, 0.9642857142857143016, 0.9732142857142856984, 0.9821428571428570953, 0.9910714285714286031, 1.000000000000000000 ),
 .UNSPECIFIED. ) 
 CURVE ( )  GEOMETRIC_REPRESENTATION_ITEM ( )  RATIONAL_B_SPLINE_CURVE ( ( 1.000000000000000000, 0.9749279121818236193, 1.000000000000000000, 0.9749279121818236193, 1.000000000000000000, 0.9749279121818236193, 1.000000000000000000, 0.9749279121818236193, 1.000000000000000000, 0.9749279121818236193, 1.000000000000000000, 0.9749279121818236193, 1.000000000000000000, 0.9749279121818236193, 1.000000000000000000, 0.9749279121818236193, 1.000000000000000000, 0.9749279121818236193, 1.000000000000000000, 0.9749279121818236193, 1.000000000000000000, 0.9749279121818236193, 1.000000000000000000, 0.9749279121818236193, 1.000000000000000000, 0.9749279121818236193, 1.000000000000000000, 0.9749279121818236193, 1.000000000000000000, 0.9749279121818236193, 1.000000000000000000, 0.9749279121818236193, 1.000000000000000000, 0.9749279121818236193, 1.000000000000000000, 0.9749279121818236193, 1.000000000000000000, 0.9749279121818236193, 1.000000000000000000, 0.9749279121818236193, 1.000000000000000000, 0.9749279121818236193, 1.000000000000000000, 0.9749279121818236193, 1.000000000000000000, 0.9749279121818236193, 1.000000000000000000, 0.9749279121818236193, 1.000000000000000000, 0.9749279121818236193, 1.000000000000000000, 0.9749279121818236193, 1.000000000000000000, 0.9749279121818236193, 1.000000000000000000, 0.9749279121818236193, 1.000000000000000000, 0.9749279121818236193, 1.000000000000000000, 0.9749279121818236193, 1.000000000000000000, 0.9749279121818236193, 1.000000000000000000, 0.9749279121818236193, 1.000000000000000000, 0.9749279121818236193, 1.000000000000000000, 0.9749279121818236193, 1.000000000000000000, 0.9749279121818236193, 1.000000000000000000, 0.9749279121818236193, 1.000000000000000000, 0.9749279121818236193, 1.000000000000000000, 0.9749279121818236193, 1.000000000000000000, 0.9749279121818236193, 1.000000000000000000, 0.9749279121818236193, 1.000000000000000000, 0.9749279121818236193, 1.000000000000000000, 0.9749279121818236193, 1.000000000000000000, 0.9749279121818236193, 1.000000000000000000, 0.9749279121818236193, 1.000000000000000000, 0.9749279121818236193, 1.000000000000000000, 0.9749279121818236193, 1.000000000000000000, 0.9749279121818236193, 1.000000000000000000, 0.9749279121818236193, 1.000000000000000000, 0.9749279121818236193, 1.000000000000000000, 0.9749279121818236193, 1.000000000000000000, 0.9749279121818236193, 1.000000000000000000, 0.9749279121818236193, 1.000000000000000000, 0.9749279121818236193, 1.000000000000000000, 0.9749279121818236193, 1.000000000000000000, 0.9749279121818236193, 1.000000000000000000, 0.9749279121818236193, 1.000000000000000000, 0.9749279121818236193, 1.000000000000000000, 0.9749279121818236193, 1.000000000000000000, 0.9749279121818236193, 1.000000000000000000, 0.9749279121818236193, 1.000000000000000000, 0.9749279121818236193, 1.000000000000000000, 0.9749279121818236193, 1.000000000000000000, 0.9749279121818236193, 1.000000000000000000, 0.9749279121818236193, 1.000000000000000000, 0.9749279121818236193, 1.000000000000000000, 0.9749279121818236193, 1.000000000000000000, 0.9749279121818236193, 1.000000000000000000, 0.9749279121818236193, 1.000000000000000000, 0.9749279121818236193, 1.000000000000000000, 0.9749279121818236193, 1.000000000000000000, 0.9749279121818236193, 1.000000000000000000, 0.9749279121818236193, 1.000000000000000000, 0.9749279121818236193, 1.000000000000000000, 0.9749279121818236193, 1.000000000000000000, 0.9749279121818236193, 1.000000000000000000, 0.9749279121818236193, 1.000000000000000000, 0.9749279121818236193, 1.000000000000000000, 0.9749279121818236193, 1.000000000000000000, 0.9749279121818236193, 1.000000000000000000, 0.9749279121818236193, 1.000000000000000000, 0.9749279121818236193, 1.000000000000000000, 0.9749279121818236193, 1.000000000000000000, 0.9749279121818236193, 1.000000000000000000, 0.9749279121818236193, 1.000000000000000000, 0.9749279121818236193, 1.000000000000000000, 0.9749279121818236193, 1.000000000000000000, 0.9749279121818236193, 1.000000000000000000, 0.9749279121818236193, 1.000000000000000000, 0.9749279121818236193, 1.000000000000000000, 0.9749279121818236193, 1.000000000000000000, 0.9749279121818236193, 1.000000000000000000, 0.9749279121818236193, 1.000000000000000000, 0.9749279121818236193, 1.000000000000000000, 0.9749279121818236193, 1.000000000000000000, 0.9749279121818236193, 1.000000000000000000, 0.9749279121818236193, 1.000000000000000000, 0.9749279121818236193, 1.000000000000000000, 0.9749279121818236193, 1.000000000000000000, 0.9749279121818236193, 1.000000000000000000, 0.9749279121818236193, 1.000000000000000000, 0.9749279121818236193, 1.000000000000000000, 0.9749279121818236193, 1.000000000000000000, 0.9749279121818236193, 1.000000000000000000, 0.9749279121818236193, 1.000000000000000000, 0.9749279121818236193, 1.000000000000000000, 0.9749279121818236193, 1.000000000000000000, 0.9749279121818236193, 1.000000000000000000, 0.9749279121818236193, 1.000000000000000000, 0.9749279121818236193, 1.000000000000000000, 0.9749279121818236193, 1.000000000000000000, 0.9749279121818236193, 1.000000000000000000, 0.9749279121818236193, 1.000000000000000000 ) ) 
 REPRESENTATION_ITEM ( '' )  );
#2270 = CARTESIAN_POINT ( 'NONE',  ( -7.633634210424459887, 22.77623207211059153, -12.14765467937024646 ) ) ;
#2271 = CARTESIAN_POINT ( 'NONE',  ( -17.07644485469099394, 18.46157541754630671, -5.659363500725679508 ) ) ;
#2272 = CARTESIAN_POINT ( 'NONE',  ( -6.381129419706733863, 31.10874586953201870, 17.31396765956023387 ) ) ;
#2273 = CARTESIAN_POINT ( 'NONE',  ( 9.569313298882223151, 39.11551778639630328, -15.23064924101556095 ) ) ;
#2274 = CARTESIAN_POINT ( 'NONE',  ( -18.33398143151067217, 36.70480350068201858, -2.065098662640568961 ) ) ;
#2275 = CARTESIAN_POINT ( 'NONE',  ( 17.51517412020538700, -1.569825559039413454, -5.806114391418052634 ) ) ;
#2276 = CARTESIAN_POINT ( 'NONE',  ( 2.066372343659836464, 34.56194635782487978, 18.33383792212573837 ) ) ;
#2277 = CARTESIAN_POINT ( 'NONE',  ( 4.901204415484357924, 38.28300398897488321, 13.10392430250715812 ) ) ;
#2278 = CARTESIAN_POINT ( 'NONE',  ( -16.97815759830483273, 21.97266064353916093, -5.940252341621187426 ) ) ;
#2279 = CARTESIAN_POINT ( 'NONE',  ( 13.20262427707134556, 25.72266064353916448, 4.619136093800549681 ) ) ;
#2280 = CARTESIAN_POINT ( 'NONE',  ( -15.62233376509898797, 37.24051778639630328, -9.815406020601805892 ) ) ;
#2281 = CARTESIAN_POINT ( 'NONE',  ( -7.633634210424458999, 52.77623207211058798, -12.14765467937024290 ) ) ;
#2282 = CARTESIAN_POINT ( 'NONE',  ( -5.804904578083523781, 16.58657541754631382, 17.51559745220038522 ) ) ;
#2283 = CARTESIAN_POINT ( 'NONE',  ( 17.90748967014665993, 51.19803158381773756, -1.718846731498061331 ) ) ;
#2284 = CARTESIAN_POINT ( 'NONE',  ( 12.71941253312912679, 26.25837492925344918, 12.71852892936481716 ) ) ;
#2285 = CARTESIAN_POINT ( 'NONE',  ( -9.928605823046511958, 47.12228970326060562, 10.36118890519427360 ) ) ;
#2286 = CARTESIAN_POINT ( 'NONE',  ( -7.375178794414805061, 11.28731729810344575, -12.31005298071982068 ) ) ;
#2287 = CARTESIAN_POINT ( 'NONE',  ( 11.84308761446418856, 24.65123207211059153, -7.442243063128862524 ) ) ;
#2288 = CARTESIAN_POINT ( 'NONE',  ( 5.804904578083527333, 20.33657541754631026, -17.51559745220038522 ) ) ;
#2289 = CARTESIAN_POINT ( 'NONE',  ( -6.381129419706733863, 46.10874586953202936, 17.31396765956023387 ) ) ;
#2290 = CARTESIAN_POINT ( 'NONE',  ( 17.87417032769799263, 40.18694635782487268, -2.014564074794543913 ) ) ;
#2291 = CARTESIAN_POINT ( 'NONE',  ( -9.816491301159269156, 22.77623207211059153, -15.62165183812783198 ) ) ;
#2292 = CARTESIAN_POINT ( 'NONE',  ( 17.90748967014665993, -1.301968416182270660, -1.718846731498061331 ) ) ;
#2293 = CARTESIAN_POINT ( 'NONE',  ( -16.97815759830483273, 51.97266064353916448, -5.940252341621187426 ) ) ;
#2294 = UNCERTAINTY_MEASURE_WITH_UNIT (LENGTH_MEASURE( 1.000000000000000082E-05 ), #3261, 'distance_accuracy_value', 'NONE');
#2295 = CARTESIAN_POINT ( 'NONE',  ( 13.86600214567635447, 29.17586113183202556, -1.862423513677761822 ) ) ;
#2296 = CARTESIAN_POINT ( 'NONE',  ( -9.816491301159269156, 30.27623207211059153, -15.62165183812783198 ) ) ;
#2297 = CARTESIAN_POINT ( 'NONE',  ( 11.84308761446418856, 32.15123207211058798, -7.442243063128862524 ) ) ;
#2298 = CARTESIAN_POINT ( 'NONE',  ( 13.89932148812502177, 47.68694635782487268, -1.566706170381278795 ) ) ;
#2299 = CARTESIAN_POINT ( 'NONE',  ( 17.31354432756522499, 6.408003988974880549, -6.382339233041259163 ) ) ;
#2300 = CARTESIAN_POINT ( 'NONE',  ( -7.375178794414805061, 11.28731729810344575, -12.31005298071982068 ) ) ;
#2301 = CARTESIAN_POINT ( 'NONE',  ( -10.10141226706252482, 48.99728970326061273, -9.679674945939034103 ) ) ;
#2302 = CARTESIAN_POINT ( 'NONE',  ( 13.64254592476879147, 13.43017444096058632, -4.451023177684999332 ) ) ;
#2303 = CARTESIAN_POINT ( 'NONE',  ( 13.89932148812502177, 40.18694635782487268, -1.566706170381278795 ) ) ;
#2304 = CARTESIAN_POINT ( 'NONE',  ( 15.07165777450069477, 28.64014684611773731, -9.822346768312613108 ) ) ;
#2305 = CARTESIAN_POINT ( 'NONE',  ( 15.38831104825393048, 50.66231729810344575, -9.318395970067859579 ) ) ;
#2306 = CARTESIAN_POINT ( 'NONE',  ( 18.33398143151067217, 40.45480350068201147, 2.065098662640570737 ) ) ;
#2307 = CARTESIAN_POINT ( 'NONE',  ( 17.41435922388530244, 39.91908921496771967, -6.094226812229655899 ) ) ;
#2308 = CARTESIAN_POINT ( 'NONE',  ( 4.339426733693342975, 52.80517444096058455, 13.30049881527948408 ) ) ;
#2309 = CARTESIAN_POINT ( 'NONE',  ( 16.97815759830482918, 48.22266064353915738, 5.940252341621189203 ) ) ;
#2310 = CARTESIAN_POINT ( 'NONE',  ( 13.86600214567635447, 44.17586113183202912, -1.862423513677761822 ) ) ;
#2311 = CARTESIAN_POINT ( 'NONE',  ( 18.33398143151067217, 32.95480350068201147, 2.065098662640570737 ) ) ;
#2312 = CARTESIAN_POINT ( 'NONE',  ( 12.14833660634136869, 18.49051778639631038, 7.632548929867059684 ) ) ;
#2313 = CARTESIAN_POINT ( 'NONE',  ( 16.87987034191867508, 6.733745869532016037, 6.221141182516698009 ) ) ;
#2314 = CARTESIAN_POINT ( 'NONE',  ( -13.54173102844871401, 58.66908921496774099, 4.739135598496604374 ) ) ;
#2315 = CARTESIAN_POINT ( 'NONE',  ( -10.07494671716892043, 11.76514684611773731, -15.45925353677825420 ) ) ;
#2316 = CARTESIAN_POINT ( 'NONE',  ( 9.680558549703299320, -0.2305398447536989304, 10.10052866329826493 ) ) ;
#2317 = CARTESIAN_POINT ( 'NONE',  ( 1.269747079907966647, 42.56871827468916081, -13.93278074187870885 ) ) ;
#2318 = CARTESIAN_POINT ( 'NONE',  ( -7.693160391943281162, 1.376603012389158165, 11.68542580722579594 ) ) ;
#2319 = CARTESIAN_POINT ( 'NONE',  ( -1.717604984321164041, 38.81871827468916081, 17.90762958145168682 ) ) ;
#2320 = CARTESIAN_POINT ( 'NONE',  ( -15.38831104825392870, 54.41231729810344575, 9.318395970067859579 ) ) ;
#2321 = CARTESIAN_POINT ( 'NONE',  ( 18.33398143151067217, 55.45480350068201147, 2.065098662640570737 ) ) ;
#2322 = CARTESIAN_POINT ( 'NONE',  ( 13.04560959886932103, 39.38337492925344208, -13.04651592615081412 ) ) ;
#2323 = CARTESIAN_POINT ( 'NONE',  ( -6.381129419706733863, 1.108745869532015371, 17.31396765956023387 ) ) ;
#2324 = CARTESIAN_POINT ( 'NONE',  ( 5.941431822409549035, 49.29408921496773388, 16.97774488012678518 ) ) ;
#2325 = CARTESIAN_POINT ( 'NONE',  ( -1.910319204534601800, 57.30086113183203622, -14.22259222699365289 ) ) ;
#2326 = CARTESIAN_POINT ( 'NONE',  ( -17.41435922388530244, 43.66908921496774809, 6.094226812229657675 ) ) ;
#2327 = CARTESIAN_POINT ( 'NONE',  ( -9.890985408382910293, 45.00837492925344918, -9.890101804618650405 ) ) ;
#2328 = CARTESIAN_POINT ( 'NONE',  ( 9.821288698004604356, 5.126603012389157499, -15.07232260413894842 ) ) ;
#2329 = CARTESIAN_POINT ( 'NONE',  ( 10.14444420047966666, 46.88337492925344918, -10.14535052776112245 ) ) ;
#2330 = CARTESIAN_POINT ( 'NONE',  ( 17.31354432756522499, 28.90800398897487966, -6.382339233041259163 ) ) ;
#2331 = CARTESIAN_POINT ( 'NONE',  ( -4.339426733693341198, 4.055174440960587212, -13.30049881527948585 ) ) ;
#2332 = CARTESIAN_POINT ( 'NONE',  ( 17.07644485469099038, 37.21157541754630671, 5.659363500725681284 ) ) ;
#2333 = CARTESIAN_POINT ( 'NONE',  ( -12.31073490769093581, 56.22943256040345972, -7.374093513857398641 ) ) ;
#2334 = CARTESIAN_POINT ( 'NONE',  ( -7.693160391943281162, 8.876603012389159275, 11.68542580722579594 ) ) ;
#2335 = CARTESIAN_POINT ( 'NONE',  ( 7.189209593698524081, 5.604432560403450836, -12.00207908097901921 ) ) ;
#2336 = ADVANCED_FACE ( 'NONE', ( #1498 ), #838, .T. ) ;
#2337 = CARTESIAN_POINT ( 'NONE',  ( -16.97815759830483273, 51.97266064353916448, -5.940252341621187426 ) ) ;
#2338 = CARTESIAN_POINT ( 'NONE',  ( 17.84085098524932178, 44.17586113183202912, -2.310281418091023387 ) ) ;
#2339 = CARTESIAN_POINT ( 'NONE',  ( 10.14444420047966666, 1.883374929253447183, -10.14535052776112245 ) ) ;
#2340 = CARTESIAN_POINT ( 'NONE',  ( 15.22998441137731085, 47.15123207211058798, -9.570371369190235455 ) ) ;
#2341 = CARTESIAN_POINT ( 'NONE',  ( 16.87987034191867508, 6.733745869532016037, 6.221141182516698009 ) ) ;
#2342 = CARTESIAN_POINT ( 'NONE',  ( -9.928605823046511958, 47.12228970326060562, 10.36118890519427360 ) ) ;
#2343 = CARTESIAN_POINT ( 'NONE',  ( 12.71941253312912679, 41.25837492925344208, 12.71852892936481716 ) ) ;
#2344 = CARTESIAN_POINT ( 'NONE',  ( -13.54173102844871579, 51.16908921496773388, 4.739135598496603485 ) ) ;
#2345 = CARTESIAN_POINT ( 'NONE',  ( 1.763050077878475008, 8.073031583817732226, 18.36801413354849544 ) ) ;
#2346 = CARTESIAN_POINT ( 'NONE',  ( 2.013322327617649510, 16.07980350068201858, -17.87431023900302307 ) ) ;
#2347 = CARTESIAN_POINT ( 'NONE',  ( 17.84085098524932178, 21.67586113183202201, -2.310281418091023387 ) ) ;
#2348 = CARTESIAN_POINT ( 'NONE',  ( 7.375178794414805949, 15.03731729810344397, 12.31005298071981713 ) ) ;
#2349 = CARTESIAN_POINT ( 'NONE',  ( 15.78473206644855686, 44.97943256040344551, 9.556950604592154619 ) ) ;
#2350 = CARTESIAN_POINT ( 'NONE',  ( 4.449813364350533540, 57.83657541754629960, -13.64296925676377015 ) ) ;
#2351 = CARTESIAN_POINT ( 'NONE',  ( -10.36028257791282137, 9.144460155246301625, 9.929512150327971298 ) ) ;
#2352 = CARTESIAN_POINT ( 'NONE',  ( -7.189209593698521417, 16.85443256040345261, 12.00207908097901921 ) ) ;
#2353 = CARTESIAN_POINT ( 'NONE',  ( 16.97815759830482918, 55.72266064353915738, 5.940252341621189203 ) ) ;
#2354 = CARTESIAN_POINT ( 'NONE',  ( 5.804904578083527333, 42.83657541754630671, -17.51559745220038522 ) ) ;
#2355 = CARTESIAN_POINT ( 'NONE',  ( -12.14833660634136514, 7.240517786396305056, -7.632548929867055243 ) ) ;
#2356 = CARTESIAN_POINT ( 'NONE',  ( 17.87417032769799263, 40.18694635782487268, -2.014564074794543913 ) ) ;
#2357 = CC_DESIGN_DATE_AND_TIME_ASSIGNMENT ( #3054, #2439, ( #2195 ) ) ;
#2358 = CARTESIAN_POINT ( 'NONE',  ( 6.381129419706736527, 19.85874586953201515, -17.31396765956023387 ) ) ;
#2359 = CARTESIAN_POINT ( 'NONE',  ( -7.189209593698521417, 46.85443256040345261, 12.00207908097901921 ) ) ;
#2360 = CARTESIAN_POINT ( 'NONE',  ( 15.62233376509898974, 40.99051778639629617, 9.815406020601812997 ) ) ;
#2361 = CARTESIAN_POINT ( 'NONE',  ( 11.84308761446418856, 47.15123207211058798, -7.442243063128862524 ) ) ;
#2362 = CARTESIAN_POINT ( 'NONE',  ( 16.87987034191867508, -0.7662541304679846288, 6.221141182516698009 ) ) ;
#2363 = CARTESIAN_POINT ( 'NONE',  ( -2.013322327617646401, 4.829803500682018580, 17.87431023900302307 ) ) ;
#2364 = CARTESIAN_POINT ( 'NONE',  ( -17.07644485469099394, 33.46157541754630671, -5.659363500725679508 ) ) ;
#2365 = CARTESIAN_POINT ( 'NONE',  ( -12.00141425134080286, 1.912317298103443974, 7.190267664006487536 ) ) ;
#2366 = CARTESIAN_POINT ( 'NONE',  ( -12.92983939180873953, 33.99728970326059851, -12.50810207068520441 ) ) ;
#2367 = CARTESIAN_POINT ( 'NONE',  ( -5.941431822409547259, 8.044089214967733881, -16.97774488012678518 ) ) ;
#2368 = CARTESIAN_POINT ( 'NONE',  ( 9.680558549703299320, 29.76946015524630340, 10.10052866329826493 ) ) ;
#2369 = CARTESIAN_POINT ( 'NONE',  ( 7.441184992820901734, 31.61551778639630328, -11.84375244410240668 ) ) ;
#2370 = CARTESIAN_POINT ( 'NONE',  ( -7.892089626434113825, 4.265146846117735535, -11.98525637802066512 ) ) ;
#2371 = CARTESIAN_POINT ( 'NONE',  ( -18.33398143151067217, 59.20480350068202569, -2.065098662640568961 ) ) ;
#2372 = CARTESIAN_POINT ( 'NONE',  ( -17.31354432756522499, 40.15800398897488321, 6.382339233041261828 ) ) ;
#2373 = CARTESIAN_POINT ( 'NONE',  ( -1.606996938753239457, 8.311946357824878007, -14.25676843841640284 ) ) ;
#2374 = CARTESIAN_POINT ( 'NONE',  ( -15.22998441137730907, 50.90123207211058798, 9.570371369190237232 ) ) ;
#2375 = CARTESIAN_POINT ( 'NONE',  ( -1.763050077878471233, 19.32303158381773045, -18.36801413354849544 ) ) ;
#2376 = CARTESIAN_POINT ( 'NONE',  ( 11.68476097758757071, 43.64014684611773731, -7.694218462251239288 ) ) ;
#2377 = CARTESIAN_POINT ( 'NONE',  ( -2.066372343659833799, 45.81194635782489399, -18.33383792212573837 ) ) ;
#2378 = CARTESIAN_POINT ( 'NONE',  ( -7.441184992820900845, 42.86551778639630328, 11.84375244410240846 ) ) ;
#2379 = CARTESIAN_POINT ( 'NONE',  ( -18.29980522008792931, 10.21588872667487280, -2.368420928421930860 ) ) ;
#2380 = CARTESIAN_POINT ( 'NONE',  ( 15.22998441137731085, 9.651232072110591531, -9.570371369190235455 ) ) ;
#2381 = CARTESIAN_POINT ( 'NONE',  ( -17.84085098524932178, 32.92586113183201491, 2.310281418091025163 ) ) ;
#2382 = CARTESIAN_POINT ( 'NONE',  ( -10.36028257791282137, 24.14446015524630340, 9.929512150327971298 ) ) ;
#2383 = CARTESIAN_POINT ( 'NONE',  ( -10.07494671716892043, 34.26514684611774442, -15.45925353677825420 ) ) ;
#2384 = CARTESIAN_POINT ( 'NONE',  ( 2.066372343659836464, 4.561946357824875342, 18.33383792212573837 ) ) ;
#2385 = CARTESIAN_POINT ( 'NONE',  ( -14.22273573637858668, 17.71588872667487280, -1.909045523515404463 ) ) ;
#2386 = CARTESIAN_POINT ( 'NONE',  ( 13.54173102844871401, 39.91908921496771967, -4.739135598496600821 ) ) ;
#2387 = CARTESIAN_POINT ( 'NONE',  ( -10.10141226706252482, 11.49728970326059319, -9.679674945939034103 ) ) ;
#2388 = FACE_OUTER_BOUND ( 'NONE', #1307, .T. ) ;
#2389 = CARTESIAN_POINT ( 'NONE',  ( 15.78473206644855686, 44.97943256040344551, 9.556950604592154619 ) ) ;
#2390 = CARTESIAN_POINT ( 'NONE',  ( 15.62233376509898974, 55.99051778639630328, 9.815406020601812997 ) ) ;
#2391 = CARTESIAN_POINT ( 'NONE',  ( -18.29980522008792931, 17.71588872667487280, -2.368420928421930860 ) ) ;
#2392 = CARTESIAN_POINT ( 'NONE',  ( -13.86600214567635270, 62.92586113183203622, 1.862423513677762710 ) ) ;
#2393 = CARTESIAN_POINT ( 'NONE',  ( -12.71941253312912501, 45.00837492925344918, -12.71852892936481894 ) ) ;
#2394 = CARTESIAN_POINT ( 'NONE',  ( 13.89932148812502177, 40.18694635782487268, -1.566706170381278795 ) ) ;
#2395 = CARTESIAN_POINT ( 'NONE',  ( -12.50898567444951226, 18.51946015524629985, -12.92895578804443524 ) ) ;
#2396 = CARTESIAN_POINT ( 'NONE',  ( -17.87417032769798908, 6.436946357824876230, 2.014564074794545689 ) ) ;
#2397 = CARTESIAN_POINT ( 'NONE',  ( -9.680558549703295768, 33.51946015524629985, -10.10052866329826671 ) ) ;
#2398 = CARTESIAN_POINT ( 'NONE',  ( 1.717604984321167372, 42.56871827468916081, -17.90762958145169037 ) ) ;
#2399 = CARTESIAN_POINT ( 'NONE',  ( -5.941431822409547259, 8.044089214967733881, -16.97774488012678518 ) ) ;
#2400 = CIRCLE ( 'NONE', #771, 2.000000000000001332 ) ;
#2401 = CARTESIAN_POINT ( 'NONE',  ( -13.54173102844871579, 36.16908921496773388, 4.739135598496603485 ) ) ;
#2402 = CARTESIAN_POINT ( 'NONE',  ( -11.68476097758756893, 9.890146846117739088, 7.694218462251239288 ) ) ;
#2403 = CARTESIAN_POINT ( 'NONE',  ( -18.33398143151067217, 51.70480350068201858, -2.065098662640568961 ) ) ;
#2404 = CARTESIAN_POINT ( 'NONE',  ( -18.36815764293342212, 55.69371827468916791, -1.761776396859210170 ) ) ;
#2405 = APPLICATION_PROTOCOL_DEFINITION ( 'international standard', 'config_control_design', 1994, #3574 ) ;
#2406 = CARTESIAN_POINT ( 'NONE',  ( -2.309039670914129427, 23.34088872667487635, 17.84099089655435932 ) ) ;
#2407 = CARTESIAN_POINT ( 'NONE',  ( 11.68476097758757071, 58.64014684611773731, -7.694218462251239288 ) ) ;
#2408 = CARTESIAN_POINT ( 'NONE',  ( 2.369694609441195698, 8.550861131832022011, 18.29966171070299197 ) ) ;
#2409 = CARTESIAN_POINT ( 'NONE',  ( -12.14833660634136869, 52.24051778639630328, -7.632548929867056131 ) ) ;
#2410 = CARTESIAN_POINT ( 'NONE',  ( 12.50898567444951581, 22.26946015524630340, 12.92895578804443524 ) ) ;
#2411 = CARTESIAN_POINT ( 'NONE',  ( -2.066372343659833799, 15.81194635782488511, -18.33383792212573837 ) ) ;
#2412 = CARTESIAN_POINT ( 'NONE',  ( -1.861181766500929369, 30.84088872667487280, 13.86614205698138669 ) ) ;
#2413 = CARTESIAN_POINT ( 'NONE',  ( -4.901204415484357035, 12.03300398897487966, -13.10392430250715812 ) ) ;
#2414 = CARTESIAN_POINT ( 'NONE',  ( 2.369694609441195698, 53.55086113183202201, 18.29966171070299197 ) ) ;
#2415 = CARTESIAN_POINT ( 'NONE',  ( 9.816491301159269156, 11.52623207211059153, 15.62165183812783020 ) ) ;
#2416 = CARTESIAN_POINT ( 'NONE',  ( -13.89932148812502000, 43.93694635782487268, 1.566706170381279684 ) ) ;
#2417 = CARTESIAN_POINT ( 'NONE',  ( 13.30091153345750676, 22.21157541754631026, 4.338247252905039986 ) ) ;
#2418 = CARTESIAN_POINT ( 'NONE',  ( 17.41435922388530244, 9.919089214967733881, -6.094226812229655899 ) ) ;
#2419 = CARTESIAN_POINT ( 'NONE',  ( -4.901204415484357035, 4.533003988974877885, -13.10392430250715812 ) ) ;
#2420 = CARTESIAN_POINT ( 'NONE',  ( 9.816491301159272709, 56.52623207211058798, 15.62165183812783198 ) ) ;
#2421 = CARTESIAN_POINT ( 'NONE',  ( -12.50898567444951226, 11.01946015524630162, -12.92895578804443524 ) ) ;
#2422 = CARTESIAN_POINT ( 'NONE',  ( -9.890985408382910293, 7.508374929253447405, -9.890101804618650405 ) ) ;
#2423 = CARTESIAN_POINT ( 'NONE',  ( 9.569313298882223151, 54.11551778639630328, -15.23064924101556095 ) ) ;
#2424 = CARTESIAN_POINT ( 'NONE',  ( -7.375178794414805061, -3.712682701896556470, -12.31005298071982068 ) ) ;
#2425 = CARTESIAN_POINT ( 'NONE',  ( -12.50898567444951226, 26.01946015524630340, -12.92895578804443524 ) ) ;
#2426 = CARTESIAN_POINT ( 'NONE',  ( 17.41435922388530244, 32.41908921496772678, -6.094226812229655899 ) ) ;
#2427 = CARTESIAN_POINT ( 'NONE',  ( 11.98593830499179269, 29.50160301238915750, 7.891004345876712733 ) ) ;
#2428 = CARTESIAN_POINT ( 'NONE',  ( -4.449813364350533540, 9.086575417546306710, 13.64296925676377015 ) ) ;
#2429 = CARTESIAN_POINT ( 'NONE',  ( -5.941431822409547259, 8.044089214967733881, -16.97774488012678518 ) ) ;
#2430 = CARTESIAN_POINT ( 'NONE',  ( 1.606996938753243453, 12.06194635782488156, 14.25676843841640640 ) ) ;
#2431 = CARTESIAN_POINT ( 'NONE',  ( -2.369694609441194366, 57.30086113183203622, -18.29966171070299197 ) ) ;
#2432 = CARTESIAN_POINT ( 'NONE',  ( 10.14444420047966666, 31.88337492925345273, -10.14535052776112245 ) ) ;
#2433 = CARTESIAN_POINT ( 'NONE',  ( -9.569313298882221375, 12.86551778639630506, 15.23064924101556450 ) ) ;
#2434 = CARTESIAN_POINT ( 'NONE',  ( 12.14833660634136869, 55.99051778639630328, 7.632548929867059684 ) ) ;
#2435 = CARTESIAN_POINT ( 'NONE',  ( 9.816491301159272709, 56.52623207211058798, 15.62165183812783198 ) ) ;
#2436 = CARTESIAN_POINT ( 'NONE',  ( 10.10141226706252660, 37.74728970326059141, 9.679674945939028774 ) ) ;
#2437 = CARTESIAN_POINT ( 'NONE',  ( 13.04560959886932103, 9.383374929253447405, -13.04651592615081412 ) ) ;
#2438 = CARTESIAN_POINT ( 'NONE',  ( -15.78473206644855864, 48.72943256040345261, -9.556950604592149290 ) ) ;
#2439 = DATE_TIME_ROLE ( 'creation_date' ) ;
#2440 = CARTESIAN_POINT ( 'NONE',  ( 6.381129419706736527, 27.35874586953201515, -17.31396765956023387 ) ) ;
#2441 = CARTESIAN_POINT ( 'NONE',  ( -12.14833660634136869, 7.240517786396306832, -7.632548929867056131 ) ) ;
#2442 = CARTESIAN_POINT ( 'NONE',  ( -2.066372343659833355, 23.31194635782487623, -18.33383792212573837 ) ) ;
#2443 = CARTESIAN_POINT ( 'NONE',  ( -9.317337899759843722, 9.354432560403447283, 15.38897587789217702 ) ) ;
#2444 = CARTESIAN_POINT ( 'NONE',  ( 1.565464423204449673, 53.57980350068201858, -13.89946139943004688 ) ) ;
#2445 = CARTESIAN_POINT ( 'NONE',  ( 6.381129419706736527, 27.35874586953201515, -17.31396765956023387 ) ) ;
#2446 = CARTESIAN_POINT ( 'NONE',  ( 17.87417032769799263, 25.18694635782487623, -2.014564074794543913 ) ) ;
#2447 = CARTESIAN_POINT ( 'NONE',  ( 6.093016998895132375, 16.34766064353916093, -17.41478255588030777 ) ) ;
#2448 = CARTESIAN_POINT ( 'NONE',  ( -1.303674672971879112, 26.82303158381773045, -14.29094464983915458 ) ) ;
#2449 = CARTESIAN_POINT ( 'NONE',  ( 10.36028257791282137, 27.89446015524630340, -9.929512150327971298 ) ) ;
#2450 = CARTESIAN_POINT ( 'NONE',  ( -13.30091153345750854, 18.46157541754630671, -4.338247252905039097 ) ) ;
#2451 = CARTESIAN_POINT ( 'NONE',  ( 17.41435922388530244, 2.419089214967733437, -6.094226812229655899 ) ) ;
#2452 = CARTESIAN_POINT ( 'NONE',  ( -4.737925785162139469, 5.097660643539160930, 13.54215436044369092 ) ) ;
#2453 = CARTESIAN_POINT ( 'NONE',  ( 18.36815764293342212, 51.94371827468916081, 1.761776396859212168 ) ) ;
#2454 = CARTESIAN_POINT ( 'NONE',  ( -1.606996938753239457, 38.31194635782487268, -14.25676843841640284 ) ) ;
#2455 = APPROVAL_PERSON_ORGANIZATION ( #3276, #1518, #3621 ) ;
#2456 = CARTESIAN_POINT ( 'NONE',  ( -17.87417032769798908, 6.436946357824876230, 2.014564074794545689 ) ) ;
#2457 = CARTESIAN_POINT ( 'NONE',  ( 14.25691194780133131, 47.95480350068203279, 1.605723257734044784 ) ) ;
#2458 = CARTESIAN_POINT ( 'NONE',  ( -14.25691194780133131, 14.20480350068201858, -1.605723257734043230 ) ) ;
#2459 = CARTESIAN_POINT ( 'NONE',  ( -4.901204415484357035, 27.03300398897488321, -13.10392430250715812 ) ) ;
#2460 = CARTESIAN_POINT ( 'NONE',  ( 4.339426733693342975, 52.80517444096058455, 13.30049881527948408 ) ) ;
#2461 = CARTESIAN_POINT ( 'NONE',  ( -17.87417032769798908, 6.436946357824876230, 2.014564074794545689 ) ) ;
#2462 = CARTESIAN_POINT ( 'NONE',  ( -9.317337899759843722, 61.85443256040345261, 15.38897587789217702 ) ) ;
#2463 = MECHANICAL_CONTEXT ( 'NONE', #3574, 'mechanical' ) ;
#2464 = CARTESIAN_POINT ( 'NONE',  ( -5.660542981514041116, 41.55517444096059165, -17.07603213651294638 ) ) ;
#2465 = CARTESIAN_POINT ( 'NONE',  ( -10.10141226706252482, 63.99728970326059851, -9.679674945939034103 ) ) ;
#2466 = CARTESIAN_POINT ( 'NONE',  ( -13.04560959886931748, 35.63337492925344918, 13.04651592615081768 ) ) ;
#2467 = CARTESIAN_POINT ( 'NONE',  ( -2.013322327617646401, 57.32980350068201858, 17.87431023900302307 ) ) ;
#2468 = CARTESIAN_POINT ( 'NONE',  ( -17.51517412020538345, 24.68017444096058810, 5.806114391418055298 ) ) ;
#2469 = ORIENTED_EDGE ( 'NONE', *, *, #3409, .F. ) ;
#2470 = CARTESIAN_POINT ( 'NONE',  ( -13.04560959886931926, 20.63337492925344563, 13.04651592615081768 ) ) ;
#2471 = CARTESIAN_POINT ( 'NONE',  ( 16.97815759830482918, 18.22266064353916093, 5.940252341621189203 ) ) ;
#2472 = CARTESIAN_POINT ( 'NONE',  ( -7.693160391943281162, 38.87660301238915395, 11.68542580722579594 ) ) ;
#2473 = CARTESIAN_POINT ( 'NONE',  ( 14.22273573637858668, 21.46588872667487635, 1.909045523515405351 ) ) ;
#2474 = CARTESIAN_POINT ( 'NONE',  ( 2.013322327617649510, 38.57980350068201858, -17.87431023900302307 ) ) ;
#2475 = CARTESIAN_POINT ( 'NONE',  ( 12.31073490769093581, 22.47943256040345616, 7.374093513857401305 ) ) ;
#2476 = CARTESIAN_POINT ( 'NONE',  ( 2.013322327617649510, 8.579803500682018580, -17.87431023900302307 ) ) ;
#2477 = CARTESIAN_POINT ( 'NONE',  ( -13.89932148812502000, 13.93694635782487623, 1.566706170381279684 ) ) ;
#2478 = CARTESIAN_POINT ( 'NONE',  ( -18.36815764293342212, 63.19371827468917502, -1.761776396859210170 ) ) ;
#2479 = CARTESIAN_POINT ( 'NONE',  ( 4.737925785162139469, 38.84766064353915738, -13.54215436044368914 ) ) ;
#2480 = CARTESIAN_POINT ( 'NONE',  ( 17.51517412020538700, 50.93017444096060586, -5.806114391418052634 ) ) ;
#2481 = CARTESIAN_POINT ( 'NONE',  ( 13.20262427707134556, 48.22266064353915738, 4.619136093800549681 ) ) ;
#2482 = CARTESIAN_POINT ( 'NONE',  ( 13.54173102844871224, 24.91908921496773743, -4.739135598496601709 ) ) ;
#2483 = CARTESIAN_POINT ( 'NONE',  ( -1.269747079907964649, 31.31871827468917147, 13.93278074187870885 ) ) ;
#2484 = CARTESIAN_POINT ( 'NONE',  ( -1.303674672971879112, 41.82303158381773756, -14.29094464983915458 ) ) ;
#2485 = CARTESIAN_POINT ( 'NONE',  ( 9.569313298882223151, 1.615517786396304167, -15.23064924101556095 ) ) ;
#2486 = CARTESIAN_POINT ( 'NONE',  ( -7.892089626434113825, 4.265146846117735535, -11.98525637802066512 ) ) ;
#2487 = PERSON_AND_ORGANIZATION ( #2938, #3299 ) ;
#2488 = CARTESIAN_POINT ( 'NONE',  ( 2.309039670914132092, 27.09088872667487280, -17.84099089655435932 ) ) ;
#2489 = CARTESIAN_POINT ( 'NONE',  ( -14.25691194780133308, 14.20480350068201680, -1.605723257734043008 ) ) ;
#2490 = CARTESIAN_POINT ( 'NONE',  ( 9.569313298882223151, 24.11551778639630683, -15.23064924101556095 ) ) ;
#2491 = CARTESIAN_POINT ( 'NONE',  ( 15.78473206644855686, 7.479432560403450836, 9.556950604592154619 ) ) ;
#2492 = CARTESIAN_POINT ( 'NONE',  ( -1.763050077878471233, 34.32303158381773045, -18.36801413354849544 ) ) ;
#2493 = ORIENTED_EDGE ( 'NONE', *, *, #1673, .T. ) ;
#2494 = CARTESIAN_POINT ( 'NONE',  ( -15.22998441137730907, 20.90123207211059153, 9.570371369190237232 ) ) ;
#2495 = CARTESIAN_POINT ( 'NONE',  ( 6.093016998895132375, 8.847660643539164482, -17.41478255588030777 ) ) ;
#2496 = CARTESIAN_POINT ( 'NONE',  ( -4.339426733693341198, 41.55517444096059165, -13.30049881527948585 ) ) ;
#2497 = CARTESIAN_POINT ( 'NONE',  ( 1.303674672971881554, 23.07303158381773045, 14.29094464983915458 ) ) ;
#2498 = CARTESIAN_POINT ( 'NONE',  ( -6.093016998895131486, 42.59766064353916448, 17.41478255588030777 ) ) ;
#2499 = CARTESIAN_POINT ( 'NONE',  ( 10.10141226706252660, 15.24728970326059319, 9.679674945939028774 ) ) ;
#2500 = CARTESIAN_POINT ( 'NONE',  ( -2.013322327617646401, 12.32980350068201858, 17.87431023900302307 ) ) ;
#2501 = CARTESIAN_POINT ( 'NONE',  ( 7.633634210424460775, 11.52623207211058975, 12.14765467937024468 ) ) ;
#2502 = CARTESIAN_POINT ( 'NONE',  ( -13.04560959886931748, 50.63337492925344918, 13.04651592615081768 ) ) ;
#2503 = CARTESIAN_POINT ( 'NONE',  ( 11.84308761446418856, 39.65123207211058798, -7.442243063128862524 ) ) ;
#2504 = CARTESIAN_POINT ( 'NONE',  ( 17.87417032769799263, 2.686946357824875342, -2.014564074794543913 ) ) ;
#2505 = CARTESIAN_POINT ( 'NONE',  ( 13.89932148812502177, 47.68694635782487268, -1.566706170381278795 ) ) ;
#2506 = CARTESIAN_POINT ( 'NONE',  ( 1.606996938753243231, 19.56194635782487978, 14.25676843841640462 ) ) ;
#2507 = CARTESIAN_POINT ( 'NONE',  ( -2.066372343659833799, 15.81194635782488511, -18.33383792212573837 ) ) ;
#2508 = CARTESIAN_POINT ( 'NONE',  ( -7.892089626434113825, 26.76514684611773731, -11.98525637802066512 ) ) ;
#2509 = CARTESIAN_POINT ( 'NONE',  ( -13.93264083057369085, 54.94803158381773756, 1.270988827084797990 ) ) ;
#2510 = PERSON_AND_ORGANIZATION_ROLE ( 'creator' ) ;
#2511 = CARTESIAN_POINT ( 'NONE',  ( -13.26144797630246863, 31.64446015524629985, 12.83067754871767185 ) ) ;
#2512 = CARTESIAN_POINT ( 'NONE',  ( 1.565464423204449673, 23.57980350068201858, -13.89946139943004688 ) ) ;
#2513 = CARTESIAN_POINT ( 'NONE',  ( -17.41435922388530244, 28.66908921496773388, 6.094226812229657675 ) ) ;
#2514 = CARTESIAN_POINT ( 'NONE',  ( 10.07494671716892043, 15.51514684611773731, 15.45925353677825420 ) ) ;
#2515 = CARTESIAN_POINT ( 'NONE',  ( -15.38831104825392870, 46.91231729810344575, 9.318395970067859579 ) ) ;
#2516 = CARTESIAN_POINT ( 'NONE',  ( 17.87417032769799263, 2.686946357824875342, -2.014564074794543913 ) ) ;
#2517 = CARTESIAN_POINT ( 'NONE',  ( -5.941431822409547259, 23.04408921496773388, -16.97774488012678518 ) ) ;
#2518 = CARTESIAN_POINT ( 'NONE',  ( -12.71941253312912501, 30.00837492925344918, -12.71852892936481894 ) ) ;
#2519 = CARTESIAN_POINT ( 'NONE',  ( -12.00141425134080286, 39.41231729810344575, 7.190267664006487536 ) ) ;
#2520 = CARTESIAN_POINT ( 'NONE',  ( 7.375178794414805949, 37.53731729810344575, 12.31005298071981713 ) ) ;
#2521 = CARTESIAN_POINT ( 'NONE',  ( 15.22998441137731085, 39.65123207211058798, -9.570371369190235455 ) ) ;
#2522 = CARTESIAN_POINT ( 'NONE',  ( -13.30091153345750854, 33.46157541754630671, -4.338247252905039097 ) ) ;
#2523 = CARTESIAN_POINT ( 'NONE',  ( 6.093016998895132375, 1.347660643539160930, -17.41478255588030777 ) ) ;
#2524 = CARTESIAN_POINT ( 'NONE',  ( -14.25691194780133308, 29.20480350068202213, -1.605723257734043008 ) ) ;
#2525 = CARTESIAN_POINT ( 'NONE',  ( -5.941431822409547259, 45.54408921496773388, -16.97774488012678518 ) ) ;
#2526 = CARTESIAN_POINT ( 'NONE',  ( 13.54173102844871224, 32.41908921496772678, -4.739135598496601709 ) ) ;
#2527 = CARTESIAN_POINT ( 'NONE',  ( -12.92983939180873953, 11.49728970326059319, -12.50810207068520441 ) ) ;
#2528 = CARTESIAN_POINT ( 'NONE',  ( 15.45993546374941552, 52.00160301238916105, 10.07386143661146605 ) ) ;
#2529 = CARTESIAN_POINT ( 'NONE',  ( 7.693160391943282050, -2.373396987610842057, -11.68542580722579238 ) ) ;
#2530 = CC_DESIGN_APPROVAL ( #1799, ( #991 ) ) ;
#2531 = CARTESIAN_POINT ( 'NONE',  ( -11.84308761446418679, 20.90123207211059153, 7.442243063128862524 ) ) ;
#2532 = CARTESIAN_POINT ( 'NONE',  ( -16.97815759830483273, 21.97266064353916093, -5.940252341621187426 ) ) ;
#2533 = CARTESIAN_POINT ( 'NONE',  ( 10.10141226706252660, 45.24728970326059851, 9.679674945939028774 ) ) ;
#2534 = CARTESIAN_POINT ( 'NONE',  ( -12.00141425134080286, 46.91231729810344575, 7.190267664006487536 ) ) ;
#2535 = APPROVAL_DATE_TIME ( #3146, #1799 ) ;
#2536 = CARTESIAN_POINT ( 'NONE',  ( -13.26144797630246863, 39.14446015524631406, 12.83067754871767185 ) ) ;
#2537 = CARTESIAN_POINT ( 'NONE',  ( -4.737925785162139469, 20.09766064353916093, 13.54215436044369092 ) ) ;
#2538 = CARTESIAN_POINT ( 'NONE',  ( -16.97815759830483273, 29.47266064353916448, -5.940252341621187426 ) ) ;
#2539 = CARTESIAN_POINT ( 'NONE',  ( 15.78473206644855686, 29.97943256040345261, 9.556950604592154619 ) ) ;
#2540 = CARTESIAN_POINT ( 'NONE',  ( -9.821288698004600803, 31.37660301238916460, 15.07232260413895020 ) ) ;
#2541 = CARTESIAN_POINT ( 'NONE',  ( -5.941431822409547259, 0.5440892149677324374, -16.97774488012678518 ) ) ;
#2542 = CARTESIAN_POINT ( 'NONE',  ( -15.62233376509898974, 37.24051778639630328, -9.815406020601807668 ) ) ;
#2543 = CARTESIAN_POINT ( 'NONE',  ( 13.04560959886932103, 24.38337492925344918, -13.04651592615081412 ) ) ;
#2544 = CARTESIAN_POINT ( 'NONE',  ( 12.00141425134080642, 43.16231729810344575, -7.190267664006485759 ) ) ;
#2545 = CARTESIAN_POINT ( 'NONE',  ( 1.303674672971881554, 38.07303158381773756, 14.29094464983915458 ) ) ;
#2546 = CARTESIAN_POINT ( 'NONE',  ( -5.941431822409547259, 45.54408921496773388, -16.97774488012678518 ) ) ;
#2547 = CARTESIAN_POINT ( 'NONE',  ( -13.86600214567635270, 25.42586113183201846, 1.862423513677762710 ) ) ;
#2548 = CARTESIAN_POINT ( 'NONE',  ( -2.013322327617646401, 19.82980350068201858, 17.87431023900302307 ) ) ;
#2549 = CARTESIAN_POINT ( 'NONE',  ( 14.25691194780133131, 32.95480350068201147, 1.605723257734044784 ) ) ;
#2550 = CARTESIAN_POINT ( 'NONE',  ( 5.941431822409549035, 41.79408921496773388, 16.97774488012678518 ) ) ;
#2551 = CARTESIAN_POINT ( 'NONE',  ( -14.25691194780133131, 51.70480350068201858, -1.605723257734043230 ) ) ;
#2552 = CARTESIAN_POINT ( 'NONE',  ( -18.36815764293342212, 10.69371827468916614, -1.761776396859210170 ) ) ;
#2553 = CARTESIAN_POINT ( 'NONE',  ( 18.29980522008792931, 51.46588872667486925, 2.368420928421932636 ) ) ;
#2554 = CARTESIAN_POINT ( 'NONE',  ( -13.54173102844871401, 13.66908921496773388, 4.739135598496604374 ) ) ;
#2555 = CARTESIAN_POINT ( 'NONE',  ( -15.62233376509898974, 22.24051778639630328, -9.815406020601807668 ) ) ;
#2556 = CARTESIAN_POINT ( 'NONE',  ( 1.910319204534604243, 38.55086113183202201, 14.22259222699365289 ) ) ;
#2557 = CARTESIAN_POINT ( 'NONE',  ( 13.93264083057369085, 43.69803158381773045, -1.270988827084796213 ) ) ;
#2558 = CARTESIAN_POINT ( 'NONE',  ( 6.381129419706736527, 42.35874586953202225, -17.31396765956023387 ) ) ;
#2559 = CARTESIAN_POINT ( 'NONE',  ( 1.606996938753243453, 12.06194635782488156, 14.25676843841640640 ) ) ;
#2560 = CARTESIAN_POINT ( 'NONE',  ( -17.31354432756522499, 17.65800398897488321, 6.382339233041261828 ) ) ;
#2561 = CARTESIAN_POINT ( 'NONE',  ( -15.45993546374941552, 33.25160301238917526, -10.07386143661146427 ) ) ;
#2562 = CARTESIAN_POINT ( 'NONE',  ( -6.093016998895129710, 5.097660643539161818, 17.41478255588030777 ) ) ;
#2563 = CARTESIAN_POINT ( 'NONE',  ( 16.97815759830482918, 40.72266064353915738, 5.940252341621189203 ) ) ;
#2564 = CARTESIAN_POINT ( 'NONE',  ( -9.569313298882221375, 35.36551778639630328, 15.23064924101556450 ) ) ;
#2565 = CARTESIAN_POINT ( 'NONE',  ( -14.22273573637858668, 47.71588872667486925, -1.909045523515404463 ) ) ;
#2566 = CARTESIAN_POINT ( 'NONE',  ( 2.066372343659836464, 42.06194635782487268, 18.33383792212573837 ) ) ;
#2567 = CARTESIAN_POINT ( 'NONE',  ( 13.30091153345750676, 37.21157541754630671, 4.338247252905039986 ) ) ;
#2568 = CARTESIAN_POINT ( 'NONE',  ( -17.41435922388530244, 28.66908921496773388, 6.094226812229657675 ) ) ;
#2569 = CARTESIAN_POINT ( 'NONE',  ( -10.14444420047966489, 20.63337492925344563, 10.14535052776112423 ) ) ;
#2570 = CARTESIAN_POINT ( 'NONE',  ( -12.71941253312912501, 37.50837492925344208, -12.71852892936481894 ) ) ;
#2571 = CARTESIAN_POINT ( 'NONE',  ( 12.14833660634136514, 48.49051778639631038, 7.632548929867058796 ) ) ;
#2572 = CARTESIAN_POINT ( 'NONE',  ( -9.317337899759843722, 9.354432560403447283, 15.38897587789217702 ) ) ;
#2573 = CARTESIAN_POINT ( 'NONE',  ( -2.309039670914129427, 53.34088872667487635, 17.84099089655435932 ) ) ;
#2574 = CARTESIAN_POINT ( 'NONE',  ( -4.737925785162138581, 27.59766064353916448, 13.54215436044369447 ) ) ;
#2575 = CARTESIAN_POINT ( 'NONE',  ( 9.816491301159272709, 26.52623207211060219, 15.62165183812783198 ) ) ;
#2576 = CARTESIAN_POINT ( 'NONE',  ( -10.10141226706252482, 41.49728970326059851, -9.679674945939034103 ) ) ;
#2577 = CARTESIAN_POINT ( 'NONE',  ( -13.64254592476879147, 9.680174440960588100, 4.451023177685001997 ) ) ;
#2578 = CARTESIAN_POINT ( 'NONE',  ( -13.20262427707134734, 21.97266064353916093, -4.619136093800548792 ) ) ;
#2579 = CARTESIAN_POINT ( 'NONE',  ( -9.317337899759843722, 24.35443256040345261, 15.38897587789217702 ) ) ;
#2580 = CARTESIAN_POINT ( 'NONE',  ( 15.45993546374941552, 37.00160301238916105, 10.07386143661146605 ) ) ;
#2581 = CARTESIAN_POINT ( 'NONE',  ( 6.093016998895132375, 38.84766064353915738, -17.41478255588030777 ) ) ;
#2582 = CARTESIAN_POINT ( 'NONE',  ( 12.71941253312912679, 26.25837492925344918, 12.71852892936481716 ) ) ;
#2583 = CARTESIAN_POINT ( 'NONE',  ( 9.680558549703299320, 52.26946015524631406, 10.10052866329826493 ) ) ;
#2584 = CARTESIAN_POINT ( 'NONE',  ( -17.41435922388530244, 58.66908921496774809, 6.094226812229657675 ) ) ;
#2585 = CARTESIAN_POINT ( 'NONE',  ( -13.44091613212862946, 25.15800398897487966, 5.027248019308207638 ) ) ;
#2586 = CARTESIAN_POINT ( 'NONE',  ( 17.87417032769799263, 25.18694635782487623, -2.014564074794543913 ) ) ;
#2587 = CARTESIAN_POINT ( 'NONE',  ( 13.89932148812502177, 25.18694635782487623, -1.566706170381278795 ) ) ;
#2588 = CARTESIAN_POINT ( 'NONE',  ( -4.620315574588849117, 53.04408921496773388, -13.20221155889332287 ) ) ;
#2589 = CARTESIAN_POINT ( 'NONE',  ( -10.07494671716892043, 4.265146846117735535, -15.45925353677825420 ) ) ;
#2590 = CARTESIAN_POINT ( 'NONE',  ( -13.93264083057369085, 9.948031583817730450, 1.270988827084797990 ) ) ;
#2591 = CARTESIAN_POINT ( 'NONE',  ( 15.22998441137731085, 24.65123207211059153, -9.570371369190235455 ) ) ;
#2592 = CARTESIAN_POINT ( 'NONE',  ( 9.928605823046513734, 50.87228970326059141, -10.36118890519427360 ) ) ;
#2593 = CARTESIAN_POINT ( 'NONE',  ( 7.693160391943282050, 12.62660301238915928, -11.68542580722579238 ) ) ;
#2594 = LOCAL_TIME ( 0, 40, 38.00000000000000000, #3294 ) ;
#2595 = CARTESIAN_POINT ( 'NONE',  ( 13.54173102844871401, 32.41908921496772678, -4.739135598496600821 ) ) ;
#2596 = CARTESIAN_POINT ( 'NONE',  ( 10.07494671716892043, 23.01514684611774442, 15.45925353677825420 ) ) ;
#2597 = CARTESIAN_POINT ( 'NONE',  ( 17.90748967014665993, 51.19803158381773756, -1.718846731498061331 ) ) ;
#2598 = CARTESIAN_POINT ( 'NONE',  ( 17.41435922388530244, 39.91908921496771967, -6.094226812229655899 ) ) ;
#2599 = CARTESIAN_POINT ( 'NONE',  ( -9.816491301159269156, 37.77623207211058798, -15.62165183812783198 ) ) ;
#2600 = CARTESIAN_POINT ( 'NONE',  ( -13.26144797630246863, 1.644460155246301625, 12.83067754871767185 ) ) ;
#2601 = CARTESIAN_POINT ( 'NONE',  ( -13.04560959886931926, 50.63337492925344208, 13.04651592615081768 ) ) ;
#2602 = CARTESIAN_POINT ( 'NONE',  ( -1.269747079907964649, 31.31871827468917147, 13.93278074187870885 ) ) ;
#2603 = CARTESIAN_POINT ( 'NONE',  ( 6.093016998895132375, 23.84766064353916093, -17.41478255588030777 ) ) ;
#2604 = CARTESIAN_POINT ( 'NONE',  ( 1.565464423204449673, 23.57980350068201858, -13.89946139943004688 ) ) ;
#2605 = CARTESIAN_POINT ( 'NONE',  ( 2.309039670914132092, 4.590888726674872800, -17.84099089655435932 ) ) ;
#2606 = CARTESIAN_POINT ( 'NONE',  ( 14.25691194780132953, 47.95480350068201858, 1.605723257734045006 ) ) ;
#2607 = CARTESIAN_POINT ( 'NONE',  ( 9.317337899759843722, 13.10443256040345084, -15.38897587789217347 ) ) ;
#2608 = CARTESIAN_POINT ( 'NONE',  ( 1.303674672971881554, 15.57303158381773400, 14.29094464983915458 ) ) ;
#2609 = CARTESIAN_POINT ( 'NONE',  ( -4.449813364350533540, 46.58657541754631382, 13.64296925676377015 ) ) ;
#2610 = CARTESIAN_POINT ( 'NONE',  ( -13.10433702068519146, 2.983745869532015593, -4.900024934696059375 ) ) ;
#2611 = CARTESIAN_POINT ( 'NONE',  ( 18.36815764293342212, 36.94371827468916081, 1.761776396859212168 ) ) ;
#2612 = CARTESIAN_POINT ( 'NONE',  ( 5.660542981514042893, 52.80517444096058455, 17.07603213651294638 ) ) ;
#2613 = CARTESIAN_POINT ( 'NONE',  ( -5.941431822409547259, 53.04408921496773388, -16.97774488012678518 ) ) ;
#2614 = CARTESIAN_POINT ( 'NONE',  ( 2.013322327617649510, 46.07980350068201858, -17.87431023900302307 ) ) ;
#2615 = CARTESIAN_POINT ( 'NONE',  ( -9.680558549703295768, 56.01946015524631406, -10.10052866329826671 ) ) ;
#2616 = CARTESIAN_POINT ( 'NONE',  ( 17.41435922388530244, 47.41908921496774099, -6.094226812229655899 ) ) ;
#2617 = CARTESIAN_POINT ( 'NONE',  ( -7.892089626434113825, 56.76514684611773731, -11.98525637802066512 ) ) ;
#2618 = CARTESIAN_POINT ( 'NONE',  ( 5.941431822409549035, 19.29408921496773388, 16.97774488012678518 ) ) ;
#2619 = CARTESIAN_POINT ( 'NONE',  ( -7.441184992820900845, 50.36551778639630328, 11.84375244410240846 ) ) ;
#2620 = CARTESIAN_POINT ( 'NONE',  ( -17.51517412020538345, 9.680174440960588100, 5.806114391418055298 ) ) ;
#2621 = CARTESIAN_POINT ( 'NONE',  ( 4.620315574588850005, 49.29408921496773388, 13.20221155889332287 ) ) ;
#2622 = CARTESIAN_POINT ( 'NONE',  ( 1.717604984321167372, 27.56871827468917147, -17.90762958145169037 ) ) ;
#2623 = CARTESIAN_POINT ( 'NONE',  ( 9.680558549703299320, 14.76946015524629985, 10.10052866329826493 ) ) ;
#2624 = CARTESIAN_POINT ( 'NONE',  ( 13.44091613212862768, 58.90800398897489032, -5.027248019308205862 ) ) ;
#2625 = CARTESIAN_POINT ( 'NONE',  ( 10.36028257791282137, -2.105539844753699708, -9.929512150327971298 ) ) ;
#2626 = CARTESIAN_POINT ( 'NONE',  ( 10.10141226706252660, 15.24728970326059319, 9.679674945939028774 ) ) ;
#2627 = CARTESIAN_POINT ( 'NONE',  ( 13.04560959886931926, 54.38337492925344208, -13.04651592615081412 ) ) ;
#2628 = CARTESIAN_POINT ( 'NONE',  ( 5.804904578083527333, 35.33657541754630671, -17.51559745220038522 ) ) ;
#2629 = CARTESIAN_POINT ( 'NONE',  ( 2.309039670914132092, 49.59088872667487635, -17.84099089655435932 ) ) ;
#2630 = CARTESIAN_POINT ( 'NONE',  ( 11.84308761446418856, 2.151232072110589755, -7.442243063128862524 ) ) ;
#2631 = CARTESIAN_POINT ( 'NONE',  ( -18.33398143151067217, 51.70480350068201858, -2.065098662640568961 ) ) ;
#2632 = CARTESIAN_POINT ( 'NONE',  ( -15.45993546374941552, 3.251603012389157943, -10.07386143661146427 ) ) ;
#2633 = CARTESIAN_POINT ( 'NONE',  ( 2.066372343659836464, 57.06194635782487978, 18.33383792212573837 ) ) ;
#2634 = CARTESIAN_POINT ( 'NONE',  ( 14.29108815922407594, 51.94371827468916081, 1.302400991952682663 ) ) ;
#2635 = CARTESIAN_POINT ( 'NONE',  ( -16.97815759830483273, 51.97266064353916448, -5.940252341621187426 ) ) ;
#2636 = CARTESIAN_POINT ( 'NONE',  ( 11.84308761446418856, 39.65123207211058798, -7.442243063128862524 ) ) ;
#2637 = CARTESIAN_POINT ( 'NONE',  ( -16.87987034191867508, 2.983745869532015593, -6.221141182516696233 ) ) ;
#2638 = CARTESIAN_POINT ( 'NONE',  ( 17.87417032769799263, 2.686946357824875342, -2.014564074794543913 ) ) ;
#2639 = CARTESIAN_POINT ( 'NONE',  ( -17.31354432756522499, 32.65800398897489742, 6.382339233041261828 ) ) ;
#2640 = CARTESIAN_POINT ( 'NONE',  ( -4.339426733693341198, 11.55517444096058632, -13.30049881527948585 ) ) ;
#2641 = CARTESIAN_POINT ( 'NONE',  ( -9.317337899759843722, 39.35443256040345261, 15.38897587789217702 ) ) ;
#2642 = CARTESIAN_POINT ( 'NONE',  ( -12.31073490769093581, 63.72943256040344551, -7.374093513857398641 ) ) ;
#2643 = CARTESIAN_POINT ( 'NONE',  ( 14.22273573637858668, 6.465888726674871911, 1.909045523515405351 ) ) ;
#2644 = CARTESIAN_POINT ( 'NONE',  ( 12.31073490769093581, 7.479432560403450836, 7.374093513857401305 ) ) ;
#2645 = DIRECTION ( 'NONE',  ( -0.7071067811865532349, -6.098637220230958744E-17, -0.7071067811865420216 ) ) ;
#2646 = CARTESIAN_POINT ( 'NONE',  ( -5.804904578083523781, 39.08657541754632092, 17.51559745220038522 ) ) ;
#2647 = CC_DESIGN_APPROVAL ( #725, ( #698 ) ) ;
#2648 = CARTESIAN_POINT ( 'NONE',  ( 9.569313298882223151, 54.11551778639630328, -15.23064924101556095 ) ) ;
#2649 = CARTESIAN_POINT ( 'NONE',  ( 17.41435922388530244, 47.41908921496774099, -6.094226812229655899 ) ) ;
#2650 = CARTESIAN_POINT ( 'NONE',  ( 6.381129419706736527, -2.641254130467984851, -17.31396765956023387 ) ) ;
#2651 = CARTESIAN_POINT ( 'NONE',  ( -12.31073490769093581, 48.72943256040345261, -7.374093513857398641 ) ) ;
#2652 = CARTESIAN_POINT ( 'NONE',  ( -17.87417032769798908, 43.93694635782487268, 2.014564074794545689 ) ) ;
#2653 = CARTESIAN_POINT ( 'NONE',  ( 10.14444420047966666, 39.38337492925344208, -10.14535052776112423 ) ) ;
#2654 = CARTESIAN_POINT ( 'NONE',  ( -9.558035885149614330, 11.28731729810344575, -15.78405013947740798 ) ) ;
#2655 =( BOUNDED_CURVE ( )  B_SPLINE_CURVE ( 2, ( #1785, #1847, #2931, #1750, #2914, #1464, #3009, #2339, #2630, #3228, #24, #3513, #328, #909, #1180, #2728, #707, #119, #41, #3497, #893, #1868, #1768, #1275, #346, #1213, #1196, #2355, #2070, #2949, #1500, #2373, #3530, #969, #3402, #141, #3142, #1652, #799, #752, #776, #473, #1014, #3332, #1630, #3616, #2222, #1937, #1914, #2265, #1584, #2554, #1084, #2458, #3379, #1980, #2173, #2818, #3120, #2797, #1037, #188, #209, #727, #1889, #1343, #2773, #3424, #3708, #1675, #1297, #3073, #448, #2506, #164, #2750, #3664, #1960, #2531, #3096, #2840, #3049, #1061, #517, #494, #3687, #233, #1365, #1605, #1388, #1320, #1105, #2245, #2482, #820, #3639, #2198, #3357, #539, #253, #1697, #2861, #1408, #2574, #1560, #3376, #1294, #2724, #795, #1603, #704, #3613, #1272, #116, #3683, #185, #1865, #3047, #446, #2432, #1887, #2526, #3590, #470, #2794, #1011, #3070, #2170, #1317, #986, #1627, #2770, #1340, #2149, #3308, #161, #1581, #2241, #1361, #491, #3026, #424, #1649, #2454, #3636, #2479, #3354, #3329, #2503, #2747, #1034, #138, #2194, #773, #3661, #1058, #1934, #749, #1956, #3093, #724, #2218, #2815, #1911, #206, #1080, #3398, #405, #1996, #2907, #835, #1423, #536, #1122, #3743, #2329, #1385, #3440, #2298, #2606, #3157, #2571, #230, #1671, #2621, #2891, #3421, #554, #1711, #2837, #2875, #3190, #267, #2551, #283, #3473, #817, #2281, #2588, #3761, #3457, #2858, #3705, #1139, #1102, #852, #2012, #3174, #2262, #1156, #1455, #869, #570, #1977, #3139, #1727, #3726, #1693, #884, #2314, #15, #3116, #250, #1743, #1440 ),
 .UNSPECIFIED., .F., .T. ) 
 B_SPLINE_CURVE_WITH_KNOTS ( ( 3, 2, 2, 2, 2, 2, 2, 2, 2, 2, 2, 2, 2, 2, 2, 2, 2, 2, 2, 2, 2, 2, 2, 2, 2, 2, 2, 2, 2, 2, 2, 2, 2, 2, 2, 2, 2, 2, 2, 2, 2, 2, 2, 2, 2, 2, 2, 2, 2, 2, 2, 2, 2, 2, 2, 2, 2, 2, 2, 2, 2, 2, 2, 2, 2, 2, 2, 2, 2, 2, 2, 2, 2, 2, 2, 2, 2, 2, 2, 2, 2, 2, 2, 2, 2, 2, 2, 2, 2, 2, 2, 2, 2, 2, 2, 2, 2, 2, 2, 2, 2, 2, 2, 2, 2, 2, 2, 2, 2, 2, 2, 2, 3 ),
 ( 0.000000000000000000, 0.008928571428571428076, 0.01785714285714285615, 0.02678571428571428423, 0.03571428571428571230, 0.04464285714285714385, 0.05357142857142856845, 0.06250000000000000000, 0.07142857142857142461, 0.08035714285714286309, 0.08928571428571428770, 0.09821428571428571230, 0.1071428571428571369, 0.1160714285714285754, 0.1250000000000000000, 0.1339285714285714246, 0.1428571428571428492, 0.1517857142857142738, 0.1607142857142857262, 0.1696428571428571508, 0.1785714285714285754, 0.1875000000000000000, 0.1964285714285714246, 0.2053571428571428492, 0.2142857142857142738, 0.2232142857142857262, 0.2321428571428571508, 0.2410714285714285754, 0.2500000000000000000, 0.2589285714285714524, 0.2678571428571428492, 0.2767857142857143016, 0.2857142857142856984, 0.2946428571428571508, 0.3035714285714285476, 0.3125000000000000000, 0.3214285714285714524, 0.3303571428571428492, 0.3392857142857143016, 0.3482142857142856984, 0.3571428571428571508, 0.3660714285714285476, 0.3750000000000000000, 0.3839285714285714524, 0.3928571428571428492, 0.4017857142857143016, 0.4107142857142856984, 0.4196428571428571508, 0.4285714285714285476, 0.4375000000000000000, 0.4464285714285714524, 0.4553571428571428492, 0.4642857142857143016, 0.4732142857142856984, 0.4821428571428571508, 0.4910714285714285476, 0.5000000000000000000, 0.5089285714285713969, 0.5178571428571429047, 0.5267857142857143016, 0.5357142857142856984, 0.5446428571428570953, 0.5535714285714286031, 0.5625000000000000000, 0.5714285714285713969, 0.5803571428571429047, 0.5892857142857143016, 0.5982142857142856984, 0.6071428571428570953, 0.6160714285714286031, 0.6250000000000000000, 0.6339285714285713969, 0.6428571428571429047, 0.6517857142857143016, 0.6607142857142856984, 0.6696428571428570953, 0.6785714285714286031, 0.6875000000000000000, 0.6964285714285713969, 0.7053571428571429047, 0.7142857142857143016, 0.7232142857142856984, 0.7321428571428570953, 0.7410714285714286031, 0.7500000000000000000, 0.7589285714285713969, 0.7678571428571429047, 0.7767857142857143016, 0.7857142857142856984, 0.7946428571428570953, 0.8035714285714286031, 0.8125000000000000000, 0.8214285714285713969, 0.8303571428571429047, 0.8392857142857143016, 0.8482142857142856984, 0.8571428571428570953, 0.8660714285714286031, 0.8750000000000000000, 0.8839285714285713969, 0.8928571428571429047, 0.9017857142857143016, 0.9107142857142856984, 0.9196428571428570953, 0.9285714285714286031, 0.9375000000000000000, 0.9464285714285713969, 0.9553571428571429047, 0.9642857142857143016, 0.9732142857142856984, 0.9821428571428570953, 0.9910714285714286031, 1.000000000000000000 ),
 .UNSPECIFIED. ) 
 CURVE ( )  GEOMETRIC_REPRESENTATION_ITEM ( )  RATIONAL_B_SPLINE_CURVE ( ( 1.000000000000000000, 0.9749279121818236193, 1.000000000000000000, 0.9749279121818236193, 1.000000000000000000, 0.9749279121818236193, 1.000000000000000000, 0.9749279121818236193, 1.000000000000000000, 0.9749279121818236193, 1.000000000000000000, 0.9749279121818236193, 1.000000000000000000, 0.9749279121818236193, 1.000000000000000000, 0.9749279121818236193, 1.000000000000000000, 0.9749279121818236193, 1.000000000000000000, 0.9749279121818236193, 1.000000000000000000, 0.9749279121818236193, 1.000000000000000000, 0.9749279121818236193, 1.000000000000000000, 0.9749279121818236193, 1.000000000000000000, 0.9749279121818236193, 1.000000000000000000, 0.9749279121818236193, 1.000000000000000000, 0.9749279121818236193, 1.000000000000000000, 0.9749279121818236193, 1.000000000000000000, 0.9749279121818236193, 1.000000000000000000, 0.9749279121818236193, 1.000000000000000000, 0.9749279121818236193, 1.000000000000000000, 0.9749279121818236193, 1.000000000000000000, 0.9749279121818236193, 1.000000000000000000, 0.9749279121818236193, 1.000000000000000000, 0.9749279121818236193, 1.000000000000000000, 0.9749279121818236193, 1.000000000000000000, 0.9749279121818236193, 1.000000000000000000, 0.9749279121818236193, 1.000000000000000000, 0.9749279121818236193, 1.000000000000000000, 0.9749279121818236193, 1.000000000000000000, 0.9749279121818236193, 1.000000000000000000, 0.9749279121818236193, 1.000000000000000000, 0.9749279121818236193, 1.000000000000000000, 0.9749279121818236193, 1.000000000000000000, 0.9749279121818236193, 1.000000000000000000, 0.9749279121818236193, 1.000000000000000000, 0.9749279121818236193, 1.000000000000000000, 0.9749279121818236193, 1.000000000000000000, 0.9749279121818236193, 1.000000000000000000, 0.9749279121818236193, 1.000000000000000000, 0.9749279121818236193, 1.000000000000000000, 0.9749279121818236193, 1.000000000000000000, 0.9749279121818236193, 1.000000000000000000, 0.9749279121818236193, 1.000000000000000000, 0.9749279121818236193, 1.000000000000000000, 0.9749279121818236193, 1.000000000000000000, 0.9749279121818236193, 1.000000000000000000, 0.9749279121818236193, 1.000000000000000000, 0.9749279121818236193, 1.000000000000000000, 0.9749279121818236193, 1.000000000000000000, 0.9749279121818236193, 1.000000000000000000, 0.9749279121818236193, 1.000000000000000000, 0.9749279121818236193, 1.000000000000000000, 0.9749279121818236193, 1.000000000000000000, 0.9749279121818236193, 1.000000000000000000, 0.9749279121818236193, 1.000000000000000000, 0.9749279121818236193, 1.000000000000000000, 0.9749279121818236193, 1.000000000000000000, 0.9749279121818236193, 1.000000000000000000, 0.9749279121818236193, 1.000000000000000000, 0.9749279121818236193, 1.000000000000000000, 0.9749279121818236193, 1.000000000000000000, 0.9749279121818236193, 1.000000000000000000, 0.9749279121818236193, 1.000000000000000000, 0.9749279121818236193, 1.000000000000000000, 0.9749279121818236193, 1.000000000000000000, 0.9749279121818236193, 1.000000000000000000, 0.9749279121818236193, 1.000000000000000000, 0.9749279121818236193, 1.000000000000000000, 0.9749279121818236193, 1.000000000000000000, 0.9749279121818236193, 1.000000000000000000, 0.9749279121818236193, 1.000000000000000000, 0.9749279121818236193, 1.000000000000000000, 0.9749279121818236193, 1.000000000000000000, 0.9749279121818236193, 1.000000000000000000, 0.9749279121818236193, 1.000000000000000000, 0.9749279121818236193, 1.000000000000000000, 0.9749279121818236193, 1.000000000000000000, 0.9749279121818236193, 1.000000000000000000, 0.9749279121818236193, 1.000000000000000000, 0.9749279121818236193, 1.000000000000000000, 0.9749279121818236193, 1.000000000000000000, 0.9749279121818236193, 1.000000000000000000, 0.9749279121818236193, 1.000000000000000000, 0.9749279121818236193, 1.000000000000000000, 0.9749279121818236193, 1.000000000000000000, 0.9749279121818236193, 1.000000000000000000, 0.9749279121818236193, 1.000000000000000000, 0.9749279121818236193, 1.000000000000000000, 0.9749279121818236193, 1.000000000000000000, 0.9749279121818236193, 1.000000000000000000, 0.9749279121818236193, 1.000000000000000000, 0.9749279121818236193, 1.000000000000000000, 0.9749279121818236193, 1.000000000000000000, 0.9749279121818236193, 1.000000000000000000, 0.9749279121818236193, 1.000000000000000000, 0.9749279121818236193, 1.000000000000000000, 0.9749279121818236193, 1.000000000000000000, 0.9749279121818236193, 1.000000000000000000, 0.9749279121818236193, 1.000000000000000000, 0.9749279121818236193, 1.000000000000000000, 0.9749279121818236193, 1.000000000000000000, 0.9749279121818236193, 1.000000000000000000, 0.9749279121818236193, 1.000000000000000000, 0.9749279121818236193, 1.000000000000000000, 0.9749279121818236193, 1.000000000000000000, 0.9749279121818236193, 1.000000000000000000, 0.9749279121818236193, 1.000000000000000000, 0.9749279121818236193, 1.000000000000000000, 0.9749279121818236193, 1.000000000000000000, 0.9749279121818236193, 1.000000000000000000, 0.9749279121818236193, 1.000000000000000000, 0.9749279121818236193, 1.000000000000000000 ) ) 
 REPRESENTATION_ITEM ( '' )  );
#2656 = CARTESIAN_POINT ( 'NONE',  ( 13.04560959886932103, 16.88337492925344918, -13.04651592615081412 ) ) ;
#2657 = CARTESIAN_POINT ( 'NONE',  ( -18.36815764293342212, 33.19371827468917502, -1.761776396859210170 ) ) ;
#2658 = CARTESIAN_POINT ( 'NONE',  ( -7.693160391943281162, 1.376603012389158165, 11.68542580722579594 ) ) ;
#2659 = CARTESIAN_POINT ( 'NONE',  ( 5.804904578083527333, 42.83657541754630671, -17.51559745220038522 ) ) ;
#2660 = CARTESIAN_POINT ( 'NONE',  ( 2.066372343659836464, 19.56194635782488334, 18.33383792212573837 ) ) ;
#2661 = CARTESIAN_POINT ( 'NONE',  ( -4.339426733693341198, 19.05517444096058810, -13.30049881527948585 ) ) ;
#2662 = CARTESIAN_POINT ( 'NONE',  ( -7.441184992820900845, 27.86551778639630683, 11.84375244410240846 ) ) ;
#2663 = CARTESIAN_POINT ( 'NONE',  ( -1.269747079907964649, 16.31871827468916436, 13.93278074187870885 ) ) ;
#2664 = DIRECTION ( 'NONE',  ( -0.7051471715689084929, -0.07439712935806902516, 0.7051471715689195952 ) ) ;
#2665 = CARTESIAN_POINT ( 'NONE',  ( -12.92983939180873953, 33.99728970326059851, -12.50810207068520441 ) ) ;
#2666 = CARTESIAN_POINT ( 'NONE',  ( -9.816491301159269156, 52.77623207211058798, -15.62165183812783198 ) ) ;
#2667 = CARTESIAN_POINT ( 'NONE',  ( 2.013322327617649510, 53.57980350068201858, -17.87431023900302307 ) ) ;
#2668 = CARTESIAN_POINT ( 'NONE',  ( -16.87987034191867508, 17.98374586953201515, -6.221141182516696233 ) ) ;
#2669 = CARTESIAN_POINT ( 'NONE',  ( 13.86600214567635447, 51.67586113183202912, -1.862423513677761822 ) ) ;
#2670 = CARTESIAN_POINT ( 'NONE',  ( -15.62233376509898974, 44.74051778639631749, -9.815406020601807668 ) ) ;
#2671 = CARTESIAN_POINT ( 'NONE',  ( -13.20262427707134734, 44.47266064353915738, -4.619136093800548792 ) ) ;
#2672 = CARTESIAN_POINT ( 'NONE',  ( 15.38831104825393048, -1.837682701896556248, -9.318395970067859579 ) ) ;
#2673 = CARTESIAN_POINT ( 'NONE',  ( -2.013322327617646401, 12.32980350068201858, 17.87431023900302307 ) ) ;
#2674 = CARTESIAN_POINT ( 'NONE',  ( -17.07644485469099394, 25.96157541754630671, -5.659363500725679508 ) ) ;
#2675 = CARTESIAN_POINT ( 'NONE',  ( 4.339426733693342975, 22.80517444096058810, 13.30049881527948408 ) ) ;
#2676 = CARTESIAN_POINT ( 'NONE',  ( -17.07644485469099394, 40.96157541754630671, -5.659363500725679508 ) ) ;
#2677 = CARTESIAN_POINT ( 'NONE',  ( -12.71941253312912501, 15.00837492925344741, -12.71852892936481894 ) ) ;
#2678 = CARTESIAN_POINT ( 'NONE',  ( 9.680558549703299320, 22.26946015524630340, 10.10052866329826493 ) ) ;
#2679 = CARTESIAN_POINT ( 'NONE',  ( -14.25691194780133308, 29.20480350068202213, -1.605723257734043008 ) ) ;
#2680 = CARTESIAN_POINT ( 'NONE',  ( -14.29108815922407594, 10.69371827468916614, -1.302400991952681997 ) ) ;
#2681 = CARTESIAN_POINT ( 'NONE',  ( -12.71941253312912501, 52.50837492925344918, -12.71852892936481894 ) ) ;
#2682 = CARTESIAN_POINT ( 'NONE',  ( 6.222320663305056065, 45.78300398897487611, 16.87945762374062042 ) ) ;
#2683 = CARTESIAN_POINT ( 'NONE',  ( 9.816491301159272709, 41.52623207211058798, 15.62165183812783198 ) ) ;
#2684 = CARTESIAN_POINT ( 'NONE',  ( 9.558035885149614330, 15.03731729810344397, 15.78405013947740443 ) ) ;
#2685 = CARTESIAN_POINT ( 'NONE',  ( -4.737925785162139469, 5.097660643539160930, 13.54215436044369092 ) ) ;
#2686 = CARTESIAN_POINT ( 'NONE',  ( 17.41435922388530244, 47.41908921496774099, -6.094226812229655899 ) ) ;
#2687 = CARTESIAN_POINT ( 'NONE',  ( -11.84308761446418679, 43.40123207211058798, 7.442243063128862524 ) ) ;
#2688 = CARTESIAN_POINT ( 'NONE',  ( -2.309039670914129427, 15.84088872667487280, 17.84099089655435932 ) ) ;
#2689 = CARTESIAN_POINT ( 'NONE',  ( 2.013322327617649510, 1.079803500682018358, -17.87431023900302307 ) ) ;
#2690 = CARTESIAN_POINT ( 'NONE',  ( -13.10433702068519146, 25.48374586953201870, -4.900024934696059375 ) ) ;
#2691 = CARTESIAN_POINT ( 'NONE',  ( 15.78473206644855686, 37.47943256040345261, 9.556950604592154619 ) ) ;
#2692 = CARTESIAN_POINT ( 'NONE',  ( -9.816491301159265603, 15.27623207211059331, -15.62165183812783020 ) ) ;
#2693 = CARTESIAN_POINT ( 'NONE',  ( -13.20262427707134734, 36.97266064353915738, -4.619136093800548792 ) ) ;
#2694 = CARTESIAN_POINT ( 'NONE',  ( 4.449813364350533540, 20.33657541754631026, -13.64296925676377015 ) ) ;
#2695 = CARTESIAN_POINT ( 'NONE',  ( 6.093016998895132375, 1.347660643539160930, -17.41478255588030777 ) ) ;
#2696 = CARTESIAN_POINT ( 'NONE',  ( 15.07165777450069477, 51.14014684611774442, -9.822346768312613108 ) ) ;
#2697 = CARTESIAN_POINT ( 'NONE',  ( -15.22998441137730907, 58.40123207211059508, 9.570371369190237232 ) ) ;
#2698 = CARTESIAN_POINT ( 'NONE',  ( -15.38831104825392870, 9.412317298103445751, 9.318395970067859579 ) ) ;
#2699 = CARTESIAN_POINT ( 'NONE',  ( -7.441184992820900845, 5.365517786396304167, 11.84375244410240846 ) ) ;
#2700 = CARTESIAN_POINT ( 'NONE',  ( -12.71941253312912501, 37.50837492925344208, -12.71852892936481894 ) ) ;
#2701 = CARTESIAN_POINT ( 'NONE',  ( -7.441184992820900845, 57.86551778639630328, 11.84375244410240846 ) ) ;
#2702 = CARTESIAN_POINT ( 'NONE',  ( -2.309039670914129427, 30.84088872667487280, 17.84099089655435932 ) ) ;
#2703 = CARTESIAN_POINT ( 'NONE',  ( 9.569313298882223151, 16.61551778639630683, -15.23064924101556095 ) ) ;
#2704 = CARTESIAN_POINT ( 'NONE',  ( 14.22273573637858668, 28.96588872667486925, 1.909045523515405351 ) ) ;
#2705 = CARTESIAN_POINT ( 'NONE',  ( -12.31073490769093581, 11.22943256040344906, -7.374093513857398641 ) ) ;
#2706 = CARTESIAN_POINT ( 'NONE',  ( -17.31354432756522499, 55.15800398897488321, 6.382339233041261828 ) ) ;
#2707 = CARTESIAN_POINT ( 'NONE',  ( -6.093016998895129710, 20.09766064353916448, 17.41478255588030777 ) ) ;
#2708 = CARTESIAN_POINT ( 'NONE',  ( 4.620315574588850005, 41.79408921496773388, 13.20221155889332287 ) ) ;
#2709 = CARTESIAN_POINT ( 'NONE',  ( 4.901204415484357924, 30.78300398897487966, 13.10392430250715812 ) ) ;
#2710 = CARTESIAN_POINT ( 'NONE',  ( 16.97815759830482918, 3.222660643539161374, 5.940252341621189203 ) ) ;
#2711 = CARTESIAN_POINT ( 'NONE',  ( -5.804904578083523781, 54.08657541754632092, 17.51559745220038522 ) ) ;
#2712 = CARTESIAN_POINT ( 'NONE',  ( -16.97815759830483273, 59.47266064353916448, -5.940252341621187426 ) ) ;
#2713 = CARTESIAN_POINT ( 'NONE',  ( 12.50898567444951581, 14.76946015524629985, 12.92895578804443524 ) ) ;
#2714 = CARTESIAN_POINT ( 'NONE',  ( -4.449813364350533540, 61.58657541754631382, 13.64296925676377015 ) ) ;
#2715 = CARTESIAN_POINT ( 'NONE',  ( -12.92983939180873953, 11.49728970326059319, -12.50810207068520441 ) ) ;
#2716 = CARTESIAN_POINT ( 'NONE',  ( -9.890985408382910293, 60.00837492925344918, -9.890101804618650405 ) ) ;
#2717 = CARTESIAN_POINT ( 'NONE',  ( -15.45993546374941552, 18.25160301238915750, -10.07386143661146427 ) ) ;
#2718 = CARTESIAN_POINT ( 'NONE',  ( 5.941431822409549035, 26.79408921496773388, 16.97774488012678518 ) ) ;
#2719 = CARTESIAN_POINT ( 'NONE',  ( 11.98593830499179269, 22.00160301238916105, 7.891004345876712733 ) ) ;
#2720 = CARTESIAN_POINT ( 'NONE',  ( -7.892089626434113825, 11.76514684611773731, -11.98525637802066512 ) ) ;
#2721 = CARTESIAN_POINT ( 'NONE',  ( -2.013322327617646401, 4.829803500682018580, 17.87431023900302307 ) ) ;
#2722 = CARTESIAN_POINT ( 'NONE',  ( 13.89932148812502177, 2.686946357824875786, -1.566706170381278795 ) ) ;
#2723 = CARTESIAN_POINT ( 'NONE',  ( 1.717604984321167372, 57.56871827468916081, -17.90762958145169037 ) ) ;
#2724 = CARTESIAN_POINT ( 'NONE',  ( -13.54173102844871401, 28.66908921496773388, 4.739135598496604374 ) ) ;
#2725 = CARTESIAN_POINT ( 'NONE',  ( -16.97815759830483273, 6.972660643539161818, -5.940252341621187426 ) ) ;
#2726 = CARTESIAN_POINT ( 'NONE',  ( -7.633634210424459887, 52.77623207211058798, -12.14765467937024646 ) ) ;
#2727 = EDGE_CURVE ( 'NONE', #3060, #2231, #2655, .T. ) ;
#2728 = CARTESIAN_POINT ( 'NONE',  ( 7.633634210424459887, 4.026232072110591531, 12.14765467937024113 ) ) ;
#2729 = CARTESIAN_POINT ( 'NONE',  ( 13.30091153345750676, 37.21157541754630671, 4.338247252905039986 ) ) ;
#2730 = CARTESIAN_POINT ( 'NONE',  ( -17.87417032769798908, 13.93694635782487623, 2.014564074794545689 ) ) ;
#2731 = CARTESIAN_POINT ( 'NONE',  ( 6.222320663305056065, 53.28300398897488321, 16.87945762374062042 ) ) ;
#2732 = DIRECTION ( 'NONE',  ( -0.7051471715689084929, -0.07439712935806902516, 0.7051471715689193731 ) ) ;
#2733 = CARTESIAN_POINT ( 'NONE',  ( 17.51517412020538700, 20.93017444096059521, -5.806114391418052634 ) ) ;
#2734 = CARTESIAN_POINT ( 'NONE',  ( -7.633634210424459887, 0.2762320721105898103, -12.14765467937024646 ) ) ;
#2735 = CARTESIAN_POINT ( 'NONE',  ( 13.04560959886931926, 31.88337492925345273, -13.04651592615081412 ) ) ;
#2736 = CARTESIAN_POINT ( 'NONE',  ( 18.36815764293342212, 6.943718274689165249, 1.761776396859212168 ) ) ;
#2737 = CARTESIAN_POINT ( 'NONE',  ( -1.606996938753239457, 53.31194635782487268, -14.25676843841640462 ) ) ;
#2738 = CARTESIAN_POINT ( 'NONE',  ( 13.26144797630247041, 27.89446015524630340, -12.83067754871767185 ) ) ;
#2739 = CARTESIAN_POINT ( 'NONE',  ( 2.013322327617649510, 23.57980350068201858, -17.87431023900302307 ) ) ;
#2740 = CARTESIAN_POINT ( 'NONE',  ( -17.41435922388530244, 6.169089214967734769, 6.094226812229657675 ) ) ;
#2741 = CARTESIAN_POINT ( 'NONE',  ( -9.680558549703295768, 26.01946015524630340, -10.10052866329826671 ) ) ;
#2742 = CARTESIAN_POINT ( 'NONE',  ( -7.375178794414805061, 26.28731729810344930, -12.31005298071982068 ) ) ;
#2743 = CARTESIAN_POINT ( 'NONE',  ( 4.901204415484357924, 8.283003988974879661, 13.10392430250715812 ) ) ;
#2744 = CARTESIAN_POINT ( 'NONE',  ( -15.22998441137730907, 5.901232072110590643, 9.570371369190237232 ) ) ;
#2745 = CARTESIAN_POINT ( 'NONE',  ( -1.606996938753239457, 0.8119463578248756752, -14.25676843841640462 ) ) ;
#2746 = CARTESIAN_POINT ( 'NONE',  ( 5.804904578083527333, 57.83657541754629960, -17.51559745220038522 ) ) ;
#2747 = CARTESIAN_POINT ( 'NONE',  ( 13.54173102844871224, 39.91908921496772678, -4.739135598496601709 ) ) ;
#2748 = CARTESIAN_POINT ( 'NONE',  ( -2.066372343659833355, 8.311946357824878007, -18.33383792212573837 ) ) ;
#2749 = CARTESIAN_POINT ( 'NONE',  ( 4.737925785162140357, 53.84766064353915738, -13.54215436044368737 ) ) ;
#2750 = CARTESIAN_POINT ( 'NONE',  ( -4.737925785162138581, 20.09766064353916448, 13.54215436044369447 ) ) ;
#2751 = CARTESIAN_POINT ( 'NONE',  ( 1.269747079907966647, 27.56871827468917147, -13.93278074187870885 ) ) ;
#2752 = CARTESIAN_POINT ( 'NONE',  ( 11.98593830499179269, 52.00160301238916105, 7.891004345876712733 ) ) ;
#2753 = CARTESIAN_POINT ( 'NONE',  ( -2.013322327617646401, 4.829803500682018580, 17.87431023900302307 ) ) ;
#2754 = CARTESIAN_POINT ( 'NONE',  ( 15.78473206644855686, 59.97943256040346682, 9.556950604592154619 ) ) ;
#2755 = CARTESIAN_POINT ( 'NONE',  ( -15.62233376509898974, 59.74051778639631749, -9.815406020601807668 ) ) ;
#2756 = CARTESIAN_POINT ( 'NONE',  ( -15.45993546374941552, 40.75160301238915395, -10.07386143661146427 ) ) ;
#2757 = CARTESIAN_POINT ( 'NONE',  ( 11.84308761446418856, 9.651232072110591531, -7.442243063128862524 ) ) ;
#2758 = CARTESIAN_POINT ( 'NONE',  ( 9.569313298882223151, 31.61551778639630328, -15.23064924101556095 ) ) ;
#2759 = CARTESIAN_POINT ( 'NONE',  ( -9.569313298882221375, 57.86551778639630328, 15.23064924101556450 ) ) ;
#2760 = CARTESIAN_POINT ( 'NONE',  ( -1.763050077878471233, 26.82303158381773045, -18.36801413354849544 ) ) ;
#2761 = CARTESIAN_POINT ( 'NONE',  ( -17.41435922388530244, 28.66908921496773388, 6.094226812229657675 ) ) ;
#2762 = CARTESIAN_POINT ( 'NONE',  ( -5.941431822409547259, 15.54408921496773388, -16.97774488012678518 ) ) ;
#2763 = CARTESIAN_POINT ( 'NONE',  ( 12.00141425134080642, 35.66231729810344575, -7.190267664006485759 ) ) ;
#2764 = CARTESIAN_POINT ( 'NONE',  ( -11.98593830499178914, 25.75160301238916105, -7.891004345876712733 ) ) ;
#2765 = CARTESIAN_POINT ( 'NONE',  ( -13.04560959886931926, 35.63337492925344918, 13.04651592615081768 ) ) ;
#2766 = CARTESIAN_POINT ( 'NONE',  ( -11.68476097758756893, 9.890146846117739088, 7.694218462251239288 ) ) ;
#2767 = CARTESIAN_POINT ( 'NONE',  ( 17.41435922388530244, 9.919089214967733881, -6.094226812229655899 ) ) ;
#2768 = CARTESIAN_POINT ( 'NONE',  ( 14.25691194780133131, 10.45480350068201858, 1.605723257734044784 ) ) ;
#2769 = CARTESIAN_POINT ( 'NONE',  ( -12.82977122143616278, 62.12228970326059141, 13.26235430358396883 ) ) ;
#2770 = CARTESIAN_POINT ( 'NONE',  ( -4.737925785162138581, 35.09766064353916448, 13.54215436044369447 ) ) ;
#2771 = CARTESIAN_POINT ( 'NONE',  ( -6.381129419706733863, 53.60874586953201515, 17.31396765956023387 ) ) ;
#2772 = CARTESIAN_POINT ( 'NONE',  ( -1.565464423204447009, 49.82980350068201858, 13.89946139943004866 ) ) ;
#2773 = CARTESIAN_POINT ( 'NONE',  ( 13.89932148812502177, 17.68694635782487623, -1.566706170381278795 ) ) ;
#2774 = CARTESIAN_POINT ( 'NONE',  ( 4.449813364350533540, 27.83657541754630671, -13.64296925676377015 ) ) ;
#2775 = CARTESIAN_POINT ( 'NONE',  ( 13.93264083057369085, 51.19803158381773756, -1.270988827084796213 ) ) ;
#2776 = CARTESIAN_POINT ( 'NONE',  ( -6.093016998895131486, 5.097660643539160930, 17.41478255588030777 ) ) ;
#2777 = CARTESIAN_POINT ( 'NONE',  ( 18.36815764293342212, 51.94371827468916081, 1.761776396859212168 ) ) ;
#2778 = APPLICATION_PROTOCOL_DEFINITION ( 'international standard', 'config_control_design', 1994, #1766 ) ;
#2779 = CARTESIAN_POINT ( 'NONE',  ( -16.87987034191867508, 32.98374586953200804, -6.221141182516696233 ) ) ;
#2780 = CARTESIAN_POINT ( 'NONE',  ( 9.890985408382912070, 11.25837492925344918, 9.890101804618648629 ) ) ;
#2781 = CARTESIAN_POINT ( 'NONE',  ( -13.04560959886931748, 28.13337492925345273, 13.04651592615081768 ) ) ;
#2782 = CARTESIAN_POINT ( 'NONE',  ( 18.33398143151067217, 55.45480350068201147, 2.065098662640570737 ) ) ;
#2783 = CARTESIAN_POINT ( 'NONE',  ( -13.26144797630246863, 46.64446015524629985, 12.83067754871767185 ) ) ;
#2784 = EDGE_LOOP ( 'NONE', ( #503, #2493, #175, #738 ) ) ;
#2785 = CARTESIAN_POINT ( 'NONE',  ( -12.71941253312912501, 30.00837492925344918, -12.71852892936481894 ) ) ;
#2786 = CARTESIAN_POINT ( 'NONE',  ( 13.04560959886932103, 16.88337492925344918, -13.04651592615081412 ) ) ;
#2787 = CARTESIAN_POINT ( 'NONE',  ( 13.10433702068518791, 36.73374586953200804, 4.900024934696060264 ) ) ;
#2788 = CARTESIAN_POINT ( 'NONE',  ( 13.10433702068518791, 14.23374586953201693, 4.900024934696060264 ) ) ;
#2789 = CARTESIAN_POINT ( 'NONE',  ( 9.816491301159272709, 34.02623207211058087, 15.62165183812783198 ) ) ;
#2790 = CARTESIAN_POINT ( 'NONE',  ( 4.901204415484357924, 15.78300398897487788, 13.10392430250715812 ) ) ;
#2791 = CARTESIAN_POINT ( 'NONE',  ( 12.71941253312912679, 3.758374929253446961, 12.71852892936481716 ) ) ;
#2792 = CARTESIAN_POINT ( 'NONE',  ( -7.633634210424459887, 0.2762320721105898103, -12.14765467937024646 ) ) ;
#2793 = CARTESIAN_POINT ( 'NONE',  ( 17.87417032769799263, 47.68694635782487268, -2.014564074794543913 ) ) ;
#2794 = CARTESIAN_POINT ( 'NONE',  ( 13.20262427707134556, 33.22266064353915738, 4.619136093800549681 ) ) ;
#2795 = CARTESIAN_POINT ( 'NONE',  ( 5.660542981514042893, 45.30517444096059165, 17.07603213651294638 ) ) ;
#2796 = CARTESIAN_POINT ( 'NONE',  ( -14.25691194780133308, 51.70480350068201858, -1.605723257734043008 ) ) ;
#2797 = CARTESIAN_POINT ( 'NONE',  ( -1.606996938753239457, 15.81194635782488156, -14.25676843841640284 ) ) ;
#2798 = CARTESIAN_POINT ( 'NONE',  ( 7.189209593698524081, 35.60443256040345261, -12.00207908097901921 ) ) ;
#2799 = CARTESIAN_POINT ( 'NONE',  ( 5.026038205973743622, 49.85874586953201515, -13.44133946412361524 ) ) ;
#2800 = CARTESIAN_POINT ( 'NONE',  ( 18.29980522008792931, 28.96588872667486925, 2.368420928421932636 ) ) ;
#2801 = CARTESIAN_POINT ( 'NONE',  ( 9.890985408382912070, 18.75837492925344563, 9.890101804618648629 ) ) ;
#2802 = CARTESIAN_POINT ( 'NONE',  ( 15.22998441137731085, 32.15123207211058798, -9.570371369190235455 ) ) ;
#2803 = CARTESIAN_POINT ( 'NONE',  ( -2.369694609441194366, 19.80086113183202912, -18.29966171070299197 ) ) ;
#2804 = CARTESIAN_POINT ( 'NONE',  ( -18.29980522008792931, 47.71588872667486925, -2.368420928421930860 ) ) ;
#2805 = CARTESIAN_POINT ( 'NONE',  ( 17.41435922388530244, 2.419089214967732993, -6.094226812229655899 ) ) ;
#2806 = CARTESIAN_POINT ( 'NONE',  ( 15.62233376509898974, 18.49051778639631038, 9.815406020601812997 ) ) ;
#2807 = CARTESIAN_POINT ( 'NONE',  ( 5.941431822409549035, 26.79408921496773388, 16.97774488012678518 ) ) ;
#2808 = CARTESIAN_POINT ( 'NONE',  ( -11.98593830499178914, 40.75160301238915395, -7.891004345876712733 ) ) ;
#2809 = CARTESIAN_POINT ( 'NONE',  ( -14.22273573637858668, 32.71588872667487635, -1.909045523515404463 ) ) ;
#2810 = CARTESIAN_POINT ( 'NONE',  ( 16.97815759830482918, 33.22266064353915738, 5.940252341621189203 ) ) ;
#2811 = CARTESIAN_POINT ( 'NONE',  ( 12.31073490769093581, 29.97943256040345261, 7.374093513857401305 ) ) ;
#2812 = CARTESIAN_POINT ( 'NONE',  ( 9.569313298882223151, 16.61551778639630683, -15.23064924101556095 ) ) ;
#2813 = CARTESIAN_POINT ( 'NONE',  ( 14.25691194780133131, 2.954803500682018580, 1.605723257734044784 ) ) ;
#2814 = CARTESIAN_POINT ( 'NONE',  ( 9.816491301159269156, 41.52623207211058798, 15.62165183812783020 ) ) ;
#2815 = CARTESIAN_POINT ( 'NONE',  ( -11.84308761446418679, 43.40123207211058798, 7.442243063128862524 ) ) ;
#2816 = CARTESIAN_POINT ( 'NONE',  ( -15.38831104825392870, 46.91231729810344575, 9.318395970067859579 ) ) ;
#2817 = CARTESIAN_POINT ( 'NONE',  ( -14.25691194780133308, 59.20480350068203279, -1.605723257734043008 ) ) ;
#2818 = CARTESIAN_POINT ( 'NONE',  ( -7.633634210424458999, 15.27623207211059331, -12.14765467937024290 ) ) ;
#2819 = CARTESIAN_POINT ( 'NONE',  ( 12.71941253312912679, 18.75837492925344563, 12.71852892936481716 ) ) ;
#2820 = CARTESIAN_POINT ( 'NONE',  ( 13.44091613212862768, 51.40800398897486900, -5.027248019308205862 ) ) ;
#2821 = CARTESIAN_POINT ( 'NONE',  ( -13.64254592476879147, 47.18017444096059876, 4.451023177685001997 ) ) ;
#2822 = CARTESIAN_POINT ( 'NONE',  ( 1.763050077878475008, 38.07303158381773756, 18.36801413354849544 ) ) ;
#2823 = CARTESIAN_POINT ( 'NONE',  ( 13.20262427707134556, 18.22266064353916093, 4.619136093800549681 ) ) ;
#2824 = CARTESIAN_POINT ( 'NONE',  ( -6.093016998895129710, 35.09766064353916448, 17.41478255588030777 ) ) ;
#2825 = CARTESIAN_POINT ( 'NONE',  ( 15.07165777450069477, 13.64014684611773909, -9.822346768312613108 ) ) ;
#2826 = CARTESIAN_POINT ( 'NONE',  ( 1.763050077878475008, 45.57303158381773045, 18.36801413354849544 ) ) ;
#2827 = ORIENTED_EDGE ( 'NONE', *, *, #973, .F. ) ;
#2828 = CARTESIAN_POINT ( 'NONE',  ( -18.33398143151067217, 51.70480350068201858, -2.065098662640568961 ) ) ;
#2829 = CARTESIAN_POINT ( 'NONE',  ( 18.33398143151067217, 25.45480350068202569, 2.065098662640570737 ) ) ;
#2830 = CARTESIAN_POINT ( 'NONE',  ( 1.861181766500932033, 34.59088872667487635, -13.86614205698138669 ) ) ;
#2831 = CARTESIAN_POINT ( 'NONE',  ( -13.10433702068519146, 32.98374586953200804, -4.900024934696059375 ) ) ;
#2832 = CARTESIAN_POINT ( 'NONE',  ( 6.093016998895132375, 38.84766064353915738, -17.41478255588030777 ) ) ;
#2833 = CARTESIAN_POINT ( 'NONE',  ( 13.44091613212862768, 36.40800398897488321, -5.027248019308205862 ) ) ;
#2834 = CARTESIAN_POINT ( 'NONE',  ( 5.941431822409549035, 26.79408921496773388, 16.97774488012678518 ) ) ;
#2835 = CARTESIAN_POINT ( 'NONE',  ( -13.20262427707134734, 21.97266064353916093, -4.619136093800548792 ) ) ;
#2836 = CARTESIAN_POINT ( 'NONE',  ( 17.87417032769799263, 40.18694635782487268, -2.014564074794543913 ) ) ;
#2837 = CARTESIAN_POINT ( 'NONE',  ( -10.14444420047966489, 50.63337492925344918, 10.14535052776112423 ) ) ;
#2838 = CARTESIAN_POINT ( 'NONE',  ( -17.84085098524932178, 17.92586113183202201, 2.310281418091025163 ) ) ;
#2839 = CARTESIAN_POINT ( 'NONE',  ( 16.97815759830482918, 3.222660643539161374, 5.940252341621189203 ) ) ;
#2840 = CARTESIAN_POINT ( 'NONE',  ( -13.89932148812502000, 21.43694635782487623, 1.566706170381279684 ) ) ;
#2841 = CARTESIAN_POINT ( 'NONE',  ( 9.569313298882223151, 16.61551778639630683, -15.23064924101556095 ) ) ;
#2842 = CARTESIAN_POINT ( 'NONE',  ( -7.189209593698521417, 54.35443256040345261, 12.00207908097901921 ) ) ;
#2843 = CARTESIAN_POINT ( 'NONE',  ( 7.375178794414805949, 52.53731729810344575, 12.31005298071981713 ) ) ;
#2844 = CARTESIAN_POINT ( 'NONE',  ( 2.309039670914132092, 42.09088872667488346, -17.84099089655435932 ) ) ;
#2845 = APPROVAL_PERSON_ORGANIZATION ( #1230, #725, #3315 ) ;
#2846 = CARTESIAN_POINT ( 'NONE',  ( -13.89932148812502000, 13.93694635782487623, 1.566706170381279684 ) ) ;
#2847 = CARTESIAN_POINT ( 'NONE',  ( -10.07494671716892043, 26.76514684611773731, -15.45925353677825420 ) ) ;
#2848 = CARTESIAN_POINT ( 'NONE',  ( -12.50898567444951226, 41.01946015524631406, -12.92895578804443524 ) ) ;
#2849 = CARTESIAN_POINT ( 'NONE',  ( -12.71941253312912501, 37.50837492925344208, -12.71852892936481894 ) ) ;
#2850 = CARTESIAN_POINT ( 'NONE',  ( 6.093016998895132375, 31.34766064353916448, -17.41478255588030777 ) ) ;
#2851 = CARTESIAN_POINT ( 'NONE',  ( -13.10433702068519146, 47.98374586953202936, -4.900024934696059375 ) ) ;
#2852 = CARTESIAN_POINT ( 'NONE',  ( 7.693160391943282050, 35.12660301238916816, -11.68542580722579238 ) ) ;
#2853 = CARTESIAN_POINT ( 'NONE',  ( -16.97815759830483273, 44.47266064353915738, -5.940252341621187426 ) ) ;
#2854 = CARTESIAN_POINT ( 'NONE',  ( 9.928605823046513734, 35.87228970326059141, -10.36118890519427360 ) ) ;
#2855 = CARTESIAN_POINT ( 'NONE',  ( -6.093016998895131486, 27.59766064353917159, 17.41478255588030777 ) ) ;
#2856 = CARTESIAN_POINT ( 'NONE',  ( 13.54173102844871401, 17.41908921496774099, -4.739135598496600821 ) ) ;
#2857 = CARTESIAN_POINT ( 'NONE',  ( 2.013322327617649510, 38.57980350068201858, -17.87431023900302307 ) ) ;
#2858 = CARTESIAN_POINT ( 'NONE',  ( 4.737925785162139469, 53.84766064353915738, -13.54215436044368914 ) ) ;
#2859 = CARTESIAN_POINT ( 'NONE',  ( 5.804904578083527333, 20.33657541754631026, -17.51559745220038522 ) ) ;
#2860 = CARTESIAN_POINT ( 'NONE',  ( -17.90748967014665993, 47.44803158381773756, 1.718846731498061331 ) ) ;
#2861 = CARTESIAN_POINT ( 'NONE',  ( 1.606996938753243231, 27.06194635782487978, 14.25676843841640462 ) ) ;
#2862 = CARTESIAN_POINT ( 'NONE',  ( 15.22998441137731085, 17.15123207211059153, -9.570371369190235455 ) ) ;
#2863 = CARTESIAN_POINT ( 'NONE',  ( -4.901204415484357035, 42.03300398897489032, -13.10392430250715812 ) ) ;
#2864 = CARTESIAN_POINT ( 'NONE',  ( 14.22273573637858668, -1.034111273325127422, 1.909045523515405351 ) ) ;
#2865 = CARTESIAN_POINT ( 'NONE',  ( -4.737925785162139469, 12.59766064353916626, 13.54215436044369092 ) ) ;
#2866 = CARTESIAN_POINT ( 'NONE',  ( 2.369694609441195698, 16.05086113183202556, 18.29966171070299197 ) ) ;
#2867 = CARTESIAN_POINT ( 'NONE',  ( 13.26144797630247041, 35.39446015524630695, -12.83067754871767185 ) ) ;
#2868 = CARTESIAN_POINT ( 'NONE',  ( -15.62233376509898974, 44.74051778639631749, -9.815406020601807668 ) ) ;
#2869 = CARTESIAN_POINT ( 'NONE',  ( -5.941431822409547259, 38.04408921496773388, -16.97774488012678518 ) ) ;
#2870 = CARTESIAN_POINT ( 'NONE',  ( 6.381129419706736527, 4.858745869532015149, -17.31396765956023387 ) ) ;
#2871 = CARTESIAN_POINT ( 'NONE',  ( 2.013322327617649510, 53.57980350068201858, -17.87431023900302307 ) ) ;
#2872 = CARTESIAN_POINT ( 'NONE',  ( 14.29108815922407594, 36.94371827468916081, 1.302400991952682663 ) ) ;
#2873 = CARTESIAN_POINT ( 'NONE',  ( 13.04560959886932103, 31.88337492925345629, -13.04651592615081412 ) ) ;
#2874 = CARTESIAN_POINT ( 'NONE',  ( 10.14444420047966666, 31.88337492925345629, -10.14535052776112423 ) ) ;
#2875 = CARTESIAN_POINT ( 'NONE',  ( -11.84308761446418679, 50.90123207211058798, 7.442243063128862524 ) ) ;
#2876 = CARTESIAN_POINT ( 'NONE',  ( 1.717604984321167372, 12.56871827468916436, -17.90762958145169037 ) ) ;
#2877 = CARTESIAN_POINT ( 'NONE',  ( -13.64254592476879147, 9.680174440960588100, 4.451023177685001997 ) ) ;
#2878 = CARTESIAN_POINT ( 'NONE',  ( -15.22998441137730907, 20.90123207211059153, 9.570371369190237232 ) ) ;
#2879 = CARTESIAN_POINT ( 'NONE',  ( -7.892089626434113825, 49.26514684611775152, -11.98525637802066512 ) ) ;
#2880 = CARTESIAN_POINT ( 'NONE',  ( 7.375178794414805949, 7.537317298103444863, 12.31005298071981713 ) ) ;
#2881 = CARTESIAN_POINT ( 'NONE',  ( -12.14833660634136869, 44.74051778639631749, -7.632548929867056131 ) ) ;
#2882 = CARTESIAN_POINT ( 'NONE',  ( 9.317337899759843722, 28.10443256040345261, -15.38897587789217347 ) ) ;
#2883 = CARTESIAN_POINT ( 'NONE',  ( -17.90748967014665993, 54.94803158381773756, 1.718846731498061331 ) ) ;
#2884 = CARTESIAN_POINT ( 'NONE',  ( 5.941431822409549035, 49.29408921496773388, 16.97774488012678518 ) ) ;
#2885 = CARTESIAN_POINT ( 'NONE',  ( 2.066372343659836464, 34.56194635782487978, 18.33383792212573837 ) ) ;
#2886 = CARTESIAN_POINT ( 'NONE',  ( -12.00141425134080286, 54.41231729810344575, 7.190267664006487536 ) ) ;
#2887 = CARTESIAN_POINT ( 'NONE',  ( -15.62233376509898974, 59.74051778639631749, -9.815406020601807668 ) ) ;
#2888 = CARTESIAN_POINT ( 'NONE',  ( -13.44091613212862946, 40.15800398897488321, 5.027248019308207638 ) ) ;
#2889 = CARTESIAN_POINT ( 'NONE',  ( -6.093016998895131486, 35.09766064353916448, 17.41478255588030777 ) ) ;
#2890 = CARTESIAN_POINT ( 'NONE',  ( 13.20262427707134556, 33.22266064353915738, 4.619136093800549681 ) ) ;
#2891 = CARTESIAN_POINT ( 'NONE',  ( 1.606996938753243231, 49.56194635782487978, 14.25676843841640462 ) ) ;
#2892 = CARTESIAN_POINT ( 'NONE',  ( 5.804904578083527333, 12.83657541754630849, -17.51559745220038522 ) ) ;
#2893 = CARTESIAN_POINT ( 'NONE',  ( 5.026038205973743622, 4.858745869532015149, -13.44133946412361524 ) ) ;
#2894 = CARTESIAN_POINT ( 'NONE',  ( -12.31073490769093581, 41.22943256040345972, -7.374093513857398641 ) ) ;
#2895 = CARTESIAN_POINT ( 'NONE',  ( -1.861181766500929369, 0.8408887266748727995, 13.86614205698138669 ) ) ;
#2896 = CARTESIAN_POINT ( 'NONE',  ( 4.620315574588850005, 34.29408921496773388, 13.20221155889332287 ) ) ;
#2897 = CARTESIAN_POINT ( 'NONE',  ( -2.369694609441194366, 34.80086113183202912, -18.29966171070299197 ) ) ;
#2898 = CARTESIAN_POINT ( 'NONE',  ( -2.066372343659833799, 0.8119463578248754532, -18.33383792212573837 ) ) ;
#2899 = CARTESIAN_POINT ( 'NONE',  ( -17.87417032769798908, 43.93694635782487268, 2.014564074794545689 ) ) ;
#2900 = CARTESIAN_POINT ( 'NONE',  ( -18.33398143151067217, 44.20480350068203279, -2.065098662640568961 ) ) ;
#2901 = CARTESIAN_POINT ( 'NONE',  ( 16.87987034191867508, -0.7662541304679846288, 6.221141182516698009 ) ) ;
#2902 = CARTESIAN_POINT ( 'NONE',  ( 9.816491301159272709, 49.02623207211060929, 15.62165183812783198 ) ) ;
#2903 = CARTESIAN_POINT ( 'NONE',  ( -13.86600214567635270, 55.42586113183202912, 1.862423513677762710 ) ) ;
#2904 = CARTESIAN_POINT ( 'NONE',  ( -15.22998441137730907, 28.40123207211059153, 9.570371369190237232 ) ) ;
#2905 = CARTESIAN_POINT ( 'NONE',  ( -14.25691194780133308, 21.70480350068201858, -1.605723257734043008 ) ) ;
#2906 = CARTESIAN_POINT ( 'NONE',  ( 5.660542981514042893, 7.805174440960587212, 17.07603213651294638 ) ) ;
#2907 = CARTESIAN_POINT ( 'NONE',  ( -7.633634210424458999, 45.27623207211059508, -12.14765467937024290 ) ) ;
#2908 = CARTESIAN_POINT ( 'NONE',  ( 15.78473206644855686, 7.479432560403450836, 9.556950604592154619 ) ) ;
#2909 = CARTESIAN_POINT ( 'NONE',  ( 1.861181766500932033, 4.590888726674872800, -13.86614205698138669 ) ) ;
#2910 = CARTESIAN_POINT ( 'NONE',  ( 11.68476097758757071, 58.64014684611773731, -7.694218462251239288 ) ) ;
#2911 = CARTESIAN_POINT ( 'NONE',  ( 1.303674672971881554, 0.5730315838177293397, 14.29094464983915458 ) ) ;
#2912 = CARTESIAN_POINT ( 'NONE',  ( -18.36815764293342212, 40.69371827468917502, -1.761776396859210170 ) ) ;
#2913 = CARTESIAN_POINT ( 'NONE',  ( -15.45993546374941552, 48.25160301238916105, -10.07386143661146427 ) ) ;
#2914 = CARTESIAN_POINT ( 'NONE',  ( 1.565464423204449673, 1.079803500682018580, -13.89946139943004688 ) ) ;
#2915 = CARTESIAN_POINT ( 'NONE',  ( -17.87417032769798908, 43.93694635782487268, 2.014564074794545689 ) ) ;
#2916 = CARTESIAN_POINT ( 'NONE',  ( 13.26144797630247041, 5.394460155246299848, -12.83067754871767185 ) ) ;
#2917 = CARTESIAN_POINT ( 'NONE',  ( -5.941431822409547259, 53.04408921496773388, -16.97774488012678518 ) ) ;
#2918 = CARTESIAN_POINT ( 'NONE',  ( -14.29108815922407594, 40.69371827468917502, -1.302400991952681997 ) ) ;
#2919 = CARTESIAN_POINT ( 'NONE',  ( 16.97815759830482918, 40.72266064353915738, 5.940252341621189203 ) ) ;
#2920 = CARTESIAN_POINT ( 'NONE',  ( 13.20262427707134556, 48.22266064353915738, 4.619136093800549681 ) ) ;
#2921 = CARTESIAN_POINT ( 'NONE',  ( 12.50898567444951581, -0.2305398447536989304, 12.92895578804443524 ) ) ;
#2922 = CARTESIAN_POINT ( 'NONE',  ( 6.093016998895132375, 8.847660643539164482, -17.41478255588030777 ) ) ;
#2923 = CARTESIAN_POINT ( 'NONE',  ( 9.317337899759843722, 28.10443256040345261, -15.38897587789217347 ) ) ;
#2924 = CARTESIAN_POINT ( 'NONE',  ( 11.98593830499179269, 7.001603012389157499, 7.891004345876712733 ) ) ;
#2925 = CARTESIAN_POINT ( 'NONE',  ( 10.07494671716892043, 45.51514684611774442, 15.45925353677825420 ) ) ;
#2926 = CARTESIAN_POINT ( 'NONE',  ( 1.269747079907966647, 57.56871827468916081, -13.93278074187870885 ) ) ;
#2927 = CARTESIAN_POINT ( 'NONE',  ( 5.026038205973743622, -2.641254130467984851, -13.44133946412361524 ) ) ;
#2928 = CARTESIAN_POINT ( 'NONE',  ( 4.901204415484357924, 15.78300398897487788, 13.10392430250715812 ) ) ;
#2929 = CARTESIAN_POINT ( 'NONE',  ( -2.013322327617646401, 57.32980350068201858, 17.87431023900302307 ) ) ;
#2930 = CARTESIAN_POINT ( 'NONE',  ( 15.07165777450069477, 36.14014684611774442, -9.822346768312613108 ) ) ;
#2931 = CARTESIAN_POINT ( 'NONE',  ( -4.620315574588849117, 0.5440892149677327705, -13.20221155889332287 ) ) ;
#2932 = CARTESIAN_POINT ( 'NONE',  ( 13.04560959886932103, 46.88337492925346339, -13.04651592615081412 ) ) ;
#2933 = CARTESIAN_POINT ( 'NONE',  ( 2.309039670914132092, -2.909111273325127645, -17.84099089655435932 ) ) ;
#2934 = CARTESIAN_POINT ( 'NONE',  ( -4.449813364350533540, 46.58657541754631382, 13.64296925676377015 ) ) ;
#2935 = CARTESIAN_POINT ( 'NONE',  ( -17.87417032769798908, 51.43694635782487978, 2.014564074794545689 ) ) ;
#2936 = CARTESIAN_POINT ( 'NONE',  ( 13.89932148812502177, 47.68694635782487268, -1.566706170381278795 ) ) ;
#2937 = CARTESIAN_POINT ( 'NONE',  ( -15.45993546374941552, 10.75160301238915928, -10.07386143661146427 ) ) ;
#2938 = PERSON ( 'UNSPECIFIED', 'UNSPECIFIED', 'UNSPECIFIED', ('UNSPECIFIED'), ('UNSPECIFIED'), ('UNSPECIFIED') ) ;
#2939 = CARTESIAN_POINT ( 'NONE',  ( -15.22998441137730907, 13.40123207211059153, 9.570371369190237232 ) ) ;
#2940 = CARTESIAN_POINT ( 'NONE',  ( 12.82977122143616633, 28.37228970326059141, -13.26235430358396883 ) ) ;
#2941 = CARTESIAN_POINT ( 'NONE',  ( -1.861181766500929369, 15.84088872667487280, 13.86614205698138669 ) ) ;
#2942 = CARTESIAN_POINT ( 'NONE',  ( -12.82977122143616278, 39.62228970326060562, 13.26235430358396883 ) ) ;
#2943 = CARTESIAN_POINT ( 'NONE',  ( 15.22998441137731085, 9.651232072110591531, -9.570371369190235455 ) ) ;
#2944 = CARTESIAN_POINT ( 'NONE',  ( 12.31073490769093581, 59.97943256040346682, 7.374093513857401305 ) ) ;
#2945 = CARTESIAN_POINT ( 'NONE',  ( 1.303674672971881554, 15.57303158381773400, 14.29094464983915458 ) ) ;
#2946 = CARTESIAN_POINT ( 'NONE',  ( 13.86600214567635447, 6.675861131832021123, -1.862423513677761822 ) ) ;
#2947 = CARTESIAN_POINT ( 'NONE',  ( -11.30519897075601854, 0.008374929253446839611, -11.30431536699173378 ) ) ;
#2948 = CARTESIAN_POINT ( 'NONE',  ( -12.82977122143616278, 47.12228970326060562, 13.26235430358396883 ) ) ;
#2949 = CARTESIAN_POINT ( 'NONE',  ( -7.633634210424458999, 7.776232072110590643, -12.14765467937024290 ) ) ;
#2950 = CARTESIAN_POINT ( 'NONE',  ( 15.22998441137731085, 39.65123207211058798, -9.570371369190235455 ) ) ;
#2951 = CARTESIAN_POINT ( 'NONE',  ( 17.51517412020538700, 13.43017444096058632, -5.806114391418052634 ) ) ;
#2952 = CARTESIAN_POINT ( 'NONE',  ( 12.31073490769093581, 44.97943256040344551, 7.374093513857401305 ) ) ;
#2953 = CARTESIAN_POINT ( 'NONE',  ( -13.04560959886931926, 35.63337492925344918, 13.04651592615081768 ) ) ;
#2954 = CARTESIAN_POINT ( 'NONE',  ( -10.14444420047966489, 43.13337492925346339, 10.14535052776112423 ) ) ;
#2955 = CARTESIAN_POINT ( 'NONE',  ( 15.45993546374941552, -0.4983969876108419461, 10.07386143661146605 ) ) ;
#2956 = CARTESIAN_POINT ( 'NONE',  ( 13.04560959886932103, 9.383374929253447405, -13.04651592615081412 ) ) ;
#2957 = CARTESIAN_POINT ( 'NONE',  ( 17.31354432756522499, 21.40800398897487966, -6.382339233041259163 ) ) ;
#2958 = CARTESIAN_POINT ( 'NONE',  ( 13.93264083057369085, 28.69803158381773756, -1.270988827084796213 ) ) ;
#2959 = CARTESIAN_POINT ( 'NONE',  ( 17.84085098524932178, 36.67586113183201491, -2.310281418091023387 ) ) ;
#2960 = CARTESIAN_POINT ( 'NONE',  ( 16.97815759830482918, 10.72266064353916093, 5.940252341621189203 ) ) ;
#2961 = CARTESIAN_POINT ( 'NONE',  ( -1.303674672971879112, 19.32303158381773045, -14.29094464983915458 ) ) ;
#2962 = CARTESIAN_POINT ( 'NONE',  ( 12.14833660634136869, 33.49051778639630328, 7.632548929867059684 ) ) ;
#2963 = CARTESIAN_POINT ( 'NONE',  ( -12.31073490769093581, 11.22943256040344906, -7.374093513857398641 ) ) ;
#2964 = CARTESIAN_POINT ( 'NONE',  ( -5.941431822409547259, 53.04408921496773388, -16.97774488012678518 ) ) ;
#2965 = CARTESIAN_POINT ( 'NONE',  ( 17.31354432756522499, 43.90800398897487611, -6.382339233041259163 ) ) ;
#2966 = CARTESIAN_POINT ( 'NONE',  ( 18.33398143151067217, 55.45480350068201147, 2.065098662640570737 ) ) ;
#2967 = CARTESIAN_POINT ( 'NONE',  ( 1.763050077878475008, 23.07303158381773045, 18.36801413354849544 ) ) ;
#2968 = CARTESIAN_POINT ( 'NONE',  ( -9.928605823046511958, 54.62228970326059141, 10.36118890519427360 ) ) ;
#2969 = CARTESIAN_POINT ( 'NONE',  ( 6.093016998895132375, 38.84766064353915738, -17.41478255588030777 ) ) ;
#2970 = CARTESIAN_POINT ( 'NONE',  ( 9.890985408382912070, 41.25837492925344208, 9.890101804618648629 ) ) ;
#2971 = CARTESIAN_POINT ( 'NONE',  ( 15.38831104825393048, 5.662317298103443974, -9.318395970067859579 ) ) ;
#2972 = CARTESIAN_POINT ( 'NONE',  ( -18.33398143151067217, 6.704803500682018580, -2.065098662640568961 ) ) ;
#2973 = CARTESIAN_POINT ( 'NONE',  ( 13.10433702068518791, 29.23374586953201870, 4.900024934696060264 ) ) ;
#2974 = CARTESIAN_POINT ( 'NONE',  ( -15.07165777450069477, 47.39014684611774442, 9.822346768312614884 ) ) ;
#2975 = CARTESIAN_POINT ( 'NONE',  ( -12.71941253312912501, 15.00837492925344741, -12.71852892936481894 ) ) ;
#2976 = CARTESIAN_POINT ( 'NONE',  ( -13.10433702068519146, 17.98374586953201515, -4.900024934696059375 ) ) ;
#2977 = CARTESIAN_POINT ( 'NONE',  ( 12.14833660634136869, 40.99051778639629617, 7.632548929867059684 ) ) ;
#2978 = CARTESIAN_POINT ( 'NONE',  ( -1.269747079907964649, 8.818718274689166137, 13.93278074187870885 ) ) ;
#2979 = CARTESIAN_POINT ( 'NONE',  ( -2.066372343659833799, 0.8119463578248754532, -18.33383792212573837 ) ) ;
#2980 = CARTESIAN_POINT ( 'NONE',  ( -17.07644485469099394, 63.46157541754630671, -5.659363500725679508 ) ) ;
#2981 = CARTESIAN_POINT ( 'NONE',  ( -18.29980522008792931, 10.21588872667487280, -2.368420928421930860 ) ) ;
#2982 = CARTESIAN_POINT ( 'NONE',  ( 11.84308761446418856, 2.151232072110589755, -7.442243063128862524 ) ) ;
#2983 = CARTESIAN_POINT ( 'NONE',  ( 9.816491301159272709, 41.52623207211058798, 15.62165183812783198 ) ) ;
#2984 = CARTESIAN_POINT ( 'NONE',  ( -4.737925785162139469, 50.09766064353916448, 13.54215436044369092 ) ) ;
#2985 = CARTESIAN_POINT ( 'NONE',  ( -1.763050077878471233, 19.32303158381773045, -18.36801413354849544 ) ) ;
#2986 = CARTESIAN_POINT ( 'NONE',  ( 9.816491301159272709, 4.026232072110592419, 15.62165183812783198 ) ) ;
#2987 = CARTESIAN_POINT ( 'NONE',  ( 13.10433702068518791, 21.73374586953201870, 4.900024934696060264 ) ) ;
#2988 = CARTESIAN_POINT ( 'NONE',  ( 1.910319204534604243, 8.550861131832022011, 14.22259222699365289 ) ) ;
#2989 = CARTESIAN_POINT ( 'NONE',  ( 2.369694609441195698, 46.05086113183203622, 18.29966171070299197 ) ) ;
#2990 = CARTESIAN_POINT ( 'NONE',  ( 2.066372343659835575, 19.56194635782487978, 18.33383792212573837 ) ) ;
#2991 = CARTESIAN_POINT ( 'NONE',  ( -13.54173102844871579, 28.66908921496773388, 4.739135598496603485 ) ) ;
#2992 = CARTESIAN_POINT ( 'NONE',  ( 13.30091153345750676, 29.71157541754631026, 4.338247252905039986 ) ) ;
#2993 = CARTESIAN_POINT ( 'NONE',  ( 15.22998441137731085, 2.151232072110589311, -9.570371369190235455 ) ) ;
#2994 = CARTESIAN_POINT ( 'NONE',  ( -12.82977122143616278, 62.12228970326059141, 13.26235430358396883 ) ) ;
#2995 = CARTESIAN_POINT ( 'NONE',  ( -9.821288698004600803, 23.87660301238915750, 15.07232260413895020 ) ) ;
#2996 = CARTESIAN_POINT ( 'NONE',  ( 12.31073490769093581, 59.97943256040346682, 7.374093513857401305 ) ) ;
#2997 = CARTESIAN_POINT ( 'NONE',  ( -18.36815764293342212, 10.69371827468916614, -1.761776396859210170 ) ) ;
#2998 = CARTESIAN_POINT ( 'NONE',  ( -14.25691194780133308, 51.70480350068201858, -1.605723257734043008 ) ) ;
#2999 = CARTESIAN_POINT ( 'NONE',  ( -15.38831104825392870, 16.91231729810344220, 9.318395970067859579 ) ) ;
#3000 = CARTESIAN_POINT ( 'NONE',  ( 9.816491301159272709, 19.02623207211059864, 15.62165183812783198 ) ) ;
#3001 = CARTESIAN_POINT ( 'NONE',  ( -7.693160391943281162, 31.37660301238916460, 11.68542580722579594 ) ) ;
#3002 = ADVANCED_FACE ( 'NONE', ( #2028 ), #3724, .T. ) ;
#3003 = CARTESIAN_POINT ( 'NONE',  ( 11.68476097758757071, 21.14014684611773731, -7.694218462251239288 ) ) ;
#3004 = CARTESIAN_POINT ( 'NONE',  ( 17.41435922388530244, 17.41908921496774099, -6.094226812229655899 ) ) ;
#3005 = CARTESIAN_POINT ( 'NONE',  ( 1.565464423204449673, 8.579803500682018580, -13.89946139943004688 ) ) ;
#3006 = CARTESIAN_POINT ( 'NONE',  ( -12.92983939180873953, 56.49728970326059141, -12.50810207068520441 ) ) ;
#3007 = CARTESIAN_POINT ( 'NONE',  ( 6.093016998895131486, 16.34766064353916448, -17.41478255588030777 ) ) ;
#3008 = CARTESIAN_POINT ( 'NONE',  ( 10.14444420047966666, 46.88337492925346339, -10.14535052776112423 ) ) ;
#3009 = CARTESIAN_POINT ( 'NONE',  ( 7.441184992820901734, 1.615517786396304389, -11.84375244410240668 ) ) ;
#3010 = CARTESIAN_POINT ( 'NONE',  ( 14.29108815922407594, 36.94371827468916081, 1.302400991952682663 ) ) ;
#3011 = CARTESIAN_POINT ( 'NONE',  ( -17.41435922388530244, 13.66908921496773210, 6.094226812229657675 ) ) ;
#3012 = CARTESIAN_POINT ( 'NONE',  ( 17.07644485469099038, 59.71157541754630671, 5.659363500725681284 ) ) ;
#3013 = DATE_AND_TIME ( #393, #2594 ) ;
#3014 = CARTESIAN_POINT ( 'NONE',  ( -17.51517412020538345, 24.68017444096058810, 5.806114391418055298 ) ) ;
#3015 = CARTESIAN_POINT ( 'NONE',  ( 7.633634210424460775, 4.026232072110592419, 12.14765467937024468 ) ) ;
#3016 = CARTESIAN_POINT ( 'NONE',  ( -2.369694609441194366, 4.800861131832022899, -18.29966171070299197 ) ) ;
#3017 = CARTESIAN_POINT ( 'NONE',  ( -13.54173102844871579, 58.66908921496774809, 4.739135598496603485 ) ) ;
#3018 = CARTESIAN_POINT ( 'NONE',  ( 1.763050077878475008, 23.07303158381773045, 18.36801413354849544 ) ) ;
#3019 = CARTESIAN_POINT ( 'NONE',  ( 2.013322327617649510, 31.07980350068201858, -17.87431023900302307 ) ) ;
#3020 = CARTESIAN_POINT ( 'NONE',  ( -15.62233376509898974, 7.240517786396306832, -9.815406020601807668 ) ) ;
#3021 = CARTESIAN_POINT ( 'NONE',  ( 12.00141425134080642, 28.16231729810344930, -7.190267664006485759 ) ) ;
#3022 = CARTESIAN_POINT ( 'NONE',  ( 14.29108815922407594, 6.943718274689165249, 1.302400991952682663 ) ) ;
#3023 = CARTESIAN_POINT ( 'NONE',  ( 17.87417032769799263, 17.68694635782487623, -2.014564074794543913 ) ) ;
#3024 = CARTESIAN_POINT ( 'NONE',  ( -1.606996938753239457, 15.81194635782488511, -14.25676843841640462 ) ) ;
#3025 = CARTESIAN_POINT ( 'NONE',  ( -15.07165777450069477, 62.39014684611774442, 9.822346768312614884 ) ) ;
#3026 = CARTESIAN_POINT ( 'NONE',  ( -9.890985408382910293, 37.50837492925344208, -9.890101804618650405 ) ) ;
#3027 = CARTESIAN_POINT ( 'NONE',  ( 16.97815759830482918, 10.72266064353916093, 5.940252341621189203 ) ) ;
#3028 = CARTESIAN_POINT ( 'NONE',  ( -13.54173102844871579, 58.66908921496774809, 4.739135598496603485 ) ) ;
#3029 = CARTESIAN_POINT ( 'NONE',  ( -13.04560959886931926, 58.13337492925346339, 13.04651592615081768 ) ) ;
#3030 = CARTESIAN_POINT ( 'NONE',  ( 10.10141226706252660, 22.74728970326059141, 9.679674945939028774 ) ) ;
#3031 = CARTESIAN_POINT ( 'NONE',  ( -12.71941253312912501, 7.508374929253447405, -12.71852892936481894 ) ) ;
#3032 = CARTESIAN_POINT ( 'NONE',  ( 2.369694609441195698, 61.05086113183203622, 18.29966171070299197 ) ) ;
#3033 = CARTESIAN_POINT ( 'NONE',  ( -2.309039670914129427, 38.34088872667487635, 17.84099089655435932 ) ) ;
#3034 = CARTESIAN_POINT ( 'NONE',  ( -13.89932148812502000, 6.436946357824876230, 1.566706170381279684 ) ) ;
#3035 = CARTESIAN_POINT ( 'NONE',  ( -16.97815759830483273, 21.97266064353916093, -5.940252341621187426 ) ) ;
#3036 = CARTESIAN_POINT ( 'NONE',  ( -9.816491301159269156, 52.77623207211058798, -15.62165183812783198 ) ) ;
#3037 = CARTESIAN_POINT ( 'NONE',  ( 12.50898567444951581, 29.76946015524630340, 12.92895578804443524 ) ) ;
#3038 = CARTESIAN_POINT ( 'NONE',  ( 18.33398143151067217, 25.45480350068202569, 2.065098662640570737 ) ) ;
#3039 = CARTESIAN_POINT ( 'NONE',  ( -12.71941253312912501, 7.508374929253447405, -12.71852892936481894 ) ) ;
#3040 = CARTESIAN_POINT ( 'NONE',  ( 5.026038205973743622, 49.85874586953201515, -13.44133946412361524 ) ) ;
#3041 = CARTESIAN_POINT ( 'NONE',  ( 11.98593830499179269, 14.50160301238916105, 7.891004345876712733 ) ) ;
#3042 = CARTESIAN_POINT ( 'NONE',  ( 15.62233376509898974, 33.49051778639630328, 9.815406020601812997 ) ) ;
#3043 = CARTESIAN_POINT ( 'NONE',  ( 9.928605823046513734, 20.87228970326059496, -10.36118890519427360 ) ) ;
#3044 = CARTESIAN_POINT ( 'NONE',  ( -15.62233376509898974, 14.74051778639630506, -9.815406020601807668 ) ) ;
#3045 = CARTESIAN_POINT ( 'NONE',  ( -9.890985408382910293, 7.508374929253447405, -9.890101804618650405 ) ) ;
#3046 = CARTESIAN_POINT ( 'NONE',  ( -9.317337899759843722, 54.35443256040345261, 15.38897587789217702 ) ) ;
#3047 = CARTESIAN_POINT ( 'NONE',  ( 4.737925785162139469, 31.34766064353916448, -13.54215436044368914 ) ) ;
#3048 = CARTESIAN_POINT ( 'NONE',  ( 7.633634210424460775, 49.02623207211060929, 12.14765467937024468 ) ) ;
#3049 = CARTESIAN_POINT ( 'NONE',  ( -14.25691194780133131, 21.70480350068201858, -1.605723257734043230 ) ) ;
#3050 = CARTESIAN_POINT ( 'NONE',  ( -10.10141226706252482, 26.49728970326059141, -9.679674945939034103 ) ) ;
#3051 = CARTESIAN_POINT ( 'NONE',  ( -11.98593830499178914, 55.75160301238916105, -7.891004345876712733 ) ) ;
#3052 = CARTESIAN_POINT ( 'NONE',  ( 18.33398143151067217, 2.954803500682018136, 2.065098662640570737 ) ) ;
#3053 = CARTESIAN_POINT ( 'NONE',  ( 17.31354432756522499, 58.90800398897489032, -6.382339233041259163 ) ) ;
#3054 = DATE_AND_TIME ( #2156, #286 ) ;
#3055 = CARTESIAN_POINT ( 'NONE',  ( 5.660542981514042893, 30.30517444096059165, 17.07603213651294638 ) ) ;
#3056 = CARTESIAN_POINT ( 'NONE',  ( -9.890985408382910293, 0.008374929253446961042, -9.890101804618650405 ) ) ;
#3057 = CARTESIAN_POINT ( 'NONE',  ( -2.013322327617646401, 27.32980350068201858, 17.87431023900302307 ) ) ;
#3058 = CARTESIAN_POINT ( 'NONE',  ( -17.87417032769798908, 58.93694635782487978, 2.014564074794545689 ) ) ;
#3059 = CARTESIAN_POINT ( 'NONE',  ( -18.29980522008792931, 32.71588872667487635, -2.368420928421930860 ) ) ;
#3060 = VERTEX_POINT ( 'NONE', #431 ) ;
#3061 = CARTESIAN_POINT ( 'NONE',  ( -5.941431822409547259, 30.54408921496773388, -16.97774488012678518 ) ) ;
#3062 = CARTESIAN_POINT ( 'NONE',  ( -2.013322327617646401, 12.32980350068201858, 17.87431023900302307 ) ) ;
#3063 = CARTESIAN_POINT ( 'NONE',  ( -7.375178794414805061, 48.78731729810344575, -12.31005298071982068 ) ) ;
#3064 = CARTESIAN_POINT ( 'NONE',  ( 13.93264083057369085, 28.69803158381773756, -1.270988827084796213 ) ) ;
#3065 = CARTESIAN_POINT ( 'NONE',  ( 18.33398143151067217, 40.45480350068201147, 2.065098662640570737 ) ) ;
#3066 = CARTESIAN_POINT ( 'NONE',  ( 12.31073490769093581, 14.97943256040345261, 7.374093513857401305 ) ) ;
#3067 = CARTESIAN_POINT ( 'NONE',  ( 2.013322327617649510, 16.07980350068201858, -17.87431023900302307 ) ) ;
#3068 = CARTESIAN_POINT ( 'NONE',  ( 4.620315574588850005, 11.79408921496773388, 13.20221155889332287 ) ) ;
#3069 = CARTESIAN_POINT ( 'NONE',  ( 2.066372343659835575, 49.56194635782487978, 18.33383792212573837 ) ) ;
#3070 = CARTESIAN_POINT ( 'NONE',  ( 9.890985408382912070, 33.75837492925344918, 9.890101804618648629 ) ) ;
#3071 = CARTESIAN_POINT ( 'NONE',  ( 9.821288698004604356, 50.12660301238916816, -15.07232260413894842 ) ) ;
#3072 = CARTESIAN_POINT ( 'NONE',  ( 13.20262427707134556, 55.72266064353915738, 4.619136093800549681 ) ) ;
#3073 = CARTESIAN_POINT ( 'NONE',  ( 7.633634210424459887, 19.02623207211059508, 12.14765467937024113 ) ) ;
#3074 = CARTESIAN_POINT ( 'NONE',  ( -1.910319204534601800, 34.80086113183202912, -14.22259222699365289 ) ) ;
#3075 = AXIS2_PLACEMENT_3D ( 'NONE', #2947, #3495, #2102 ) ;
#3076 = CARTESIAN_POINT ( 'NONE',  ( -7.375178794414805061, 48.78731729810344575, -12.31005298071982068 ) ) ;
#3077 = CARTESIAN_POINT ( 'NONE',  ( 11.68476097758757071, 6.140146846117736423, -7.694218462251239288 ) ) ;
#3078 = CARTESIAN_POINT ( 'NONE',  ( -15.45993546374941552, 25.75160301238916105, -10.07386143661146427 ) ) ;
#3079 = CARTESIAN_POINT ( 'NONE',  ( 7.633634210424460775, 26.52623207211060219, 12.14765467937024468 ) ) ;
#3080 = CARTESIAN_POINT ( 'NONE',  ( 2.013322327617649510, 23.57980350068201858, -17.87431023900302307 ) ) ;
#3081 = CARTESIAN_POINT ( 'NONE',  ( -2.369694609441194366, 12.30086113183202379, -18.29966171070299197 ) ) ;
#3082 = CARTESIAN_POINT ( 'NONE',  ( 15.45993546374941552, 44.50160301238915395, 10.07386143661146605 ) ) ;
#3083 = CARTESIAN_POINT ( 'NONE',  ( 13.04560959886931926, 1.883374929253446961, -13.04651592615081412 ) ) ;
#3084 = CARTESIAN_POINT ( 'NONE',  ( 12.71941253312912679, 18.75837492925344563, 12.71852892936481716 ) ) ;
#3085 = CARTESIAN_POINT ( 'NONE',  ( 17.87417032769799263, 25.18694635782487623, -2.014564074794543913 ) ) ;
#3086 = CARTESIAN_POINT ( 'NONE',  ( -12.00141425134080286, 46.91231729810344575, 7.190267664006487536 ) ) ;
#3087 = CARTESIAN_POINT ( 'NONE',  ( -1.303674672971879112, 34.32303158381773045, -14.29094464983915458 ) ) ;
#3088 = CARTESIAN_POINT ( 'NONE',  ( -2.013322327617646401, 34.82980350068201858, 17.87431023900302307 ) ) ;
#3089 = CARTESIAN_POINT ( 'NONE',  ( 9.928605823046513734, 28.37228970326059141, -10.36118890519427360 ) ) ;
#3090 = CARTESIAN_POINT ( 'NONE',  ( -17.87417032769798908, 6.436946357824876230, 2.014564074794545689 ) ) ;
#3091 = CARTESIAN_POINT ( 'NONE',  ( -4.620315574588849117, 0.5440892149677327705, -13.20221155889332287 ) ) ;
#3092 = CARTESIAN_POINT ( 'NONE',  ( 15.22998441137731085, 39.65123207211058798, -9.570371369190235455 ) ) ;
#3093 = CARTESIAN_POINT ( 'NONE',  ( -4.737925785162138581, 42.59766064353916448, 13.54215436044369447 ) ) ;
#3094 = CARTESIAN_POINT ( 'NONE',  ( 9.558035885149614330, 45.03731729810345286, 15.78405013947740443 ) ) ;
#3095 = CARTESIAN_POINT ( 'NONE',  ( 10.14444420047966666, 54.38337492925344208, -10.14535052776112423 ) ) ;
#3096 = CARTESIAN_POINT ( 'NONE',  ( -13.54173102844871401, 21.16908921496773743, 4.739135598496604374 ) ) ;
#3097 = CARTESIAN_POINT ( 'NONE',  ( -17.41435922388530244, 28.66908921496773388, 6.094226812229657675 ) ) ;
#3098 = CARTESIAN_POINT ( 'NONE',  ( 7.892089626434113825, 53.01514684611774442, 11.98525637802066512 ) ) ;
#3099 = CARTESIAN_POINT ( 'NONE',  ( 5.026038205973743622, 42.35874586953202225, -13.44133946412361524 ) ) ;
#3100 = DATE_AND_TIME ( #3163, #3443 ) ;
#3101 = CARTESIAN_POINT ( 'NONE',  ( 12.50898567444951581, 29.76946015524630340, 12.92895578804443524 ) ) ;
#3102 = CARTESIAN_POINT ( 'NONE',  ( 7.633634210424460775, 11.52623207211058975, 12.14765467937024468 ) ) ;
#3103 = CARTESIAN_POINT ( 'NONE',  ( 15.62233376509898797, 25.99051778639631038, 9.815406020601811221 ) ) ;
#3104 = CARTESIAN_POINT ( 'NONE',  ( -18.36815764293342212, 25.69371827468917147, -1.761776396859210170 ) ) ;
#3105 = CARTESIAN_POINT ( 'NONE',  ( -17.51517412020538345, 32.18017444096059165, 5.806114391418055298 ) ) ;
#3106 = VERTEX_POINT ( 'NONE', #2136 ) ;
#3107 = CARTESIAN_POINT ( 'NONE',  ( 12.71941253312912679, 48.75837492925344208, 12.71852892936481716 ) ) ;
#3108 = CARTESIAN_POINT ( 'NONE',  ( 17.41435922388530244, 24.91908921496774099, -6.094226812229655899 ) ) ;
#3109 = CARTESIAN_POINT ( 'NONE',  ( 10.36028257791282137, 50.39446015524630695, -9.929512150327971298 ) ) ;
#3110 = CARTESIAN_POINT ( 'NONE',  ( 13.64254592476879147, 35.93017444096059165, -4.451023177684999332 ) ) ;
#3111 = CARTESIAN_POINT ( 'NONE',  ( -17.87417032769798908, 43.93694635782487268, 2.014564074794545689 ) ) ;
#3112 = CARTESIAN_POINT ( 'NONE',  ( -13.86600214567635270, 40.42586113183202912, 1.862423513677762710 ) ) ;
#3113 = CARTESIAN_POINT ( 'NONE',  ( -9.569313298882221375, 20.36551778639630683, 15.23064924101556450 ) ) ;
#3114 = CARTESIAN_POINT ( 'NONE',  ( -4.737925785162139469, 27.59766064353917159, 13.54215436044369092 ) ) ;
#3115 = CARTESIAN_POINT ( 'NONE',  ( 12.71941253312912679, 41.25837492925344208, 12.71852892936481716 ) ) ;
#3116 = CARTESIAN_POINT ( 'NONE',  ( -14.25691194780133131, 59.20480350068202569, -1.605723257734043230 ) ) ;
#3117 = CARTESIAN_POINT ( 'NONE',  ( -17.31354432756522499, 17.65800398897488321, 6.382339233041261828 ) ) ;
#3118 = CARTESIAN_POINT ( 'NONE',  ( -16.87987034191867508, 55.48374586953202225, -6.221141182516696233 ) ) ;
#3119 = CARTESIAN_POINT ( 'NONE',  ( 13.10433702068518791, -0.7662541304679846288, 4.900024934696060264 ) ) ;
#3120 = CARTESIAN_POINT ( 'NONE',  ( -4.620315574588849117, 15.54408921496773388, -13.20221155889332287 ) ) ;
#3121 = CARTESIAN_POINT ( 'NONE',  ( 2.013322327617649510, 16.07980350068201858, -17.87431023900302307 ) ) ;
#3122 = CARTESIAN_POINT ( 'NONE',  ( -14.29108815922407594, 40.69371827468917502, -1.302400991952681997 ) ) ;
#3123 = CARTESIAN_POINT ( 'NONE',  ( 10.36028257791282137, 50.39446015524630695, -9.929512150327971298 ) ) ;
#3124 = APPROVAL_DATE_TIME ( #169, #725 ) ;
#3125 = CARTESIAN_POINT ( 'NONE',  ( -17.90748967014665993, 24.94803158381773045, 1.718846731498061331 ) ) ;
#3126 = CARTESIAN_POINT ( 'NONE',  ( -1.565464423204447009, 12.32980350068201858, 13.89946139943004866 ) ) ;
#3127 = CARTESIAN_POINT ( 'NONE',  ( -10.07494671716892043, 19.26514684611773376, -15.45925353677825420 ) ) ;
#3128 = CARTESIAN_POINT ( 'NONE',  ( 2.309039670914132092, 34.59088872667487635, -17.84099089655435932 ) ) ;
#3129 = ORIENTED_EDGE ( 'NONE', *, *, #3409, .T. ) ;
#3130 = CARTESIAN_POINT ( 'NONE',  ( -17.41435922388530244, 51.16908921496773388, 6.094226812229657675 ) ) ;
#3131 = CARTESIAN_POINT ( 'NONE',  ( -2.013322327617646401, 34.82980350068201858, 17.87431023900302307 ) ) ;
#3132 = CARTESIAN_POINT ( 'NONE',  ( 9.680558549703299320, 37.26946015524629985, 10.10052866329826493 ) ) ;
#3133 = CARTESIAN_POINT ( 'NONE',  ( -5.026038205973742734, 31.10874586953201870, 13.44133946412361524 ) ) ;
#3134 = CARTESIAN_POINT ( 'NONE',  ( 16.97815759830482918, 40.72266064353915738, 5.940252341621189203 ) ) ;
#3135 = CARTESIAN_POINT ( 'NONE',  ( -10.10141226706252482, 33.99728970326059851, -9.679674945939034103 ) ) ;
#3136 = CARTESIAN_POINT ( 'NONE',  ( 12.71941253312912679, 18.75837492925344563, 12.71852892936481716 ) ) ;
#3137 = CARTESIAN_POINT ( 'NONE',  ( -7.633634210424459887, 22.77623207211059153, -12.14765467937024646 ) ) ;
#3138 = CARTESIAN_POINT ( 'NONE',  ( -2.013322327617646401, 42.32980350068201858, 17.87431023900302307 ) ) ;
#3139 = CARTESIAN_POINT ( 'NONE',  ( -1.565464423204447009, 57.32980350068201858, 13.89946139943004866 ) ) ;
#3140 = CARTESIAN_POINT ( 'NONE',  ( 1.717604984321167372, 20.06871827468916791, -17.90762958145169037 ) ) ;
#3141 = CARTESIAN_POINT ( 'NONE',  ( -9.816491301159269156, 0.2762320721105896992, -15.62165183812783198 ) ) ;
#3142 = CARTESIAN_POINT ( 'NONE',  ( 11.84308761446418856, 9.651232072110591531, -7.442243063128862524 ) ) ;
#3143 = CARTESIAN_POINT ( 'NONE',  ( -13.04560959886931926, 20.63337492925344563, 13.04651592615081768 ) ) ;
#3144 = CARTESIAN_POINT ( 'NONE',  ( -7.892089626434113825, 41.76514684611773731, -11.98525637802066512 ) ) ;
#3145 = CARTESIAN_POINT ( 'NONE',  ( -13.10433702068519146, 47.98374586953202936, -4.900024934696059375 ) ) ;
#3146 = DATE_AND_TIME ( #521, #1691 ) ;
#3147 = CARTESIAN_POINT ( 'NONE',  ( 10.14444420047966666, 24.38337492925344918, -10.14535052776112423 ) ) ;
#3148 = CARTESIAN_POINT ( 'NONE',  ( -15.78473206644855864, 18.72943256040344906, -9.556950604592149290 ) ) ;
#3149 = CARTESIAN_POINT ( 'NONE',  ( 17.51517412020538700, 43.43017444096059165, -5.806114391418052634 ) ) ;
#3150 = CARTESIAN_POINT ( 'NONE',  ( -9.816491301159269156, 37.77623207211058798, -15.62165183812783198 ) ) ;
#3151 = CARTESIAN_POINT ( 'NONE',  ( -12.71941253312912501, 37.50837492925344208, -12.71852892936481894 ) ) ;
#3152 = CARTESIAN_POINT ( 'NONE',  ( 13.93264083057369085, 51.19803158381773756, -1.270988827084796213 ) ) ;
#3153 = CARTESIAN_POINT ( 'NONE',  ( -2.013322327617646401, 57.32980350068201858, 17.87431023900302307 ) ) ;
#3154 = CARTESIAN_POINT ( 'NONE',  ( 1.269747079907966647, 27.56871827468917147, -13.93278074187870885 ) ) ;
#3155 = CARTESIAN_POINT ( 'NONE',  ( 12.71941253312912679, 26.25837492925344918, 12.71852892936481716 ) ) ;
#3156 = CARTESIAN_POINT ( 'NONE',  ( -1.565464423204447009, 19.82980350068201858, 13.89946139943004866 ) ) ;
#3157 = CARTESIAN_POINT ( 'NONE',  ( 13.20262427707134556, 48.22266064353915738, 4.619136093800549681 ) ) ;
#3158 = CARTESIAN_POINT ( 'NONE',  ( -12.82977122143616278, 9.622289703260596738, 13.26235430358396883 ) ) ;
#3159 = CARTESIAN_POINT ( 'NONE',  ( 18.29980522008792931, 43.96588872667487635, 2.368420928421932636 ) ) ;
#3160 = CARTESIAN_POINT ( 'NONE',  ( 18.33398143151067217, 25.45480350068202569, 2.065098662640570737 ) ) ;
#3161 = CARTESIAN_POINT ( 'NONE',  ( 7.189209593698524081, 50.60443256040345261, -12.00207908097901921 ) ) ;
#3162 = CARTESIAN_POINT ( 'NONE',  ( 7.693160391943282050, 5.126603012389157499, -11.68542580722579238 ) ) ;
#3163 = CALENDAR_DATE ( 2026, 22, 8 ) ;
#3164 = CARTESIAN_POINT ( 'NONE',  ( 13.89932148812502177, 25.18694635782487623, -1.566706170381278795 ) ) ;
#3165 = CARTESIAN_POINT ( 'NONE',  ( -18.36815764293342212, 18.19371827468916081, -1.761776396859210170 ) ) ;
#3166 = CARTESIAN_POINT ( 'NONE',  ( -2.309039670914129427, 53.34088872667487635, 17.84099089655435932 ) ) ;
#3167 = CARTESIAN_POINT ( 'NONE',  ( -12.71941253312912501, 45.00837492925344918, -12.71852892936481894 ) ) ;
#3168 = CARTESIAN_POINT ( 'NONE',  ( 13.04560959886932103, 31.88337492925345629, -13.04651592615081412 ) ) ;
#3169 = CARTESIAN_POINT ( 'NONE',  ( 12.50898567444951581, 7.269460155246302513, 12.92895578804443524 ) ) ;
#3170 = CARTESIAN_POINT ( 'NONE',  ( -18.33398143151067217, 59.20480350068203279, -2.065098662640568961 ) ) ;
#3171 = CARTESIAN_POINT ( 'NONE',  ( -7.189209593698521417, 39.35443256040345261, 12.00207908097901921 ) ) ;
#3172 = CARTESIAN_POINT ( 'NONE',  ( 2.013322327617649510, 23.57980350068201858, -17.87431023900302307 ) ) ;
#3173 = CARTESIAN_POINT ( 'NONE',  ( -13.20262427707134734, 29.47266064353916448, -4.619136093800548792 ) ) ;
#3174 = CARTESIAN_POINT ( 'NONE',  ( 14.25691194780132953, 55.45480350068201858, 1.605723257734045006 ) ) ;
#3175 = CARTESIAN_POINT ( 'NONE',  ( 10.07494671716892043, 15.51514684611773731, 15.45925353677825420 ) ) ;
#3176 = CARTESIAN_POINT ( 'NONE',  ( -14.22273573637858668, 2.715888726674872800, -1.909045523515404463 ) ) ;
#3177 = CARTESIAN_POINT ( 'NONE',  ( -1.910319204534601800, 49.80086113183201491, -14.22259222699365289 ) ) ;
#3178 = CARTESIAN_POINT ( 'NONE',  ( -12.00141425134080286, 9.412317298103445751, 7.190267664006487536 ) ) ;
#3179 = CARTESIAN_POINT ( 'NONE',  ( -7.441184992820900845, 42.86551778639630328, 11.84375244410240846 ) ) ;
#3180 = CARTESIAN_POINT ( 'NONE',  ( 15.07165777450069477, 21.14014684611773731, -9.822346768312613108 ) ) ;
#3181 = CARTESIAN_POINT ( 'NONE',  ( -5.941431822409547259, 0.5440892149677324374, -16.97774488012678518 ) ) ;
#3182 = CARTESIAN_POINT ( 'NONE',  ( 15.62233376509898974, 48.49051778639631749, 9.815406020601812997 ) ) ;
#3183 = CARTESIAN_POINT ( 'NONE',  ( 15.62233376509898974, 40.99051778639629617, 9.815406020601812997 ) ) ;
#3184 = CARTESIAN_POINT ( 'NONE',  ( -18.29980522008792931, 2.715888726674872800, -2.368420928421930860 ) ) ;
#3185 = CARTESIAN_POINT ( 'NONE',  ( -17.87417032769798908, 51.43694635782487978, 2.014564074794545689 ) ) ;
#3186 = CARTESIAN_POINT ( 'NONE',  ( 11.68476097758757071, 51.14014684611774442, -7.694218462251239288 ) ) ;
#3187 = CARTESIAN_POINT ( 'NONE',  ( -18.33398143151067217, 29.20480350068202213, -2.065098662640568961 ) ) ;
#3188 = CARTESIAN_POINT ( 'NONE',  ( -1.606996938753239457, 23.31194635782487623, -14.25676843841640462 ) ) ;
#3189 = CARTESIAN_POINT ( 'NONE',  ( -1.763050077878471233, 4.323031583817729562, -18.36801413354849544 ) ) ;
#3190 = CARTESIAN_POINT ( 'NONE',  ( -13.54173102844871401, 51.16908921496773388, 4.739135598496604374 ) ) ;
#3191 = CARTESIAN_POINT ( 'NONE',  ( 6.222320663305056065, 15.78300398897487788, 16.87945762374062042 ) ) ;
#3192 = CARTESIAN_POINT ( 'NONE',  ( -10.36028257791282137, 9.144460155246301625, 9.929512150327971298 ) ) ;
#3193 = CARTESIAN_POINT ( 'NONE',  ( -4.901204415484357035, 57.03300398897488321, -13.10392430250715812 ) ) ;
#3194 = CARTESIAN_POINT ( 'NONE',  ( 10.36028257791282137, 5.394460155246299848, -9.929512150327971298 ) ) ;
#3195 = CARTESIAN_POINT ( 'NONE',  ( 10.07494671716892043, 38.01514684611773021, 15.45925353677825420 ) ) ;
#3196 = CARTESIAN_POINT ( 'NONE',  ( -6.381129419706733863, 53.60874586953201515, 17.31396765956023387 ) ) ;
#3197 = CARTESIAN_POINT ( 'NONE',  ( 15.22998441137731085, 54.65123207211058798, -9.570371369190235455 ) ) ;
#3198 = CARTESIAN_POINT ( 'NONE',  ( -9.558035885149614330, 3.787317298103443974, -15.78405013947740798 ) ) ;
#3199 = CARTESIAN_POINT ( 'NONE',  ( 13.04560959886932103, 46.88337492925346339, -13.04651592615081412 ) ) ;
#3200 = CARTESIAN_POINT ( 'NONE',  ( 4.449813364350533540, 42.83657541754630671, -13.64296925676377015 ) ) ;
#3201 = CARTESIAN_POINT ( 'NONE',  ( -13.04560959886931926, 50.63337492925344208, 13.04651592615081768 ) ) ;
#3202 = CARTESIAN_POINT ( 'NONE',  ( -12.14833660634136869, 37.24051778639630328, -7.632548929867056131 ) ) ;
#3203 = CARTESIAN_POINT ( 'NONE',  ( 15.38831104825393048, 13.16231729810344397, -9.318395970067859579 ) ) ;
#3204 = CARTESIAN_POINT ( 'NONE',  ( -15.22998441137730907, 5.901232072110590643, 9.570371369190237232 ) ) ;
#3205 = CARTESIAN_POINT ( 'NONE',  ( 15.78473206644855686, 22.47943256040345616, 9.556950604592154619 ) ) ;
#3206 = CARTESIAN_POINT ( 'NONE',  ( 7.375178794414805949, 0.03731729810344409232, 12.31005298071981713 ) ) ;
#3207 = CARTESIAN_POINT ( 'NONE',  ( -6.222320663305054289, 34.53300398897488321, -16.87945762374062042 ) ) ;
#3208 = CARTESIAN_POINT ( 'NONE',  ( 7.892089626434113825, 60.51514684611774442, 11.98525637802066512 ) ) ;
#3209 = CARTESIAN_POINT ( 'NONE',  ( -13.64254592476879147, 2.180174440960587212, 4.451023177685001997 ) ) ;
#3210 = CARTESIAN_POINT ( 'NONE',  ( 13.30091153345750676, 14.71157541754630671, 4.338247252905039986 ) ) ;
#3211 = CARTESIAN_POINT ( 'NONE',  ( -17.31354432756522499, 32.65800398897489742, 6.382339233041261828 ) ) ;
#3212 = CARTESIAN_POINT ( 'NONE',  ( -16.97815759830483273, 59.47266064353916448, -5.940252341621187426 ) ) ;
#3213 = CARTESIAN_POINT ( 'NONE',  ( 6.093016998895132375, 38.84766064353915738, -17.41478255588030777 ) ) ;
#3214 = CARTESIAN_POINT ( 'NONE',  ( -5.660542981514041116, -3.444825559039413676, -17.07603213651294638 ) ) ;
#3215 = CARTESIAN_POINT ( 'NONE',  ( -14.29108815922407594, 48.19371827468916791, -1.302400991952681997 ) ) ;
#3216 = CARTESIAN_POINT ( 'NONE',  ( 17.87417032769799263, 47.68694635782487268, -2.014564074794543913 ) ) ;
#3217 = CARTESIAN_POINT ( 'NONE',  ( -1.565464423204447009, 49.82980350068201858, 13.89946139943004866 ) ) ;
#3218 = CARTESIAN_POINT ( 'NONE',  ( -9.821288698004600803, 8.876603012389159275, 15.07232260413895020 ) ) ;
#3219 = CARTESIAN_POINT ( 'NONE',  ( 15.62233376509898974, 3.490517786396304611, 9.815406020601812997 ) ) ;
#3220 = CARTESIAN_POINT ( 'NONE',  ( -18.36815764293342212, 25.69371827468917147, -1.761776396859210170 ) ) ;
#3221 = CARTESIAN_POINT ( 'NONE',  ( 1.303674672971881554, 8.073031583817732226, 14.29094464983915458 ) ) ;
#3222 = CARTESIAN_POINT ( 'NONE',  ( 9.317337899759843722, 50.60443256040345261, -15.38897587789217347 ) ) ;
#3223 = CARTESIAN_POINT ( 'NONE',  ( 13.30091153345750676, 59.71157541754630671, 4.338247252905039986 ) ) ;
#3224 = CARTESIAN_POINT ( 'NONE',  ( -12.00141425134080286, 24.41231729810344575, 7.190267664006487536 ) ) ;
#3225 = CARTESIAN_POINT ( 'NONE',  ( -7.189209593698521417, 9.354432560403447283, 12.00207908097901921 ) ) ;
#3226 = CARTESIAN_POINT ( 'NONE',  ( -17.41435922388530244, 51.16908921496773388, 6.094226812229657675 ) ) ;
#3227 = CARTESIAN_POINT ( 'NONE',  ( 9.317337899759843722, 43.10443256040345261, -15.38897587789217347 ) ) ;
#3228 = CARTESIAN_POINT ( 'NONE',  ( 13.54173102844871224, 2.419089214967733437, -4.739135598496601709 ) ) ;
#3229 = CARTESIAN_POINT ( 'NONE',  ( -2.013322327617646401, 49.82980350068201858, 17.87431023900302307 ) ) ;
#3230 = CARTESIAN_POINT ( 'NONE',  ( -2.309039670914129427, 8.340888726674872800, 17.84099089655435932 ) ) ;
#3231 = CARTESIAN_POINT ( 'NONE',  ( 1.269747079907966647, 50.06871827468917502, -13.93278074187870885 ) ) ;
#3232 = CARTESIAN_POINT ( 'NONE',  ( 15.22998441137731085, 47.15123207211058798, -9.570371369190235455 ) ) ;
#3233 = CARTESIAN_POINT ( 'NONE',  ( 13.20262427707134556, 40.72266064353915738, 4.619136093800549681 ) ) ;
#3234 = CARTESIAN_POINT ( 'NONE',  ( 9.558035885149614330, 7.537317298103444863, 15.78405013947740443 ) ) ;
#3235 = CARTESIAN_POINT ( 'NONE',  ( 16.97815759830482918, 3.222660643539161374, 5.940252341621189203 ) ) ;
#3236 = CARTESIAN_POINT ( 'NONE',  ( -5.804904578083523781, 24.08657541754631026, 17.51559745220038522 ) ) ;
#3237 = CARTESIAN_POINT ( 'NONE',  ( 12.00141425134080642, 5.662317298103443974, -7.190267664006485759 ) ) ;
#3238 = CARTESIAN_POINT ( 'NONE',  ( -15.07165777450069477, 39.89014684611773731, 9.822346768312614884 ) ) ;
#3239 = CARTESIAN_POINT ( 'NONE',  ( 17.87417032769799263, 10.18694635782487623, -2.014564074794543913 ) ) ;
#3240 = CARTESIAN_POINT ( 'NONE',  ( -13.64254592476879147, 24.68017444096058810, 4.451023177685001997 ) ) ;
#3241 = CARTESIAN_POINT ( 'NONE',  ( -13.89932148812502000, 28.93694635782487623, 1.566706170381279684 ) ) ;
#3242 = CARTESIAN_POINT ( 'NONE',  ( 11.68476097758757071, 6.140146846117736423, -7.694218462251239288 ) ) ;
#3243 = DIRECTION ( 'NONE',  ( -0.7071067811865532349, 0.000000000000000000, -0.7071067811865420216 ) ) ;
#3244 = CARTESIAN_POINT ( 'NONE',  ( -9.317337899759843722, 39.35443256040345261, 15.38897587789217702 ) ) ;
#3245 = CARTESIAN_POINT ( 'NONE',  ( -16.97815759830483273, 44.47266064353915738, -5.940252341621187426 ) ) ;
#3246 = CARTESIAN_POINT ( 'NONE',  ( -9.558035885149614330, 11.28731729810344575, -15.78405013947740798 ) ) ;
#3247 = CARTESIAN_POINT ( 'NONE',  ( -7.892089626434113825, 41.76514684611773731, -11.98525637802066512 ) ) ;
#3248 = CARTESIAN_POINT ( 'NONE',  ( 6.093016998895132375, 46.34766064353917159, -17.41478255588030777 ) ) ;
#3249 = CARTESIAN_POINT ( 'NONE',  ( 12.14833660634136869, 48.49051778639631749, 7.632548929867059684 ) ) ;
#3250 = CARTESIAN_POINT ( 'NONE',  ( 9.821288698004604356, 12.62660301238915928, -15.07232260413894842 ) ) ;
#3251 = CARTESIAN_POINT ( 'NONE',  ( 2.013322327617649510, 8.579803500682018580, -17.87431023900302307 ) ) ;
#3252 = CARTESIAN_POINT ( 'NONE',  ( 18.36815764293342212, 21.94371827468916436, 1.761776396859212168 ) ) ;
#3253 = CARTESIAN_POINT ( 'NONE',  ( 12.00141425134080642, 20.66231729810344575, -7.190267664006485759 ) ) ;
#3254 = CARTESIAN_POINT ( 'NONE',  ( 12.92983939180874131, 37.74728970326059141, 12.50810207068520441 ) ) ;
#3255 = CARTESIAN_POINT ( 'NONE',  ( -15.22998441137730907, 13.40123207211059153, 9.570371369190237232 ) ) ;
#3256 = CARTESIAN_POINT ( 'NONE',  ( 4.339426733693342975, 15.30517444096058988, 13.30049881527948408 ) ) ;
#3257 = CARTESIAN_POINT ( 'NONE',  ( 13.20262427707134556, 40.72266064353915738, 4.619136093800549681 ) ) ;
#3258 = CARTESIAN_POINT ( 'NONE',  ( -7.892089626434113825, 19.26514684611773376, -11.98525637802066512 ) ) ;
#3259 = CARTESIAN_POINT ( 'NONE',  ( -9.890985408382910293, 60.00837492925344918, -9.890101804618650405 ) ) ;
#3260 = CARTESIAN_POINT ( 'NONE',  ( -15.07165777450069477, 39.89014684611773731, 9.822346768312614884 ) ) ;
#3261 =( LENGTH_UNIT ( ) NAMED_UNIT ( * ) SI_UNIT ( .MILLI., .METRE. ) );
#3262 = CARTESIAN_POINT ( 'NONE',  ( -16.87987034191867508, 10.48374586953201515, -6.221141182516696233 ) ) ;
#3263 = CARTESIAN_POINT ( 'NONE',  ( -9.928605823046511958, 62.12228970326059141, 10.36118890519427360 ) ) ;
#3264 = CARTESIAN_POINT ( 'NONE',  ( 9.816491301159272709, 49.02623207211060929, 15.62165183812783198 ) ) ;
#3265 = CARTESIAN_POINT ( 'NONE',  ( 13.54173102844871401, 39.91908921496771967, -4.739135598496600821 ) ) ;
#3266 = CARTESIAN_POINT ( 'NONE',  ( 1.763050077878475008, 30.57303158381773400, 18.36801413354849544 ) ) ;
#3267 = CARTESIAN_POINT ( 'NONE',  ( -15.62233376509898974, 7.240517786396306832, -9.815406020601807668 ) ) ;
#3268 = CARTESIAN_POINT ( 'NONE',  ( -10.36028257791282137, 16.64446015524630340, 9.929512150327971298 ) ) ;
#3269 = CARTESIAN_POINT ( 'NONE',  ( -4.901204415484357035, 19.53300398897488321, -13.10392430250715812 ) ) ;
#3270 = CARTESIAN_POINT ( 'NONE',  ( -17.07644485469099394, 48.46157541754632092, -5.659363500725679508 ) ) ;
#3271 = CARTESIAN_POINT ( 'NONE',  ( 2.013322327617649510, 16.07980350068201858, -17.87431023900302307 ) ) ;
#3272 = CARTESIAN_POINT ( 'NONE',  ( -10.14444420047966489, 28.13337492925345629, 10.14535052776112423 ) ) ;
#3273 = CARTESIAN_POINT ( 'NONE',  ( 4.449813364350533540, 5.336575417546307598, -13.64296925676377015 ) ) ;
#3274 = CARTESIAN_POINT ( 'NONE',  ( -15.22998441137730907, 58.40123207211059508, 9.570371369190237232 ) ) ;
#3275 = CARTESIAN_POINT ( 'NONE',  ( 15.07165777450069477, 58.64014684611773731, -9.822346768312613108 ) ) ;
#3276 = PERSON_AND_ORGANIZATION ( #2938, #3299 ) ;
#3277 = CARTESIAN_POINT ( 'NONE',  ( -17.51517412020538345, 17.18017444096058455, 5.806114391418055298 ) ) ;
#3278 = CARTESIAN_POINT ( 'NONE',  ( 4.737925785162140357, 1.347660643539161152, -13.54215436044368737 ) ) ;
#3279 = CARTESIAN_POINT ( 'NONE',  ( -16.97815759830483273, 59.47266064353916448, -5.940252341621187426 ) ) ;
#3280 = CARTESIAN_POINT ( 'NONE',  ( -4.737925785162139469, 57.59766064353917869, 13.54215436044369092 ) ) ;
#3281 = CARTESIAN_POINT ( 'NONE',  ( 2.309039670914132092, 19.59088872667487280, -17.84099089655435932 ) ) ;
#3282 = CARTESIAN_POINT ( 'NONE',  ( 15.62233376509898974, 33.49051778639630328, 9.815406020601812997 ) ) ;
#3283 = CARTESIAN_POINT ( 'NONE',  ( -13.93264083057369085, 17.44803158381773045, 1.270988827084797990 ) ) ;
#3284 = CARTESIAN_POINT ( 'NONE',  ( -14.29108815922407594, 18.19371827468916081, -1.302400991952681997 ) ) ;
#3285 = CARTESIAN_POINT ( 'NONE',  ( 16.97815759830482918, 3.222660643539161374, 5.940252341621189203 ) ) ;
#3286 = CARTESIAN_POINT ( 'NONE',  ( -12.14833660634136869, 7.240517786396306832, -7.632548929867056131 ) ) ;
#3287 = CARTESIAN_POINT ( 'NONE',  ( -17.84085098524932178, 55.42586113183202912, 2.310281418091025163 ) ) ;
#3288 = CARTESIAN_POINT ( 'NONE',  ( 15.22998441137731085, 9.651232072110591531, -9.570371369190235455 ) ) ;
#3289 = CARTESIAN_POINT ( 'NONE',  ( -13.54173102844871579, 51.16908921496773388, 4.739135598496603485 ) ) ;
#3290 = CARTESIAN_POINT ( 'NONE',  ( -2.066372343659833799, 53.31194635782487268, -18.33383792212573837 ) ) ;
#3291 = CARTESIAN_POINT ( 'NONE',  ( -4.449813364350533540, 31.58657541754630671, 13.64296925676377015 ) ) ;
#3292 = CARTESIAN_POINT ( 'NONE',  ( -9.569313298882221375, 5.365517786396304167, 15.23064924101556450 ) ) ;
#3293 = CARTESIAN_POINT ( 'NONE',  ( 1.717604984321167372, 50.06871827468917502, -17.90762958145169037 ) ) ;
#3294 = COORDINATED_UNIVERSAL_TIME_OFFSET ( 5, 30, .AHEAD. ) ;
#3295 = CARTESIAN_POINT ( 'NONE',  ( -13.26144797630246863, 24.14446015524630340, 12.83067754871767185 ) ) ;
#3296 = CARTESIAN_POINT ( 'NONE',  ( 13.86600214567635447, 59.17586113183203622, -1.862423513677761822 ) ) ;
#3297 = CARTESIAN_POINT ( 'NONE',  ( -13.04560959886931926, 58.13337492925346339, 13.04651592615081768 ) ) ;
#3298 = CARTESIAN_POINT ( 'NONE',  ( 9.890985408382912070, 56.25837492925344208, 9.890101804618648629 ) ) ;
#3299 = ORGANIZATION ( 'UNSPECIFIED', 'UNSPECIFIED', '' ) ;
#3300 = CARTESIAN_POINT ( 'NONE',  ( 15.45993546374941552, 29.50160301238915750, 10.07386143661146605 ) ) ;
#3301 = CARTESIAN_POINT ( 'NONE',  ( -9.569313298882221375, 27.86551778639630683, 15.23064924101556450 ) ) ;
#3302 = CARTESIAN_POINT ( 'NONE',  ( 2.013322327617649510, 16.07980350068201858, -17.87431023900302307 ) ) ;
#3303 = CARTESIAN_POINT ( 'NONE',  ( 10.36028257791282137, 20.39446015524629985, -9.929512150327971298 ) ) ;
#3304 = CARTESIAN_POINT ( 'NONE',  ( -9.928605823046511958, 17.12228970326059496, 10.36118890519427360 ) ) ;
#3305 = CARTESIAN_POINT ( 'NONE',  ( -18.33398143151067217, 14.20480350068201680, -2.065098662640568961 ) ) ;
#3306 = CARTESIAN_POINT ( 'NONE',  ( -11.84308761446418679, 13.40123207211059153, 7.442243063128862524 ) ) ;
#3307 = CARTESIAN_POINT ( 'NONE',  ( -1.717604984321164041, 61.31871827468917502, 17.90762958145168682 ) ) ;
#3308 = CARTESIAN_POINT ( 'NONE',  ( -11.84308761446418679, 35.90123207211058798, 7.442243063128862524 ) ) ;
#3309 = CARTESIAN_POINT ( 'NONE',  ( 9.569313298882223151, 16.61551778639630683, -15.23064924101556095 ) ) ;
#3310 = CARTESIAN_POINT ( 'NONE',  ( -9.890985408382910293, 45.00837492925344918, -9.890101804618650405 ) ) ;
#3311 = CARTESIAN_POINT ( 'NONE',  ( -12.71941253312912501, 60.00837492925344918, -12.71852892936481894 ) ) ;
#3312 = CARTESIAN_POINT ( 'NONE',  ( 13.86600214567635447, 36.67586113183201491, -1.862423513677761822 ) ) ;
#3313 = CARTESIAN_POINT ( 'NONE',  ( 17.87417032769799263, 10.18694635782487623, -2.014564074794543913 ) ) ;
#3314 = CARTESIAN_POINT ( 'NONE',  ( -17.84085098524932178, 55.42586113183202912, 2.310281418091025163 ) ) ;
#3315 = APPROVAL_ROLE ( '' ) ;
#3316 = CARTESIAN_POINT ( 'NONE',  ( 9.821288698004604356, 35.12660301238916816, -15.07232260413894842 ) ) ;
#3317 = CARTESIAN_POINT ( 'NONE',  ( 4.901204415484357924, 60.78300398897488321, 13.10392430250715812 ) ) ;
#3318 = CARTESIAN_POINT ( 'NONE',  ( 18.33398143151067217, 32.95480350068201147, 2.065098662640570293 ) ) ;
#3319 = CARTESIAN_POINT ( 'NONE',  ( -17.84085098524932178, 10.42586113183202201, 2.310281418091025163 ) ) ;
#3320 = CARTESIAN_POINT ( 'NONE',  ( -2.309039670914129427, 23.34088872667487635, 17.84099089655435932 ) ) ;
#3321 = CARTESIAN_POINT ( 'NONE',  ( -17.87417032769798908, 28.93694635782487623, 2.014564074794545689 ) ) ;
#3322 = CARTESIAN_POINT ( 'NONE',  ( -16.97815759830483273, 6.972660643539161818, -5.940252341621187426 ) ) ;
#3323 = CARTESIAN_POINT ( 'NONE',  ( -4.339426733693341198, 34.05517444096059165, -13.30049881527948585 ) ) ;
#3324 = CARTESIAN_POINT ( 'NONE',  ( -5.026038205973742734, 23.60874586953202581, 13.44133946412361524 ) ) ;
#3325 = CARTESIAN_POINT ( 'NONE',  ( -12.31073490769093581, 18.72943256040344906, -7.374093513857398641 ) ) ;
#3326 = CARTESIAN_POINT ( 'NONE',  ( 17.87417032769799263, 10.18694635782487623, -2.014564074794543913 ) ) ;
#3327 = CARTESIAN_POINT ( 'NONE',  ( -7.633634210424459887, 15.27623207211059153, -12.14765467937024646 ) ) ;
#3328 = CARTESIAN_POINT ( 'NONE',  ( 17.07644485469099038, 52.21157541754632092, 5.659363500725681284 ) ) ;
#3329 = CARTESIAN_POINT ( 'NONE',  ( 10.14444420047966666, 39.38337492925344208, -10.14535052776112245 ) ) ;
#3330 = CARTESIAN_POINT ( 'NONE',  ( 5.941431822409549035, 11.79408921496773388, 16.97774488012678518 ) ) ;
#3331 = CARTESIAN_POINT ( 'NONE',  ( -9.890985408382910293, 60.00837492925344918, -9.890101804618650405 ) ) ;
#3332 = CARTESIAN_POINT ( 'NONE',  ( 7.633634210424459887, 11.52623207211059153, 12.14765467937024113 ) ) ;
#3333 = CARTESIAN_POINT ( 'NONE',  ( 12.31073490769093581, 29.97943256040345261, 7.374093513857401305 ) ) ;
#3334 = CARTESIAN_POINT ( 'NONE',  ( -13.64254592476879147, 54.68017444096057744, 4.451023177685001997 ) ) ;
#3335 = CARTESIAN_POINT ( 'NONE',  ( 12.71941253312912679, 3.758374929253446961, 12.71852892936481716 ) ) ;
#3336 = CARTESIAN_POINT ( 'NONE',  ( 1.717604984321167372, 57.56871827468916081, -17.90762958145169037 ) ) ;
#3337 = PERSON_AND_ORGANIZATION ( #2938, #3299 ) ;
#3338 = CARTESIAN_POINT ( 'NONE',  ( -18.29980522008792931, 25.21588872667487635, -2.368420928421930860 ) ) ;
#3339 = CARTESIAN_POINT ( 'NONE',  ( -4.620315574588849117, 0.5440892149677327705, -13.20221155889332287 ) ) ;
#3340 = CARTESIAN_POINT ( 'NONE',  ( -15.62233376509898797, 22.24051778639630328, -9.815406020601805892 ) ) ;
#3341 = CARTESIAN_POINT ( 'NONE',  ( -5.941431822409547259, 53.04408921496773388, -16.97774488012678518 ) ) ;
#3342 = CARTESIAN_POINT ( 'NONE',  ( -17.90748967014665993, 24.94803158381773045, 1.718846731498061331 ) ) ;
#3343 = EDGE_LOOP ( 'NONE', ( #1048, #2469 ) ) ;
#3344 = CARTESIAN_POINT ( 'NONE',  ( 2.066372343659836464, 19.56194635782488334, 18.33383792212573837 ) ) ;
#3345 = CARTESIAN_POINT ( 'NONE',  ( -9.816491301159269156, 15.27623207211059153, -15.62165183812783198 ) ) ;
#3346 = CARTESIAN_POINT ( 'NONE',  ( -1.861181766500929369, 45.84088872667486925, 13.86614205698138669 ) ) ;
#3347 = CARTESIAN_POINT ( 'NONE',  ( -5.026038205973742734, 16.10874586953201515, 13.44133946412361524 ) ) ;
#3348 = CARTESIAN_POINT ( 'NONE',  ( -18.33398143151067217, 36.70480350068201858, -2.065098662640568961 ) ) ;
#3349 = CARTESIAN_POINT ( 'NONE',  ( 13.44091613212862768, 21.40800398897487966, -5.027248019308205862 ) ) ;
#3350 = CARTESIAN_POINT ( 'NONE',  ( -6.093016998895131486, 5.097660643539160930, 17.41478255588030777 ) ) ;
#3351 = CARTESIAN_POINT ( 'NONE',  ( -1.606996938753239457, 8.311946357824879783, -14.25676843841640462 ) ) ;
#3352 = CARTESIAN_POINT ( 'NONE',  ( -15.78473206644855864, 56.22943256040345972, -9.556950604592149290 ) ) ;
#3353 = CARTESIAN_POINT ( 'NONE',  ( 17.41435922388530244, 47.41908921496773388, -6.094226812229655899 ) ) ;
#3354 = CARTESIAN_POINT ( 'NONE',  ( 7.441184992820901734, 39.11551778639630328, -11.84375244410240668 ) ) ;
#3355 = CARTESIAN_POINT ( 'NONE',  ( 9.558035885149614330, 52.53731729810344575, 15.78405013947740443 ) ) ;
#3356 = CARTESIAN_POINT ( 'NONE',  ( 13.54173102844871401, 47.41908921496774099, -4.739135598496600821 ) ) ;
#3357 = CARTESIAN_POINT ( 'NONE',  ( 12.14833660634136514, 25.99051778639631038, 7.632548929867058796 ) ) ;
#3358 = CARTESIAN_POINT ( 'NONE',  ( -7.189209593698521417, 31.85443256040344551, 12.00207908097901921 ) ) ;
#3359 = CARTESIAN_POINT ( 'NONE',  ( -9.558035885149614330, -3.712682701896556470, -15.78405013947740798 ) ) ;
#3360 = CARTESIAN_POINT ( 'NONE',  ( 7.189209593698524081, 5.604432560403450836, -12.00207908097901921 ) ) ;
#3361 = CARTESIAN_POINT ( 'NONE',  ( -17.51517412020538345, 32.18017444096059165, 5.806114391418055298 ) ) ;
#3362 = CARTESIAN_POINT ( 'NONE',  ( 12.14833660634136869, 25.99051778639631394, 7.632548929867059684 ) ) ;
#3363 = CARTESIAN_POINT ( 'NONE',  ( -17.87417032769798908, 21.43694635782487623, 2.014564074794545689 ) ) ;
#3364 = CARTESIAN_POINT ( 'NONE',  ( 15.07165777450069477, 6.140146846117736423, -9.822346768312613108 ) ) ;
#3365 = CARTESIAN_POINT ( 'NONE',  ( -6.381129419706733863, 38.60874586953201515, 17.31396765956023387 ) ) ;
#3366 = CARTESIAN_POINT ( 'NONE',  ( -2.066372343659833355, 0.8119463578248754532, -18.33383792212573837 ) ) ;
#3367 = CARTESIAN_POINT ( 'NONE',  ( -2.013322327617646401, 34.82980350068201858, 17.87431023900302307 ) ) ;
#3368 = CARTESIAN_POINT ( 'NONE',  ( 9.816491301159272709, 34.02623207211058087, 15.62165183812783198 ) ) ;
#3369 = CARTESIAN_POINT ( 'NONE',  ( -9.680558549703295768, 41.01946015524631406, -10.10052866329826671 ) ) ;
#3370 = CARTESIAN_POINT ( 'NONE',  ( -7.375178794414805061, 33.78731729810343865, -12.31005298071982068 ) ) ;
#3371 = CARTESIAN_POINT ( 'NONE',  ( 6.093016998895132375, 31.34766064353916448, -17.41478255588030777 ) ) ;
#3372 = CARTESIAN_POINT ( 'NONE',  ( 1.910319204534604243, 31.05086113183202201, 14.22259222699365289 ) ) ;
#3373 = CARTESIAN_POINT ( 'NONE',  ( -17.87417032769798908, 13.93694635782487623, 2.014564074794545689 ) ) ;
#3374 = CARTESIAN_POINT ( 'NONE',  ( 1.565464423204449673, 16.07980350068201858, -13.89946139943004688 ) ) ;
#3375 = CARTESIAN_POINT ( 'NONE',  ( -15.22998441137730907, 35.90123207211058798, 9.570371369190237232 ) ) ;
#3376 = CARTESIAN_POINT ( 'NONE',  ( -10.14444420047966489, 28.13337492925345273, 10.14535052776112423 ) ) ;
#3377 = CARTESIAN_POINT ( 'NONE',  ( -9.821288698004600803, 53.87660301238915395, 15.07232260413895020 ) ) ;
#3378 = CARTESIAN_POINT ( 'NONE',  ( -1.303674672971879112, -3.176968416182270882, -14.29094464983915458 ) ) ;
#3379 = CARTESIAN_POINT ( 'NONE',  ( -13.20262427707134734, 14.47266064353916093, -4.619136093800548792 ) ) ;
#3380 = CARTESIAN_POINT ( 'NONE',  ( 5.941431822409549035, 26.79408921496773388, 16.97774488012678518 ) ) ;
#3381 = CARTESIAN_POINT ( 'NONE',  ( -13.86600214567635270, 25.42586113183201846, 1.862423513677762710 ) ) ;
#3382 = CARTESIAN_POINT ( 'NONE',  ( -7.693160391943281162, 46.37660301238916105, 11.68542580722579594 ) ) ;
#3383 = DATE_TIME_ROLE ( 'classification_date' ) ;
#3384 = CARTESIAN_POINT ( 'NONE',  ( -5.660542981514041116, 26.55517444096058455, -17.07603213651294638 ) ) ;
#3385 = CARTESIAN_POINT ( 'NONE',  ( 7.633634210424460775, 19.02623207211059864, 12.14765467937024468 ) ) ;
#3386 = CARTESIAN_POINT ( 'NONE',  ( 12.71941253312912679, 33.75837492925344918, 12.71852892936481716 ) ) ;
#3387 = CARTESIAN_POINT ( 'NONE',  ( -1.717604984321164041, 23.81871827468916436, 17.90762958145168682 ) ) ;
#3388 = CARTESIAN_POINT ( 'NONE',  ( -1.763050077878471233, 41.82303158381773756, -18.36801413354849544 ) ) ;
#3389 = CARTESIAN_POINT ( 'NONE',  ( 5.941431822409549035, 41.79408921496773388, 16.97774488012678518 ) ) ;
#3390 = CARTESIAN_POINT ( 'NONE',  ( 15.22998441137731085, 32.15123207211058798, -9.570371369190235455 ) ) ;
#3391 = CARTESIAN_POINT ( 'NONE',  ( 13.64254592476879147, 35.93017444096059165, -4.451023177684999332 ) ) ;
#3392 = CARTESIAN_POINT ( 'NONE',  ( -10.36028257791282137, 39.14446015524631406, 9.929512150327971298 ) ) ;
#3393 = CARTESIAN_POINT ( 'NONE',  ( 5.941431822409549035, 41.79408921496773388, 16.97774488012678518 ) ) ;
#3394 = CARTESIAN_POINT ( 'NONE',  ( -1.269747079907964649, 38.81871827468916081, 13.93278074187870885 ) ) ;
#3395 = CARTESIAN_POINT ( 'NONE',  ( 9.816491301159272709, 19.02623207211059864, 15.62165183812783198 ) ) ;
#3396 = CARTESIAN_POINT ( 'NONE',  ( -10.14444420047966489, 28.13337492925345629, 10.14535052776112423 ) ) ;
#3397 = CARTESIAN_POINT ( 'NONE',  ( 2.013322327617649510, 46.07980350068201858, -17.87431023900302307 ) ) ;
#3398 = CARTESIAN_POINT ( 'NONE',  ( -13.20262427707134734, 44.47266064353915738, -4.619136093800548792 ) ) ;
#3399 = CARTESIAN_POINT ( 'NONE',  ( 15.78473206644855686, 14.97943256040345261, 9.556950604592154619 ) ) ;
#3400 = CARTESIAN_POINT ( 'NONE',  ( -15.45993546374941552, 55.75160301238916105, -10.07386143661146427 ) ) ;
#3401 = CARTESIAN_POINT ( 'NONE',  ( 10.36028257791282137, -2.105539844753699708, -9.929512150327971298 ) ) ;
#3402 = CARTESIAN_POINT ( 'NONE',  ( 7.441184992820901734, 9.115517786396303279, -11.84375244410240668 ) ) ;
#3403 = CARTESIAN_POINT ( 'NONE',  ( -18.33398143151067217, 29.20480350068202213, -2.065098662640568961 ) ) ;
#3404 = CARTESIAN_POINT ( 'NONE',  ( 4.901204415484357924, 53.28300398897488321, 13.10392430250715812 ) ) ;
#3405 = CARTESIAN_POINT ( 'NONE',  ( 11.98593830499179269, 44.50160301238915395, 7.891004345876712733 ) ) ;
#3406 = CARTESIAN_POINT ( 'NONE',  ( 9.558035885149614330, 30.03731729810344220, 15.78405013947740443 ) ) ;
#3407 = CARTESIAN_POINT ( 'NONE',  ( 12.14833660634136869, 18.49051778639631038, 7.632548929867059684 ) ) ;
#3408 = CARTESIAN_POINT ( 'NONE',  ( 2.369694609441195698, 23.55086113183202201, 18.29966171070299197 ) ) ;
#3409 = EDGE_CURVE ( 'NONE', #2231, #1900, #2400, .T. ) ;
#3410 = CARTESIAN_POINT ( 'NONE',  ( 1.763050077878475008, 38.07303158381773756, 18.36801413354849544 ) ) ;
#3411 = CARTESIAN_POINT ( 'NONE',  ( 5.941431822409549035, 4.294089214967732993, 16.97774488012678518 ) ) ;
#3412 = CARTESIAN_POINT ( 'NONE',  ( 2.013322327617649510, 46.07980350068201858, -17.87431023900302307 ) ) ;
#3413 = CARTESIAN_POINT ( 'NONE',  ( -5.941431822409547259, 23.04408921496773388, -16.97774488012678518 ) ) ;
#3414 = CARTESIAN_POINT ( 'NONE',  ( 9.680558549703299320, 44.76946015524629985, 10.10052866329826493 ) ) ;
#3415 = CARTESIAN_POINT ( 'NONE',  ( -13.64254592476879147, 32.18017444096059165, 4.451023177685001997 ) ) ;
#3416 = CARTESIAN_POINT ( 'NONE',  ( 9.569313298882223151, 39.11551778639630328, -15.23064924101556095 ) ) ;
#3417 = CARTESIAN_POINT ( 'NONE',  ( -1.910319204534601800, 27.30086113183202556, -14.22259222699365289 ) ) ;
#3418 = CARTESIAN_POINT ( 'NONE',  ( 17.87417032769799263, 32.68694635782487268, -2.014564074794543913 ) ) ;
#3419 = CARTESIAN_POINT ( 'NONE',  ( -1.565464423204447009, 27.32980350068201858, 13.89946139943004866 ) ) ;
#3420 = CARTESIAN_POINT ( 'NONE',  ( 15.22998441137731085, 47.15123207211058798, -9.570371369190235455 ) ) ;
#3421 = CARTESIAN_POINT ( 'NONE',  ( -1.565464423204447009, 49.82980350068201858, 13.89946139943004866 ) ) ;
#3422 = CARTESIAN_POINT ( 'NONE',  ( -6.222320663305054289, 19.53300398897488321, -16.87945762374062042 ) ) ;
#3423 = CARTESIAN_POINT ( 'NONE',  ( -18.29980522008792931, 55.21588872667486925, -2.368420928421930860 ) ) ;
#3424 = CARTESIAN_POINT ( 'NONE',  ( 14.25691194780132953, 17.95480350068202213, 1.605723257734045006 ) ) ;
#3425 = CARTESIAN_POINT ( 'NONE',  ( -9.816491301159269156, 22.77623207211059153, -15.62165183812783198 ) ) ;
#3426 = CARTESIAN_POINT ( 'NONE',  ( -13.44091613212862946, 55.15800398897488321, 5.027248019308207638 ) ) ;
#3427 = CARTESIAN_POINT ( 'NONE',  ( 13.10433702068518791, 44.23374586953202225, 4.900024934696060264 ) ) ;
#3428 = COORDINATED_UNIVERSAL_TIME_OFFSET ( 5, 30, .AHEAD. ) ;
#3429 = CARTESIAN_POINT ( 'NONE',  ( -1.606996938753239457, 23.31194635782487623, -14.25676843841640462 ) ) ;
#3430 = CARTESIAN_POINT ( 'NONE',  ( 17.84085098524932178, 14.17586113183202379, -2.310281418091023387 ) ) ;
#3431 = CARTESIAN_POINT ( 'NONE',  ( 9.821288698004604356, 35.12660301238916816, -15.07232260413894842 ) ) ;
#3432 = CARTESIAN_POINT ( 'NONE',  ( -16.97815759830483273, 44.47266064353915738, -5.940252341621187426 ) ) ;
#3433 = CARTESIAN_POINT ( 'NONE',  ( 15.22998441137731085, 24.65123207211059153, -9.570371369190235455 ) ) ;
#3434 = CARTESIAN_POINT ( 'NONE',  ( 2.309039670914132092, 4.590888726674872800, -17.84099089655435932 ) ) ;
#3435 = CARTESIAN_POINT ( 'NONE',  ( -17.41435922388530244, 43.66908921496774809, 6.094226812229657675 ) ) ;
#3436 = CARTESIAN_POINT ( 'NONE',  ( 1.910319204534604243, 38.55086113183202201, 14.22259222699365289 ) ) ;
#3437 = CARTESIAN_POINT ( 'NONE',  ( 2.066372343659836464, 19.56194635782488334, 18.33383792212573837 ) ) ;
#3438 = CARTESIAN_POINT ( 'NONE',  ( -7.633634210424459887, 30.27623207211059153, -12.14765467937024646 ) ) ;
#3439 = CARTESIAN_POINT ( 'NONE',  ( -16.97815759830483273, 44.47266064353915738, -5.940252341621187426 ) ) ;
#3440 = CARTESIAN_POINT ( 'NONE',  ( 13.54173102844871224, 47.41908921496773388, -4.739135598496601709 ) ) ;
#3441 = CARTESIAN_POINT ( 'NONE',  ( -15.78473206644855864, 11.22943256040344906, -9.556950604592149290 ) ) ;
#3442 = CARTESIAN_POINT ( 'NONE',  ( -5.941431822409547259, 0.5440892149677324374, -16.97774488012678518 ) ) ;
#3443 = LOCAL_TIME ( 0, 40, 38.00000000000000000, #3732 ) ;
#3444 = CARTESIAN_POINT ( 'NONE',  ( -9.569313298882221375, 27.86551778639630683, 15.23064924101556450 ) ) ;
#3445 = CARTESIAN_POINT ( 'NONE',  ( -11.68476097758756893, 47.39014684611774442, 7.694218462251239288 ) ) ;
#3446 = CARTESIAN_POINT ( 'NONE',  ( -4.339426733693341198, 11.55517444096058632, -13.30049881527948585 ) ) ;
#3447 = CARTESIAN_POINT ( 'NONE',  ( 13.54173102844871401, 24.91908921496774099, -4.739135598496600821 ) ) ;
#3448 = CARTESIAN_POINT ( 'NONE',  ( -6.222320663305054289, 27.03300398897488321, -16.87945762374062042 ) ) ;
#3449 = CARTESIAN_POINT ( 'NONE',  ( -5.660542981514041116, 34.05517444096059165, -17.07603213651294638 ) ) ;
#3450 = CARTESIAN_POINT ( 'NONE',  ( 17.87417032769799263, 47.68694635782487268, -2.014564074794543913 ) ) ;
#3451 = CARTESIAN_POINT ( 'NONE',  ( 9.569313298882223151, 31.61551778639630328, -15.23064924101556095 ) ) ;
#3452 = CARTESIAN_POINT ( 'NONE',  ( 9.558035885149614330, 0.03731729810344409232, 15.78405013947740443 ) ) ;
#3453 = CARTESIAN_POINT ( 'NONE',  ( 9.816491301159272709, 56.52623207211058798, 15.62165183812783198 ) ) ;
#3454 = CARTESIAN_POINT ( 'NONE',  ( -1.910319204534601800, 34.80086113183202912, -14.22259222699365289 ) ) ;
#3455 = CARTESIAN_POINT ( 'NONE',  ( -5.941431822409547259, 30.54408921496773388, -16.97774488012678518 ) ) ;
#3456 = CARTESIAN_POINT ( 'NONE',  ( -9.890985408382910293, 22.50837492925344918, -9.890101804618650405 ) ) ;
#3457 = CARTESIAN_POINT ( 'NONE',  ( 1.565464423204449673, 53.57980350068201858, -13.89946139943004688 ) ) ;
#3458 = CARTESIAN_POINT ( 'NONE',  ( 15.07165777450069477, 6.140146846117736423, -9.822346768312613108 ) ) ;
#3459 = CARTESIAN_POINT ( 'NONE',  ( -13.10433702068519146, 2.983745869532015593, -4.900024934696059375 ) ) ;
#3460 = CARTESIAN_POINT ( 'NONE',  ( -13.44091613212862946, 47.65800398897489032, 5.027248019308207638 ) ) ;
#3461 = CARTESIAN_POINT ( 'NONE',  ( 7.375178794414805949, 0.03731729810344409232, 12.31005298071981713 ) ) ;
#3462 = CARTESIAN_POINT ( 'NONE',  ( 9.890985408382912070, 41.25837492925344208, 9.890101804618648629 ) ) ;
#3463 = CARTESIAN_POINT ( 'NONE',  ( -6.222320663305054289, 19.53300398897488321, -16.87945762374062042 ) ) ;
#3464 = CARTESIAN_POINT ( 'NONE',  ( -12.50898567444951226, 48.51946015524631406, -12.92895578804443524 ) ) ;
#3465 = CARTESIAN_POINT ( 'NONE',  ( -2.013322327617646401, 42.32980350068201858, 17.87431023900302307 ) ) ;
#3466 = CARTESIAN_POINT ( 'NONE',  ( -13.04560959886931926, 43.13337492925346339, 13.04651592615081768 ) ) ;
#3467 = CARTESIAN_POINT ( 'NONE',  ( -13.10433702068519146, 55.48374586953202225, -4.900024934696059375 ) ) ;
#3468 = CARTESIAN_POINT ( 'NONE',  ( 15.22998441137731085, 47.15123207211058798, -9.570371369190235455 ) ) ;
#3469 = CARTESIAN_POINT ( 'NONE',  ( 10.10141226706252660, 45.24728970326059851, 9.679674945939028774 ) ) ;
#3470 = CARTESIAN_POINT ( 'NONE',  ( -2.013322327617646401, 27.32980350068201858, 17.87431023900302307 ) ) ;
#3471 = CARTESIAN_POINT ( 'NONE',  ( 13.89932148812502177, 32.68694635782487268, -1.566706170381278795 ) ) ;
#3472 = CARTESIAN_POINT ( 'NONE',  ( -18.29980522008792931, 2.715888726674872800, -2.368420928421930860 ) ) ;
#3473 = CARTESIAN_POINT ( 'NONE',  ( -12.14833660634136514, 52.24051778639630328, -7.632548929867055243 ) ) ;
#3474 = CARTESIAN_POINT ( 'NONE',  ( 17.84085098524932178, 14.17586113183202379, -2.310281418091023387 ) ) ;
#3475 = CARTESIAN_POINT ( 'NONE',  ( 13.64254592476879147, 13.43017444096058632, -4.451023177684999332 ) ) ;
#3476 = CARTESIAN_POINT ( 'NONE',  ( -1.910319204534601800, 42.30086113183202201, -14.22259222699365289 ) ) ;
#3477 = CARTESIAN_POINT ( 'NONE',  ( 4.339426733693342975, 0.3051744409605866570, 13.30049881527948408 ) ) ;
#3478 = CARTESIAN_POINT ( 'NONE',  ( -6.222320663305054289, 34.53300398897488321, -16.87945762374062042 ) ) ;
#3479 = CARTESIAN_POINT ( 'NONE',  ( 6.381129419706736527, 49.85874586953201515, -17.31396765956023387 ) ) ;
#3480 = CARTESIAN_POINT ( 'NONE',  ( 15.22998441137731085, 54.65123207211058798, -9.570371369190235455 ) ) ;
#3481 = CARTESIAN_POINT ( 'NONE',  ( -16.97815759830483273, 51.97266064353916448, -5.940252341621187426 ) ) ;
#3482 = CARTESIAN_POINT ( 'NONE',  ( -17.51517412020538345, 2.180174440960587212, 5.806114391418055298 ) ) ;
#3483 = CARTESIAN_POINT ( 'NONE',  ( -17.41435922388530244, 51.16908921496773388, 6.094226812229657675 ) ) ;
#3484 = CARTESIAN_POINT ( 'NONE',  ( -4.901204415484357035, 57.03300398897488321, -13.10392430250715812 ) ) ;
#3485 = CARTESIAN_POINT ( 'NONE',  ( -2.013322327617646401, 42.32980350068201858, 17.87431023900302307 ) ) ;
#3486 = CARTESIAN_POINT ( 'NONE',  ( -7.633634210424459887, 37.77623207211058798, -12.14765467937024646 ) ) ;
#3487 = CARTESIAN_POINT ( 'NONE',  ( 2.309039670914132092, 12.09088872667487635, -17.84099089655435932 ) ) ;
#3488 = CARTESIAN_POINT ( 'NONE',  ( -5.941431822409547259, 0.5440892149677324374, -16.97774488012678518 ) ) ;
#3489 = CARTESIAN_POINT ( 'NONE',  ( 2.369694609441195698, 31.05086113183202201, 18.29966171070299197 ) ) ;
#3490 = CARTESIAN_POINT ( 'NONE',  ( 4.339426733693342975, 7.805174440960587212, 13.30049881527948408 ) ) ;
#3491 = CARTESIAN_POINT ( 'NONE',  ( 17.31354432756522499, 43.90800398897487611, -6.382339233041259163 ) ) ;
#3492 = CARTESIAN_POINT ( 'NONE',  ( -1.910319204534601800, 57.30086113183203622, -14.22259222699365289 ) ) ;
#3493 = CARTESIAN_POINT ( 'NONE',  ( 9.680558549703299320, -0.2305398447536989304, 10.10052866329826493 ) ) ;
#3494 = CARTESIAN_POINT ( 'NONE',  ( -13.44091613212862946, 10.15800398897487966, 5.027248019308207638 ) ) ;
#3495 = DIRECTION ( 'NONE',  ( 0.7051471715689086039, 0.07439712935806916394, -0.7051471715689193731 ) ) ;
#3496 = CARTESIAN_POINT ( 'NONE',  ( -15.07165777450069477, 47.39014684611774442, 9.822346768312614884 ) ) ;
#3497 = CARTESIAN_POINT ( 'NONE',  ( -4.737925785162138581, 5.097660643539161818, 13.54215436044369447 ) ) ;
#3498 = CARTESIAN_POINT ( 'NONE',  ( 9.816491301159272709, 49.02623207211060929, 15.62165183812783198 ) ) ;
#3499 = CARTESIAN_POINT ( 'NONE',  ( 15.45993546374941552, 7.001603012389157499, 10.07386143661146605 ) ) ;
#3500 = CARTESIAN_POINT ( 'NONE',  ( -11.68476097758756893, 47.39014684611774442, 7.694218462251239288 ) ) ;
#3501 = CARTESIAN_POINT ( 'NONE',  ( 9.569313298882223151, 39.11551778639630328, -15.23064924101556095 ) ) ;
#3502 = CARTESIAN_POINT ( 'NONE',  ( 1.565464423204449673, 46.07980350068201858, -13.89946139943004688 ) ) ;
#3503 = CARTESIAN_POINT ( 'NONE',  ( -2.309039670914129427, 8.340888726674872800, 17.84099089655435932 ) ) ;
#3504 = CARTESIAN_POINT ( 'NONE',  ( 18.33398143151067217, 17.95480350068202569, 2.065098662640570737 ) ) ;
#3505 = CARTESIAN_POINT ( 'NONE',  ( -9.317337899759843722, 24.35443256040345261, 15.38897587789217702 ) ) ;
#3506 = CARTESIAN_POINT ( 'NONE',  ( 7.693160391943282050, 5.126603012389157499, -11.68542580722579238 ) ) ;
#3507 = CARTESIAN_POINT ( 'NONE',  ( -18.36815764293342212, 48.19371827468916791, -1.761776396859210170 ) ) ;
#3508 = CARTESIAN_POINT ( 'NONE',  ( -7.189209593698521417, 61.85443256040345261, 12.00207908097901921 ) ) ;
#3509 = CARTESIAN_POINT ( 'NONE',  ( -14.22273573637858668, 10.21588872667487280, -1.909045523515404463 ) ) ;
#3510 = CARTESIAN_POINT ( 'NONE',  ( -4.449813364350533540, 16.58657541754631382, 13.64296925676377015 ) ) ;
#3511 = CARTESIAN_POINT ( 'NONE',  ( -6.093016998895129710, 57.59766064353917159, 17.41478255588030777 ) ) ;
#3512 = CARTESIAN_POINT ( 'NONE',  ( 15.07165777450069477, 43.64014684611773731, -9.822346768312613108 ) ) ;
#3513 = CARTESIAN_POINT ( 'NONE',  ( 14.25691194780132953, 2.954803500682018580, 1.605723257734045006 ) ) ;
#3514 = CARTESIAN_POINT ( 'NONE',  ( 2.066372343659836464, 42.06194635782487268, 18.33383792212573837 ) ) ;
#3515 = CARTESIAN_POINT ( 'NONE',  ( 15.38831104825393048, 20.66231729810344575, -9.318395970067859579 ) ) ;
#3516 = CARTESIAN_POINT ( 'NONE',  ( 7.189209593698524081, 50.60443256040345261, -12.00207908097901921 ) ) ;
#3517 = CARTESIAN_POINT ( 'NONE',  ( 17.41435922388530244, 39.91908921496771967, -6.094226812229655899 ) ) ;
#3518 = CARTESIAN_POINT ( 'NONE',  ( -11.84308761446418679, 35.90123207211058798, 7.442243063128862524 ) ) ;
#3519 = CARTESIAN_POINT ( 'NONE',  ( -15.38831104825392870, 1.912317298103443974, 9.318395970067859579 ) ) ;
#3520 = CARTESIAN_POINT ( 'NONE',  ( -17.41435922388530244, 6.169089214967734769, 6.094226812229657675 ) ) ;
#3521 = CARTESIAN_POINT ( 'NONE',  ( 12.82977122143616633, 20.87228970326059496, -13.26235430358396883 ) ) ;
#3522 = CARTESIAN_POINT ( 'NONE',  ( -13.93264083057369085, 2.448031583817730006, 1.270988827084797990 ) ) ;
#3523 = CARTESIAN_POINT ( 'NONE',  ( -15.78473206644855864, 41.22943256040345972, -9.556950604592149290 ) ) ;
#3524 = CARTESIAN_POINT ( 'NONE',  ( -6.093016998895131486, 20.09766064353916093, 17.41478255588030777 ) ) ;
#3525 = CARTESIAN_POINT ( 'NONE',  ( 9.680558549703299320, 14.76946015524629985, 10.10052866329826493 ) ) ;
#3526 = CARTESIAN_POINT ( 'NONE',  ( -12.14833660634136869, 37.24051778639630328, -7.632548929867056131 ) ) ;
#3527 = CARTESIAN_POINT ( 'NONE',  ( -9.928605823046511958, 17.12228970326059496, 10.36118890519427360 ) ) ;
#3528 = CARTESIAN_POINT ( 'NONE',  ( -12.71941253312912501, 60.00837492925344918, -12.71852892936481894 ) ) ;
#3529 = CARTESIAN_POINT ( 'NONE',  ( -12.92983939180873953, 41.49728970326059851, -12.50810207068520441 ) ) ;
#3530 = CARTESIAN_POINT ( 'NONE',  ( 1.565464423204449673, 8.579803500682018580, -13.89946139943004688 ) ) ;
#3531 = CARTESIAN_POINT ( 'NONE',  ( 6.093016998895132375, 46.34766064353917159, -17.41478255588030777 ) ) ;
#3532 = CARTESIAN_POINT ( 'NONE',  ( 2.309039670914132092, 19.59088872667487280, -17.84099089655435932 ) ) ;
#3533 = CARTESIAN_POINT ( 'NONE',  ( 10.10141226706252660, 52.74728970326059141, 9.679674945939028774 ) ) ;
#3534 = CARTESIAN_POINT ( 'NONE',  ( 17.87417032769799263, 40.18694635782487268, -2.014564074794543913 ) ) ;
#3535 = CARTESIAN_POINT ( 'NONE',  ( 7.441184992820901734, 46.61551778639630328, -11.84375244410240668 ) ) ;
#3536 = CARTESIAN_POINT ( 'NONE',  ( -1.763050077878471233, 11.82303158381773045, -18.36801413354849544 ) ) ;
#3537 = CARTESIAN_POINT ( 'NONE',  ( -16.97815759830483273, 6.972660643539161818, -5.940252341621187426 ) ) ;
#3538 = CARTESIAN_POINT ( 'NONE',  ( 15.78473206644855686, 29.97943256040345261, 9.556950604592154619 ) ) ;
#3539 = CARTESIAN_POINT ( 'NONE',  ( 5.026038205973743622, 27.35874586953201515, -13.44133946412361524 ) ) ;
#3540 = PRODUCT_RELATED_PRODUCT_CATEGORY ( 'detail', '', ( #146 ) ) ;
#3541 = CARTESIAN_POINT ( 'NONE',  ( -2.369694609441194366, 42.30086113183202201, -18.29966171070299197 ) ) ;
#3542 = CARTESIAN_POINT ( 'NONE',  ( -9.816491301159265603, 7.776232072110590643, -15.62165183812783020 ) ) ;
#3543 = CARTESIAN_POINT ( 'NONE',  ( 11.98593830499179269, 22.00160301238916105, 7.891004345876712733 ) ) ;
#3544 = CARTESIAN_POINT ( 'NONE',  ( 14.25691194780133131, 32.95480350068201147, 1.605723257734044784 ) ) ;
#3545 = CARTESIAN_POINT ( 'NONE',  ( 13.44091613212862768, 6.408003988974880549, -5.027248019308205862 ) ) ;
#3546 = CARTESIAN_POINT ( 'NONE',  ( -11.30519897075601854, 60.00837492925344918, -11.30431536699173378 ) ) ;
#3547 = CARTESIAN_POINT ( 'NONE',  ( -1.717604984321164041, 46.31871827468916791, 17.90762958145168682 ) ) ;
#3548 = CARTESIAN_POINT ( 'NONE',  ( -6.093016998895131486, 57.59766064353917869, 17.41478255588030777 ) ) ;
#3549 = CARTESIAN_POINT ( 'NONE',  ( -15.38831104825392870, 16.91231729810344220, 9.318395970067859579 ) ) ;
#3550 = CARTESIAN_POINT ( 'NONE',  ( 14.29108815922407594, 59.44371827468916791, 1.302400991952682663 ) ) ;
#3551 = CARTESIAN_POINT ( 'NONE',  ( 16.97815759830482918, 48.22266064353915738, 5.940252341621189203 ) ) ;
#3552 = CARTESIAN_POINT ( 'NONE',  ( -13.89932148812502000, 36.43694635782487268, 1.566706170381279684 ) ) ;
#3553 = CARTESIAN_POINT ( 'NONE',  ( 17.51517412020538700, 20.93017444096059521, -5.806114391418052634 ) ) ;
#3554 = CARTESIAN_POINT ( 'NONE',  ( -9.816491301159269156, 15.27623207211059153, -15.62165183812783198 ) ) ;
#3555 = CARTESIAN_POINT ( 'NONE',  ( -13.64254592476879147, 17.18017444096058455, 4.451023177685001997 ) ) ;
#3556 = CARTESIAN_POINT ( 'NONE',  ( 15.07165777450069477, 43.64014684611773731, -9.822346768312613108 ) ) ;
#3557 = CARTESIAN_POINT ( 'NONE',  ( 12.71941253312912679, 18.75837492925344563, 12.71852892936481716 ) ) ;
#3558 = CARTESIAN_POINT ( 'NONE',  ( 7.441184992820901734, 39.11551778639630328, -11.84375244410240668 ) ) ;
#3559 = CARTESIAN_POINT ( 'NONE',  ( 7.189209593698524081, 20.60443256040345261, -12.00207908097901921 ) ) ;
#3560 = CARTESIAN_POINT ( 'NONE',  ( 18.33398143151067217, 55.45480350068201858, 2.065098662640570293 ) ) ;
#3561 = CARTESIAN_POINT ( 'NONE',  ( 15.78473206644855686, 52.47943256040345972, 9.556950604592154619 ) ) ;
#3562 = CARTESIAN_POINT ( 'NONE',  ( -6.381129419706733863, 23.60874586953202581, 17.31396765956023387 ) ) ;
#3563 = CARTESIAN_POINT ( 'NONE',  ( -4.620315574588849117, 8.044089214967733881, -13.20221155889332287 ) ) ;
#3564 = CARTESIAN_POINT ( 'NONE',  ( 5.804904578083527333, 5.336575417546307598, -17.51559745220038522 ) ) ;
#3565 = CARTESIAN_POINT ( 'NONE',  ( -13.89932148812502000, 58.93694635782487978, 1.566706170381279684 ) ) ;
#3566 = CARTESIAN_POINT ( 'NONE',  ( 5.660542981514042893, 15.30517444096058988, 17.07603213651294638 ) ) ;
#3567 = CARTESIAN_POINT ( 'NONE',  ( 15.22998441137731085, 17.15123207211059153, -9.570371369190235455 ) ) ;
#3568 = CARTESIAN_POINT ( 'NONE',  ( -12.00141425134080286, 16.91231729810344220, 7.190267664006487536 ) ) ;
#3569 = CARTESIAN_POINT ( 'NONE',  ( -11.68476097758756893, 17.39014684611773731, 7.694218462251239288 ) ) ;
#3570 = CARTESIAN_POINT ( 'NONE',  ( 13.20262427707134556, 3.222660643539161818, 4.619136093800549681 ) ) ;
#3571 = CARTESIAN_POINT ( 'NONE',  ( -5.804904578083523781, 54.08657541754632092, 17.51559745220038522 ) ) ;
#3572 = CARTESIAN_POINT ( 'NONE',  ( 15.22998441137731085, 17.15123207211059153, -9.570371369190235455 ) ) ;
#3573 = CARTESIAN_POINT ( 'NONE',  ( 11.84308761446418856, 32.15123207211058798, -7.442243063128862524 ) ) ;
#3574 = APPLICATION_CONTEXT ( 'configuration controlled 3d designs of mechanical parts and assemblies' ) ;
#3575 = CARTESIAN_POINT ( 'NONE',  ( 7.189209593698524081, 28.10443256040345261, -12.00207908097901921 ) ) ;
#3576 = CARTESIAN_POINT ( 'NONE',  ( 9.816491301159272709, 11.52623207211058975, 15.62165183812783198 ) ) ;
#3577 = CARTESIAN_POINT ( 'NONE',  ( -17.31354432756522499, 55.15800398897488321, 6.382339233041261828 ) ) ;
#3578 = CARTESIAN_POINT ( 'NONE',  ( -9.558035885149614330, 18.78731729810344575, -15.78405013947740798 ) ) ;
#3579 = CARTESIAN_POINT ( 'NONE',  ( 4.449813364350533540, 57.83657541754629960, -13.64296925676377015 ) ) ;
#3580 = CARTESIAN_POINT ( 'NONE',  ( -18.33398143151067217, 59.20480350068203279, -2.065098662640568961 ) ) ;
#3581 = CARTESIAN_POINT ( 'NONE',  ( 4.620315574588850005, 56.79408921496772678, 13.20221155889332287 ) ) ;
#3582 = CARTESIAN_POINT ( 'NONE',  ( 15.38831104825393048, 28.16231729810344930, -9.318395970067859579 ) ) ;
#3583 = CARTESIAN_POINT ( 'NONE',  ( 17.87417032769799263, 32.68694635782487268, -2.014564074794543913 ) ) ;
#3584 = CARTESIAN_POINT ( 'NONE',  ( -15.22998441137730907, 5.901232072110590643, 9.570371369190237232 ) ) ;
#3585 = CARTESIAN_POINT ( 'NONE',  ( -7.375178794414805061, 18.78731729810344575, -12.31005298071982068 ) ) ;
#3586 = CARTESIAN_POINT ( 'NONE',  ( 1.910319204534604243, 16.05086113183202556, 14.22259222699365289 ) ) ;
#3587 = CARTESIAN_POINT ( 'NONE',  ( 15.22998441137731085, 2.151232072110589311, -9.570371369190235455 ) ) ;
#3588 = CARTESIAN_POINT ( 'NONE',  ( 12.14833660634136869, 3.490517786396305056, 7.632548929867059684 ) ) ;
#3589 = CARTESIAN_POINT ( 'NONE',  ( -6.222320663305054289, 57.03300398897488321, -16.87945762374062042 ) ) ;
#3590 = CARTESIAN_POINT ( 'NONE',  ( 13.89932148812502177, 32.68694635782487268, -1.566706170381278795 ) ) ;
#3591 = CARTESIAN_POINT ( 'NONE',  ( 9.569313298882223151, 9.115517786396303279, -15.23064924101556095 ) ) ;
#3592 = CARTESIAN_POINT ( 'NONE',  ( 7.633634210424460775, 56.52623207211058798, 12.14765467937024468 ) ) ;
#3593 = CARTESIAN_POINT ( 'NONE',  ( 2.066372343659836464, 57.06194635782487978, 18.33383792212573837 ) ) ;
#3594 = CARTESIAN_POINT ( 'NONE',  ( 13.44091613212862768, 21.40800398897487966, -5.027248019308205862 ) ) ;
#3595 = CARTESIAN_POINT ( 'NONE',  ( -9.816491301159269156, 7.776232072110592419, -15.62165183812783198 ) ) ;
#3596 = CARTESIAN_POINT ( 'NONE',  ( 10.07494671716892043, 53.01514684611774442, 15.45925353677825420 ) ) ;
#3597 = APPROVAL_STATUS ( 'not_yet_approved' ) ;
#3598 = CARTESIAN_POINT ( 'NONE',  ( -17.90748967014665993, 39.94803158381773045, 1.718846731498061331 ) ) ;
#3599 = CARTESIAN_POINT ( 'NONE',  ( -7.633634210424459887, 7.776232072110592419, -12.14765467937024646 ) ) ;
#3600 = CARTESIAN_POINT ( 'NONE',  ( 9.816491301159269156, 26.52623207211059508, 15.62165183812783020 ) ) ;
#3601 = CARTESIAN_POINT ( 'NONE',  ( -15.07165777450069477, 9.890146846117739088, 9.822346768312614884 ) ) ;
#3602 = CARTESIAN_POINT ( 'NONE',  ( 11.84308761446418856, 54.65123207211058798, -7.442243063128862524 ) ) ;
#3603 = APPROVAL_PERSON_ORGANIZATION ( #3644, #1799, #1656 ) ;
#3604 = CARTESIAN_POINT ( 'NONE',  ( 9.821288698004604356, 27.62660301238916460, -15.07232260413894842 ) ) ;
#3605 = CARTESIAN_POINT ( 'NONE',  ( 16.97815759830482918, 25.72266064353916448, 5.940252341621189203 ) ) ;
#3606 = CARTESIAN_POINT ( 'NONE',  ( -13.04560959886931926, 13.13337492925345273, 13.04651592615081768 ) ) ;
#3607 = CARTESIAN_POINT ( 'NONE',  ( -1.861181766500929369, 23.34088872667487635, 13.86614205698138669 ) ) ;
#3608 = CARTESIAN_POINT ( 'NONE',  ( -11.98593830499178914, 18.25160301238915750, -7.891004345876712733 ) ) ;
#3609 = CARTESIAN_POINT ( 'NONE',  ( -7.892089626434113825, 19.26514684611773376, -11.98525637802066512 ) ) ;
#3610 = CARTESIAN_POINT ( 'NONE',  ( 16.97815759830482918, 10.72266064353916093, 5.940252341621189203 ) ) ;
#3611 = CARTESIAN_POINT ( 'NONE',  ( -14.25691194780133308, 6.704803500682018580, -1.605723257734043008 ) ) ;
#3612 = CARTESIAN_POINT ( 'NONE',  ( 15.07165777450069477, 51.14014684611774442, -9.822346768312613108 ) ) ;
#3613 = CARTESIAN_POINT ( 'NONE',  ( -12.14833660634136514, 29.74051778639630683, -7.632548929867055243 ) ) ;
#3614 = CARTESIAN_POINT ( 'NONE',  ( -18.33398143151067217, 6.704803500682018580, -2.065098662640568961 ) ) ;
#3615 = CARTESIAN_POINT ( 'NONE',  ( -10.14444420047966489, 50.63337492925344208, 10.14535052776112423 ) ) ;
#3616 = CARTESIAN_POINT ( 'NONE',  ( 1.606996938753243231, 12.06194635782487801, 14.25676843841640462 ) ) ;
#3617 = CARTESIAN_POINT ( 'NONE',  ( -7.189209593698521417, 24.35443256040345261, 12.00207908097901921 ) ) ;
#3618 = CARTESIAN_POINT ( 'NONE',  ( -7.693160391943281162, 53.87660301238915395, 11.68542580722579594 ) ) ;
#3619 = CARTESIAN_POINT ( 'NONE',  ( -5.941431822409547259, 8.044089214967733881, -16.97774488012678518 ) ) ;
#3620 = CARTESIAN_POINT ( 'NONE',  ( -10.07494671716892043, 56.76514684611773731, -15.45925353677825420 ) ) ;
#3621 = APPROVAL_ROLE ( '' ) ;
#3622 = CARTESIAN_POINT ( 'NONE',  ( 9.821288698004604356, 27.62660301238916460, -15.07232260413894842 ) ) ;
#3623 = CARTESIAN_POINT ( 'NONE',  ( 10.14444420047966666, 9.383374929253447405, -10.14535052776112423 ) ) ;
#3624 = CARTESIAN_POINT ( 'NONE',  ( -15.22998441137730907, 20.90123207211059153, 9.570371369190237232 ) ) ;
#3625 = CARTESIAN_POINT ( 'NONE',  ( -10.07494671716892043, 11.76514684611773731, -15.45925353677825420 ) ) ;
#3626 = CARTESIAN_POINT ( 'NONE',  ( -6.381129419706733863, 16.10874586953201515, 17.31396765956023387 ) ) ;
#3627 = CARTESIAN_POINT ( 'NONE',  ( -6.093016998895131486, 20.09766064353916093, 17.41478255588030777 ) ) ;
#3628 = CARTESIAN_POINT ( 'NONE',  ( 12.71941253312912679, 18.75837492925344563, 12.71852892936481716 ) ) ;
#3629 = CARTESIAN_POINT ( 'NONE',  ( -13.93264083057369085, 39.94803158381773045, 1.270988827084797990 ) ) ;
#3630 = CARTESIAN_POINT ( 'NONE',  ( -13.64254592476879147, 17.18017444096058455, 4.451023177685001997 ) ) ;
#3631 = CARTESIAN_POINT ( 'NONE',  ( 15.62233376509898974, 40.99051778639629617, 9.815406020601812997 ) ) ;
#3632 = CARTESIAN_POINT ( 'NONE',  ( -13.86600214567635270, 10.42586113183202201, 1.862423513677762710 ) ) ;
#3633 = CARTESIAN_POINT ( 'NONE',  ( 18.33398143151067217, 10.45480350068201858, 2.065098662640570737 ) ) ;
#3634 = CARTESIAN_POINT ( 'NONE',  ( -13.20262427707134734, 6.972660643539161818, -4.619136093800548792 ) ) ;
#3635 = CARTESIAN_POINT ( 'NONE',  ( 15.07165777450069477, 58.64014684611773731, -9.822346768312613108 ) ) ;
#3636 = CARTESIAN_POINT ( 'NONE',  ( 1.565464423204449673, 38.57980350068201858, -13.89946139943004688 ) ) ;
#3637 = CARTESIAN_POINT ( 'NONE',  ( 15.38831104825393048, 50.66231729810344575, -9.318395970067859579 ) ) ;
#3638 = CARTESIAN_POINT ( 'NONE',  ( -4.737925785162139469, 50.09766064353916448, 13.54215436044369092 ) ) ;
#3639 = CARTESIAN_POINT ( 'NONE',  ( 14.25691194780132953, 25.45480350068202213, 1.605723257734045006 ) ) ;
#3640 = CARTESIAN_POINT ( 'NONE',  ( -12.31073490769093581, 33.72943256040345261, -7.374093513857398641 ) ) ;
#3641 = CARTESIAN_POINT ( 'NONE',  ( -4.339426733693341198, 41.55517444096059165, -13.30049881527948585 ) ) ;
#3642 = CARTESIAN_POINT ( 'NONE',  ( 18.33398143151067217, 10.45480350068201858, 2.065098662640570737 ) ) ;
#3643 = CARTESIAN_POINT ( 'NONE',  ( -1.717604984321164041, 61.31871827468917502, 17.90762958145168682 ) ) ;
#3644 = PERSON_AND_ORGANIZATION ( #2938, #3299 ) ;
#3645 = CARTESIAN_POINT ( 'NONE',  ( 13.26144797630247041, 27.89446015524630340, -12.83067754871767185 ) ) ;
#3646 = CARTESIAN_POINT ( 'NONE',  ( -9.569313298882221375, 5.365517786396304167, 15.23064924101556450 ) ) ;
#3647 = CARTESIAN_POINT ( 'NONE',  ( -1.565464423204447009, 19.82980350068201858, 13.89946139943004866 ) ) ;
#3648 = CARTESIAN_POINT ( 'NONE',  ( -9.816491301159265603, 30.27623207211059153, -15.62165183812783020 ) ) ;
#3649 = CARTESIAN_POINT ( 'NONE',  ( 17.31354432756522499, 6.408003988974880549, -6.382339233041259163 ) ) ;
#3650 = CARTESIAN_POINT ( 'NONE',  ( 16.87987034191867508, 36.73374586953200804, 6.221141182516698009 ) ) ;
#3651 = ORIENTED_EDGE ( 'NONE', *, *, #2727, .T. ) ;
#3652 = CARTESIAN_POINT ( 'NONE',  ( 5.941431822409549035, 34.29408921496773388, 16.97774488012678518 ) ) ;
#3653 = CARTESIAN_POINT ( 'NONE',  ( 17.87417032769799263, 17.68694635782487623, -2.014564074794543913 ) ) ;
#3654 = CARTESIAN_POINT ( 'NONE',  ( 1.303674672971881554, 45.57303158381773045, 14.29094464983915458 ) ) ;
#3655 = CARTESIAN_POINT ( 'NONE',  ( 14.22273573637858668, 28.96588872667486925, 1.909045523515405351 ) ) ;
#3656 = CARTESIAN_POINT ( 'NONE',  ( 17.41435922388530244, 32.41908921496772678, -6.094226812229655899 ) ) ;
#3657 = CARTESIAN_POINT ( 'NONE',  ( -1.910319204534601800, 12.30086113183202379, -14.22259222699365289 ) ) ;
#3658 = CARTESIAN_POINT ( 'NONE',  ( 13.04560959886932103, 1.883374929253446961, -13.04651592615081412 ) ) ;
#3659 = CARTESIAN_POINT ( 'NONE',  ( -9.890985408382910293, 15.00837492925344741, -9.890101804618650405 ) ) ;
#3660 = CARTESIAN_POINT ( 'NONE',  ( 12.71941253312912679, 48.75837492925344208, 12.71852892936481716 ) ) ;
#3661 = CARTESIAN_POINT ( 'NONE',  ( 9.890985408382912070, 41.25837492925344208, 9.890101804618648629 ) ) ;
#3662 = CARTESIAN_POINT ( 'NONE',  ( -5.660542981514041116, 49.05517444096060586, -17.07603213651294638 ) ) ;
#3663 = CARTESIAN_POINT ( 'NONE',  ( 1.606996938753243453, 49.56194635782487268, 14.25676843841640640 ) ) ;
#3664 = CARTESIAN_POINT ( 'NONE',  ( -7.441184992820900845, 20.36551778639630683, 11.84375244410240846 ) ) ;
#3665 = CARTESIAN_POINT ( 'NONE',  ( 5.941431822409549035, 19.29408921496773388, 16.97774488012678518 ) ) ;
#3666 = CARTESIAN_POINT ( 'NONE',  ( 14.29108815922407594, 29.44371827468916436, 1.302400991952682663 ) ) ;
#3667 = CARTESIAN_POINT ( 'NONE',  ( 13.10433702068518791, 51.73374586953202225, 4.900024934696060264 ) ) ;
#3668 = CARTESIAN_POINT ( 'NONE',  ( -18.29980522008792931, 32.71588872667487635, -2.368420928421930860 ) ) ;
#3669 = CARTESIAN_POINT ( 'NONE',  ( -7.633634210424459887, 15.27623207211059153, -12.14765467937024646 ) ) ;
#3670 = CARTESIAN_POINT ( 'NONE',  ( -9.569313298882221375, 27.86551778639630683, 15.23064924101556450 ) ) ;
#3671 = CARTESIAN_POINT ( 'NONE',  ( 9.317337899759843722, 20.60443256040345261, -15.38897587789217347 ) ) ;
#3672 = CARTESIAN_POINT ( 'NONE',  ( 18.29980522008792931, 36.46588872667487635, 2.368420928421932636 ) ) ;
#3673 = CARTESIAN_POINT ( 'NONE',  ( 18.33398143151067217, 2.954803500682018136, 2.065098662640570293 ) ) ;
#3674 = CARTESIAN_POINT ( 'NONE',  ( -6.093016998895131486, 50.09766064353916448, 17.41478255588030777 ) ) ;
#3675 = CARTESIAN_POINT ( 'NONE',  ( 18.33398143151067217, 32.95480350068201147, 2.065098662640570737 ) ) ;
#3676 = CARTESIAN_POINT ( 'NONE',  ( -7.375178794414805061, 41.28731729810345996, -12.31005298071982068 ) ) ;
#3677 = CARTESIAN_POINT ( 'NONE',  ( 4.339426733693342975, 37.80517444096058455, 13.30049881527948408 ) ) ;
#3678 = CARTESIAN_POINT ( 'NONE',  ( 17.41435922388530244, 39.91908921496771967, -6.094226812229655899 ) ) ;
#3679 = CARTESIAN_POINT ( 'NONE',  ( -12.31073490769093581, 26.22943256040344906, -7.374093513857398641 ) ) ;
#3680 = CARTESIAN_POINT ( 'NONE',  ( 2.066372343659836464, 4.561946357824875342, 18.33383792212573837 ) ) ;
#3681 = CARTESIAN_POINT ( 'NONE',  ( 9.890985408382912070, 33.75837492925344918, 9.890101804618648629 ) ) ;
#3682 = CARTESIAN_POINT ( 'NONE',  ( -18.33398143151067217, 36.70480350068201858, -2.065098662640568961 ) ) ;
#3683 = CARTESIAN_POINT ( 'NONE',  ( -4.620315574588849117, 30.54408921496773388, -13.20221155889332287 ) ) ;
#3684 = CARTESIAN_POINT ( 'NONE',  ( 17.07644485469099038, 7.211575417546307598, 5.659363500725681284 ) ) ;
#3685 = CARTESIAN_POINT ( 'NONE',  ( 12.50898567444951581, 52.26946015524631406, 12.92895578804443524 ) ) ;
#3686 = CARTESIAN_POINT ( 'NONE',  ( -9.890985408382910293, 52.50837492925344918, -9.890101804618650405 ) ) ;
#3687 = CARTESIAN_POINT ( 'NONE',  ( -7.633634210424458999, 22.77623207211059153, -12.14765467937024290 ) ) ;
#3688 = CARTESIAN_POINT ( 'NONE',  ( -15.22998441137730907, 28.40123207211059153, 9.570371369190237232 ) ) ;
#3689 = CARTESIAN_POINT ( 'NONE',  ( -9.928605823046511958, 39.62228970326060562, 10.36118890519427360 ) ) ;
#3690 = CARTESIAN_POINT ( 'NONE',  ( -10.36028257791282137, 46.64446015524629985, 9.929512150327971298 ) ) ;
#3691 = CARTESIAN_POINT ( 'NONE',  ( 16.87987034191867508, 36.73374586953200804, 6.221141182516698009 ) ) ;
#3692 = CARTESIAN_POINT ( 'NONE',  ( 7.441184992820901734, 16.61551778639630683, -11.84375244410240668 ) ) ;
#3693 = CARTESIAN_POINT ( 'NONE',  ( 12.92983939180874131, 30.24728970326059851, 12.50810207068520441 ) ) ;
#3694 = CARTESIAN_POINT ( 'NONE',  ( -2.309039670914129427, 38.34088872667487635, 17.84099089655435932 ) ) ;
#3695 = CARTESIAN_POINT ( 'NONE',  ( 15.22998441137731085, 2.151232072110589311, -9.570371369190235455 ) ) ;
#3696 = CARTESIAN_POINT ( 'NONE',  ( -15.62233376509898974, 52.24051778639630328, -9.815406020601807668 ) ) ;
#3697 = CARTESIAN_POINT ( 'NONE',  ( -5.941431822409547259, 30.54408921496773388, -16.97774488012678518 ) ) ;
#3698 = CARTESIAN_POINT ( 'NONE',  ( -1.303674672971879112, 49.32303158381773756, -14.29094464983915458 ) ) ;
#3699 = CARTESIAN_POINT ( 'NONE',  ( -1.861181766500929369, 38.34088872667487635, 13.86614205698138669 ) ) ;
#3700 = CARTESIAN_POINT ( 'NONE',  ( 2.013322327617649510, 46.07980350068201858, -17.87431023900302307 ) ) ;
#3701 = CARTESIAN_POINT ( 'NONE',  ( 7.189209593698524081, 28.10443256040345261, -12.00207908097901921 ) ) ;
#3702 = CARTESIAN_POINT ( 'NONE',  ( -17.87417032769798908, 21.43694635782487623, 2.014564074794545689 ) ) ;
#3703 = CARTESIAN_POINT ( 'NONE',  ( 4.620315574588850005, 19.29408921496773388, 13.20221155889332287 ) ) ;
#3704 = CARTESIAN_POINT ( 'NONE',  ( 2.066372343659835575, 42.06194635782487978, 18.33383792212573837 ) ) ;
#3705 = CARTESIAN_POINT ( 'NONE',  ( 7.441184992820901734, 54.11551778639630328, -11.84375244410240668 ) ) ;
#3706 = CARTESIAN_POINT ( 'NONE',  ( -18.36815764293342212, 18.19371827468916081, -1.761776396859210170 ) ) ;
#3707 = CARTESIAN_POINT ( 'NONE',  ( -18.29980522008792931, 47.71588872667486925, -2.368420928421930860 ) ) ;
#3708 = CARTESIAN_POINT ( 'NONE',  ( 13.20262427707134556, 18.22266064353916093, 4.619136093800549681 ) ) ;
#3709 = CARTESIAN_POINT ( 'NONE',  ( -6.093016998895131486, 20.09766064353916093, 17.41478255588030777 ) ) ;
#3710 = CARTESIAN_POINT ( 'NONE',  ( -11.68476097758756893, 54.89014684611773731, 7.694218462251239288 ) ) ;
#3711 = CARTESIAN_POINT ( 'NONE',  ( 14.22273573637858668, 43.96588872667487635, 1.909045523515405351 ) ) ;
#3712 = CALENDAR_DATE ( 2026, 22, 8 ) ;
#3713 = CARTESIAN_POINT ( 'NONE',  ( 13.26144797630247041, 42.89446015524630695, -12.83067754871767185 ) ) ;
#3714 = CARTESIAN_POINT ( 'NONE',  ( -11.84308761446418679, 20.90123207211059153, 7.442243063128862524 ) ) ;
#3715 = CARTESIAN_POINT ( 'NONE',  ( -15.07165777450069477, 24.89014684611773731, 9.822346768312614884 ) ) ;
#3716 = CARTESIAN_POINT ( 'NONE',  ( 6.381129419706736527, 42.35874586953202225, -17.31396765956023387 ) ) ;
#3717 = CARTESIAN_POINT ( 'NONE',  ( 2.066372343659836464, 42.06194635782487268, 18.33383792212573837 ) ) ;
#3718 = CARTESIAN_POINT ( 'NONE',  ( -15.22998441137730907, 35.90123207211058798, 9.570371369190237232 ) ) ;
#3719 = CARTESIAN_POINT ( 'NONE',  ( 10.36028257791282137, 35.39446015524630695, -9.929512150327971298 ) ) ;
#3720 = CARTESIAN_POINT ( 'NONE',  ( -12.71941253312912501, 45.00837492925344918, -12.71852892936481894 ) ) ;
#3721 = CARTESIAN_POINT ( 'NONE',  ( -9.928605823046511958, 24.62228970326059141, 10.36118890519427360 ) ) ;
#3722 = CARTESIAN_POINT ( 'NONE',  ( -12.71941253312912501, 22.50837492925344918, -12.71852892936481894 ) ) ;
#3723 = CARTESIAN_POINT ( 'NONE',  ( -13.89932148812502000, 21.43694635782487623, 1.566706170381279684 ) ) ;
#3724 =( BOUNDED_SURFACE ( )  B_SPLINE_SURFACE ( 3, 2, ( 
 ( #300, #1171, #3488, #513, #1405, #2523, #466, #3658, #3587, #2451, #1008, #203, #3285, #488, #2791, #402, #1314, #3680, #2721, #3350, #1055, #2167, #2744, #682, #3090, #1557, #135, #113, #1646, #1031, #2429, #443, #2476, #1600, #983, #769, #1578, #2767, #3326, #3633, #3610, #2190, #1269, #158, #2146, #721, #2500, #745, #1624, #2215, #1884, #1077, #3373, #3305, #1931, #3044, #701, #1907, #182, #1337, #3067, #1862, #2812, #1842, #1358, #3004, #3023, #421, #1291, #1437, #3136, #3395, #2618, #3437, #2548, #1689, #3113, #792, #1740, #2010, #3702, #1119, #2278, #1953, #3722, #3758, #2025, #1452, #3172, #2603, #1099, #1402, #832, #1725, #2586, #1993, #510, #1974, #3155, #3741, #2834, #552, #3470, #2855, #1136, #1153, #2904, #2568, #533, #3187, #583, #297, #281, #2296, #3455, #247, #2238, #2259, #866, #2873, #1668, #1709, #3418, #2311, #227, #12, #850, #1381, #265, #1421, #568, #2889, #814, #2953, #366, #631, #1789, #350, #332, #2074, #2700, #1184, #1806, #1168, #1217, #2969, #3501, #598, #63, #3517, #3534, #1755, #2919, #2360, #2343, #2983, #2107, #1233, #3485, #1485, #29, #913, #897, #2326, #2652, #1521, #2090, #2670, #2393, #661, #1504, #2377, #929, #3248, #2040, #647, #3232, #2686, #3216, #79, #3551, #945, #45, #3264, #1200, #1821, #881, #381, #1536, #3201, #315, #2058, #2935, #1469, #2635, #614, #1772, #3036, #3341, #414, #480, #396, #2423, #1023, #693, #1328, #760, #2782, #127, #1898, #1592, #1637, #2182, #150, #2467, #1855, #2759, #3297, #999, #2122, #3058, #3580, #3279, #714, #959 ),
 ( #1283, #1836, #676, #3016, #1571, #3564, #92, #736, #3364, #3649, #107, #2736, #1247, #2491, #1876, #458, #1046, #2408, #1305, #1922, #2443, #2160, #3601, #2206, #3319, #2997, #1551, #435, #2715, #3625, #1615, #3081, #173, #1263, #976, #2139, #2825, #1430, #3430, #1350, #239, #217, #843, #2514, #576, #2866, #2003, #1966, #1986, #258, #1394, #2560, #825, #3165, #2271, #3148, #544, #3127, #3463, #2803, #3751, #2288, #3671, #1702, #3180, #2229, #1414, #561, #1681, #2251, #194, #2596, #1068, #3408, #3387, #1146, #2579, #1944, #3715, #3734, #1112, #3104, #274, #1090, #1129, #2847, #3448, #524, #1718, #784, #2882, #501, #2304, #859, #2018, #1660, #1372, #2539, #3693, #805, #590, #643, #2052, #1748, #327, #57, #1212, #3211, #5, #609, #941, #1802, #2665, #1161, #3478, #2897, #925, #2628, #290, #2103, #2930, #2033, #1179, #2611, #1445, #1229, #1499, #3195, #1767, #1480, #2319, #2646, #3244, #1516, #3260, #2372, #2086, #2912, #892, #40, #3529, #2069, #1195, #874, #1462, #2354, #3227, #308, #3512, #2965, #2338, #626, #362, #2389, #908, #23, #2682, #75, #3547, #1733, #1784, #2948, #3496, #345, #1609, #145, #1532, #2438, #1041, #89, #710, #2177, #3293, #103, #658, #453, #2696, #1259, #1243, #2777, #2155, #3561, #1567, #3596, #2731, #955, #1893, #2711, #122, #690, #993, #3577, #3314, #2404, #1278, #2118, #1851, #3620, #1871, #1588, #3336, #2135, #2202, #731, #3275, #3053, #972, #672, #3012, #2754, #1301, #411, #1832, #3032, #3643, #168, #2462, #2994, #392, #1817, #1018, #1547, #2980, #377, #430 ),
 ( #1324, #2486, #2419, #1917, #476, #1633, #3360, #755, #3077, #1826, #1556, #3022, #386, #157, #1841, #1541, #2743, #2988, #420, #2428, #1577, #1252, #2766, #465, #3632, #2145, #97, #2705, #112, #2720, #2413, #3657, #1599, #1623, #1906, #2127, #1268, #2112, #744, #134, #1313, #3066, #2499, #2166, #2790, #3586, #1290, #982, #181, #3304, #3569, #964, #700, #3284, #2450, #3325, #1336, #3609, #3269, #1007, #681, #720, #1883, #3043, #3003, #3349, #401, #442, #1861, #2475, #1030, #2189, #666, #532, #487, #1098, #264, #3721, #1992, #2585, #2547, #1436, #3740, #3679, #1135, #1380, #1076, #3417, #3154, #551, #3701, #3089, #2258, #280, #2295, #1708, #1645, #2811, #2214, #1420, #1952, #3372, #2602, #813, #1357, #509, #1930, #768, #567, #831, #2522, #1973, #3135, #202, #1688, #3454, #849, #1054, #1667, #2854, #246, #2833, #1401, #2872, #2567, #1118, #2237, #791, #2277, #3436, #3394, #2009, #3171, #226, #1724, #2888, #3112, #2918, #2039, #928, #2089, #3247, #1788, #1484, #44, #3200, #3757, #11, #2376, #613, #2310, #1183, #1167, #2952, #3469, #1520, #1199, #349, #314, #2934, #2359, #2342, #3500, #1771, #1503, #3215, #331, #2651, #1468, #646, #1152, #1805, #3231, #865, #3516, #365, #3186, #912, #2669, #2634, #597, #2024, #3533, #582, #1754, #1739, #2073, #28, #1216, #2968, #62, #896, #2903, #630, #296, #1451, #2057, #2617, #3484, #2325, #880, #3579, #944, #712, #2407, #2106, #3296, #3550, #975, #2996, #2138, #1820, #3317, #1021, #433, #2714, #660, #3263, #675, #2121, #2392, #456, #2158, #2180, #2465 ),
 ( #3056, #2734, #3339, #1835, #692, #3278, #734, #1550, #2982, #380, #106, #1535, #1854, #125, #1896, #3015, #413, #1262, #1570, #2685, #2699, #1874, #78, #1281, #3034, #1246, #91, #2441, #2422, #3599, #3563, #958, #997, #395, #1232, #3623, #2757, #1590, #148, #1303, #1370, #192, #2780, #3102, #1985, #2559, #3126, #2865, #1128, #1089, #804, #2250, #2846, #2489, #523, #215, #1965, #3669, #543, #1680, #257, #499, #3692, #1942, #1701, #1326, #1658, #1413, #2823, #3407, #2801, #3385, #238, #842, #3647, #2537, #1393, #1111, #3714, #2002, #1920, #1348, #2578, #3733, #171, #2270, #478, #3429, #2512, #1044, #824, #3147, #2287, #3447, #3164, #1613, #2204, #3362, #758, #3079, #1635, #1066, #2227, #782, #2662, #3272, #655, #2991, #3241, #2679, #922, #669, #273, #640, #389, #2083, #72, #1732, #2369, #1226, #3573, #2595, #1798, #3544, #86, #2962, #968, #858, #2896, #1529, #1209, #1829, #1255, #1544, #359, #2401, #2100, #2131, #2693, #3526, #1814, #289, #1429, #54, #1513, #3750, #3558, #1496, #1145, #2386, #2303, #938, #3257, #2977, #3462, #1240, #2708, #2115, #374, #2017, #3179, #952, #100, #560, #2416, #575, #1717, #2881, #3310, #1936, #163, #1846, #726, #706, #1342, #3008, #1083, #3356, #2505, #2457, #2481, #751, #1888, #3048, #1319, #3663, #2772, #3638, #1036, #3615, #208, #3289, #493, #2796, #407, #2197, #3686, #2726, #1913, #1060, #2172, #2749, #686, #3095, #1562, #140, #118, #1651, #3072, #2434, #1274, #3592, #2220, #426, #988, #2151, #447, #1867, #1296, #3028, #1583, #2817, #472, #1013, #3331 ),
 ( #1629, #1604, #187, #3378, #775, #1364, #2529, #3401, #2244, #516, #798, #1959, #3119, #886, #2316, #3206, #902, #1205, #871, #2, #2658, #50, #2365, #918, #3522, #3176, #3459, #1713, #1729, #337, #2331, #269, #2909, #2893, #3506, #1425, #3237, #1760, #2063, #2030, #2045, #2924, #302, #1457, #3490, #3221, #1173, #603, #320, #3192, #2079, #2877, #2590, #1189, #3745, #1474, #1141, #2300, #2640, #619, #587, #1158, #854, #1491, #2014, #3475, #572, #285, #34, #1442, #2623, #2348, #17, #2608, #2941, #1745, #1777, #3268, #3568, #3555, #3283, #68, #96, #1222, #665, #3585, #680, #1555, #2144, #2111, #1005, #3303, #3253, #699, #949, #651, #2987, #2719, #111, #1825, #2675, #385, #3607, #1860, #1267, #2382, #2126, #981, #132, #1540, #2690, #1576, #2741, #1288, #2164, #2448, #2095, #3539, #636, #1810, #3021, #1251, #2958, #2704, #2973, #2427, #355, #1794, #1840, #419, #2412, #963, #3001, #400, #1509, #934, #370, #1525, #83, #1237, #2397, #244, #3323, #528, #2830, #439, #1354, #3719, #2763, #3391, #1095, #2211, #2787, #718, #3132, #1596, #178, #154, #1685, #1073, #2472, #484, #2519, #1642, #3629, #810, #1620, #2808, #3369, #3676, #2496, #2234, #1310, #199, #1027, #765, #2544, #788, #506, #2255, #1051, #1116, #3414, #2186, #1970, #3654, #3346, #1927, #1664, #222, #3086, #741, #1949, #2565, #2851, #1377, #1903, #3063, #1880, #3698, #462, #3040, #1333, #3109, #1399, #1722, #3152, #829, #1770, #2037, #2583, #1150, #2308, #1990, #3755, #26, #2055, #1483, #2886, #294, #1449, #278, #3467, #1752, #2615 ),
 ( #9, #1434, #3214, #612, #2933, #2650, #330, #3738, #262, #2275, #2292, #895, #2901, #548, #863, #3452, #312, #1706, #43, #2323, #1466, #2600, #1165, #3482, #2022, #3184, #878, #2632, #1737, #3198, #594, #580, #3434, #2870, #1418, #2916, #1133, #1182, #847, #2007, #2341, #3499, #3169, #565, #1198, #974, #3230, #1804, #629, #2137, #2698, #348, #2105, #2981, #3262, #1502, #2421, #3246, #659, #77, #379, #364, #90, #1787, #1819, #2951, #1231, #394, #1245, #2120, #2713, #2684, #1569, #105, #61, #1261, #1519, #1215, #3549, #3277, #674, #2391, #2668, #943, #412, #3578, #1834, #2375, #3532, #2358, #1549, #2088, #3515, #2733, #1534, #927, #645, #2072, #911, #691, #957, #2967, #2406, #3562, #2995, #3295, #1853, #3014, #3125, #3338, #1918, #3078, #733, #1611, #3384, #477, #2488, #2440, #3622, #3645, #1634, #2179, #2249, #2800, #1895, #191, #3101, #3406, #3055, #455, #1347, #1043, #1325, #2511, #498, #3361, #757, #3668, #2779, #803, #124, #1088, #781, #995, #1065, #522, #3316, #2226, #1657, #170, #2203, #1280, #3691, #2157, #1941, #711, #1964, #2822, #3033, #214, #1369, #2536, #432, #1679, #3598, #1873, #1589, #2756, #147, #1302, #2464, #1020, #2844, #2558, #1110, #3713, #237, #1392, #492, #3159, #538, #1628, #1695, #3094, #2795, #1363, #1104, #2264, #1650, #1035, #2816, #1998, #2860, #3707, #2196, #750, #162, #1979, #3662, #1318, #556, #207, #3071, #2219, #3637, #2480, #2283, #2553, #471, #2528, #3685, #3355, #1082, #252, #2573, #2771, #3377, #797, #1958, #774, #2243, #3423, #3118, #3400, #1912 ),
 ( #515, #3141, #3442, #1935, #1059, #3728, #1124, #837, #186, #1341, #2504, #1674, #2839, #232, #1407, #1387, #819, #2384, #740, #1050, #717, #177, #3584, #2740, #1224, #52, #3322, #3020, #3039, #1207, #2367, #1859, #1796, #2495, #1619, #1902, #2943, #980, #3239, #418, #2960, #1779, #2143, #1026, #1595, #2163, #3062, #1332, #131, #3606, #1287, #1879, #1493, #438, #1575, #1004, #2677, #3345, #2762, #461, #3302, #2447, #697, #2786, #339, #153, #3653, #1309, #2471, #357, #3628, #2185, #2210, #2660, #621, #3524, #920, #2081, #638, #1511, #70, #547, #221, #846, #277, #2291, #3413, #1417, #1115, #3754, #1705, #2543, #3433, #3108, #3085, #2829, #527, #1641, #2582, #505, #2807, #243, #483, #1969, #1926, #261, #198, #3737, #1721, #1132, #809, #1353, #2518, #1376, #3697, #1398, #2006, #2850, #3451, #3168, #3390, #1094, #1149, #3675, #1663, #2254, #564, #3368, #828, #2885, #3131, #1684, #2564, #1433, #3718, #1072, #2233, #2274, #787, #1989, #3151, #2599, #2869, #764, #1948, #3213, #76, #2322, #2950, #2307, #2356, #347, #877, #3183, #329, #2683, #1736, #3514, #59, #1181, #1751, #3466, #2087, #579, #2915, #2900, #3245, #42, #1448, #611, #1482, #1769, #2614, #3531, #593, #2932, #2340, #2649, #1465, #1197, #293, #910, #8, #3498, #1501, #2071, #3229, #1214, #25, #862, #2374, #1164, #926, #2631, #3481, #894, #628, #1786, #2054, #2036, #2667, #1517, #644, #1803, #3197, #311, #2021, #2966, #363, #2390, #1610, #2420, #1533, #673, #2104, #3548, #732, #994, #2697, #104, #1260, #942, #2712, #2755, #1019 ) ),
 .UNSPECIFIED., .T., .F., .F. ) 
 B_SPLINE_SURFACE_WITH_KNOTS ( ( 4, 3, 4 ),
 ( 3, 2, 2, 2, 2, 2, 2, 2, 2, 2, 2, 2, 2, 2, 2, 2, 2, 2, 2, 2, 2, 2, 2, 2, 2, 2, 2, 2, 2, 2, 2, 2, 2, 2, 2, 2, 2, 2, 2, 2, 2, 2, 2, 2, 2, 2, 2, 2, 2, 2, 2, 2, 2, 2, 2, 2, 2, 2, 2, 2, 2, 2, 2, 2, 2, 2, 2, 2, 2, 2, 2, 2, 2, 2, 2, 2, 2, 2, 2, 2, 2, 2, 2, 2, 2, 2, 2, 2, 2, 2, 2, 2, 2, 2, 2, 2, 2, 2, 2, 2, 2, 2, 2, 2, 2, 2, 2, 2, 2, 2, 2, 2, 3 ),
 ( 0.000000000000000000, 0.5000000000000000000, 1.000000000000000000 ),
 ( 0.000000000000000000, 0.008928571428571428076, 0.01785714285714285615, 0.02678571428571428423, 0.03571428571428571230, 0.04464285714285714385, 0.05357142857142856845, 0.06250000000000000000, 0.07142857142857142461, 0.08035714285714286309, 0.08928571428571428770, 0.09821428571428571230, 0.1071428571428571369, 0.1160714285714285754, 0.1250000000000000000, 0.1339285714285714246, 0.1428571428571428492, 0.1517857142857142738, 0.1607142857142857262, 0.1696428571428571508, 0.1785714285714285754, 0.1875000000000000000, 0.1964285714285714246, 0.2053571428571428492, 0.2142857142857142738, 0.2232142857142857262, 0.2321428571428571508, 0.2410714285714285754, 0.2500000000000000000, 0.2589285714285714524, 0.2678571428571428492, 0.2767857142857143016, 0.2857142857142856984, 0.2946428571428571508, 0.3035714285714285476, 0.3125000000000000000, 0.3214285714285714524, 0.3303571428571428492, 0.3392857142857143016, 0.3482142857142856984, 0.3571428571428571508, 0.3660714285714285476, 0.3750000000000000000, 0.3839285714285714524, 0.3928571428571428492, 0.4017857142857143016, 0.4107142857142856984, 0.4196428571428571508, 0.4285714285714285476, 0.4375000000000000000, 0.4464285714285714524, 0.4553571428571428492, 0.4642857142857143016, 0.4732142857142856984, 0.4821428571428571508, 0.4910714285714285476, 0.5000000000000000000, 0.5089285714285713969, 0.5178571428571429047, 0.5267857142857143016, 0.5357142857142856984, 0.5446428571428570953, 0.5535714285714286031, 0.5625000000000000000, 0.5714285714285713969, 0.5803571428571429047, 0.5892857142857143016, 0.5982142857142856984, 0.6071428571428570953, 0.6160714285714286031, 0.6250000000000000000, 0.6339285714285713969, 0.6428571428571429047, 0.6517857142857143016, 0.6607142857142856984, 0.6696428571428570953, 0.6785714285714286031, 0.6875000000000000000, 0.6964285714285713969, 0.7053571428571429047, 0.7142857142857143016, 0.7232142857142856984, 0.7321428571428570953, 0.7410714285714286031, 0.7500000000000000000, 0.7589285714285713969, 0.7678571428571429047, 0.7767857142857143016, 0.7857142857142856984, 0.7946428571428570953, 0.8035714285714286031, 0.8125000000000000000, 0.8214285714285713969, 0.8303571428571429047, 0.8392857142857143016, 0.8482142857142856984, 0.8571428571428570953, 0.8660714285714286031, 0.8750000000000000000, 0.8839285714285713969, 0.8928571428571429047, 0.9017857142857143016, 0.9107142857142856984, 0.9196428571428570953, 0.9285714285714286031, 0.9375000000000000000, 0.9464285714285713969, 0.9553571428571429047, 0.9642857142857143016, 0.9732142857142856984, 0.9821428571428570953, 0.9910714285714286031, 1.000000000000000000 ),
 .UNSPECIFIED. ) 
 GEOMETRIC_REPRESENTATION_ITEM ( )  RATIONAL_B_SPLINE_SURFACE ( (
 ( 1.000000000000000000, 0.9749279121818236193, 1.000000000000000000, 0.9749279121818236193, 1.000000000000000000, 0.9749279121818236193, 1.000000000000000000, 0.9749279121818236193, 1.000000000000000000, 0.9749279121818236193, 1.000000000000000000, 0.9749279121818236193, 1.000000000000000000, 0.9749279121818236193, 1.000000000000000000, 0.9749279121818236193, 1.000000000000000000, 0.9749279121818236193, 1.000000000000000000, 0.9749279121818236193, 1.000000000000000000, 0.9749279121818236193, 1.000000000000000000, 0.9749279121818236193, 1.000000000000000000, 0.9749279121818236193, 1.000000000000000000, 0.9749279121818236193, 1.000000000000000000, 0.9749279121818236193, 1.000000000000000000, 0.9749279121818236193, 1.000000000000000000, 0.9749279121818236193, 1.000000000000000000, 0.9749279121818236193, 1.000000000000000000, 0.9749279121818236193, 1.000000000000000000, 0.9749279121818236193, 1.000000000000000000, 0.9749279121818236193, 1.000000000000000000, 0.9749279121818236193, 1.000000000000000000, 0.9749279121818236193, 1.000000000000000000, 0.9749279121818236193, 1.000000000000000000, 0.9749279121818236193, 1.000000000000000000, 0.9749279121818236193, 1.000000000000000000, 0.9749279121818236193, 1.000000000000000000, 0.9749279121818236193, 1.000000000000000000, 0.9749279121818236193, 1.000000000000000000, 0.9749279121818236193, 1.000000000000000000, 0.9749279121818236193, 1.000000000000000000, 0.9749279121818236193, 1.000000000000000000, 0.9749279121818236193, 1.000000000000000000, 0.9749279121818236193, 1.000000000000000000, 0.9749279121818236193, 1.000000000000000000, 0.9749279121818236193, 1.000000000000000000, 0.9749279121818236193, 1.000000000000000000, 0.9749279121818236193, 1.000000000000000000, 0.9749279121818236193, 1.000000000000000000, 0.9749279121818236193, 1.000000000000000000, 0.9749279121818236193, 1.000000000000000000, 0.9749279121818236193, 1.000000000000000000, 0.9749279121818236193, 1.000000000000000000, 0.9749279121818236193, 1.000000000000000000, 0.9749279121818236193, 1.000000000000000000, 0.9749279121818236193, 1.000000000000000000, 0.9749279121818236193, 1.000000000000000000, 0.9749279121818236193, 1.000000000000000000, 0.9749279121818236193, 1.000000000000000000, 0.9749279121818236193, 1.000000000000000000, 0.9749279121818236193, 1.000000000000000000, 0.9749279121818236193, 1.000000000000000000, 0.9749279121818236193, 1.000000000000000000, 0.9749279121818236193, 1.000000000000000000, 0.9749279121818236193, 1.000000000000000000, 0.9749279121818236193, 1.000000000000000000, 0.9749279121818236193, 1.000000000000000000, 0.9749279121818236193, 1.000000000000000000, 0.9749279121818236193, 1.000000000000000000, 0.9749279121818236193, 1.000000000000000000, 0.9749279121818236193, 1.000000000000000000, 0.9749279121818236193, 1.000000000000000000, 0.9749279121818236193, 1.000000000000000000, 0.9749279121818236193, 1.000000000000000000, 0.9749279121818236193, 1.000000000000000000, 0.9749279121818236193, 1.000000000000000000, 0.9749279121818236193, 1.000000000000000000, 0.9749279121818236193, 1.000000000000000000, 0.9749279121818236193, 1.000000000000000000, 0.9749279121818236193, 1.000000000000000000, 0.9749279121818236193, 1.000000000000000000, 0.9749279121818236193, 1.000000000000000000, 0.9749279121818236193, 1.000000000000000000, 0.9749279121818236193, 1.000000000000000000, 0.9749279121818236193, 1.000000000000000000, 0.9749279121818236193, 1.000000000000000000, 0.9749279121818236193, 1.000000000000000000, 0.9749279121818236193, 1.000000000000000000, 0.9749279121818236193, 1.000000000000000000, 0.9749279121818236193, 1.000000000000000000, 0.9749279121818236193, 1.000000000000000000, 0.9749279121818236193, 1.000000000000000000, 0.9749279121818236193, 1.000000000000000000, 0.9749279121818236193, 1.000000000000000000, 0.9749279121818236193, 1.000000000000000000, 0.9749279121818236193, 1.000000000000000000, 0.9749279121818236193, 1.000000000000000000, 0.9749279121818236193, 1.000000000000000000, 0.9749279121818236193, 1.000000000000000000, 0.9749279121818236193, 1.000000000000000000, 0.9749279121818236193, 1.000000000000000000, 0.9749279121818236193, 1.000000000000000000, 0.9749279121818236193, 1.000000000000000000, 0.9749279121818236193, 1.000000000000000000, 0.9749279121818236193, 1.000000000000000000, 0.9749279121818236193, 1.000000000000000000, 0.9749279121818236193, 1.000000000000000000, 0.9749279121818236193, 1.000000000000000000, 0.9749279121818236193, 1.000000000000000000, 0.9749279121818236193, 1.000000000000000000, 0.9749279121818236193, 1.000000000000000000, 0.9749279121818236193, 1.000000000000000000, 0.9749279121818236193, 1.000000000000000000, 0.9749279121818236193, 1.000000000000000000, 0.9749279121818236193, 1.000000000000000000, 0.9749279121818236193, 1.000000000000000000, 0.9749279121818236193, 1.000000000000000000, 0.9749279121818236193, 1.000000000000000000, 0.9749279121818236193, 1.000000000000000000, 0.9749279121818236193, 1.000000000000000000, 0.9749279121818236193, 1.000000000000000000, 0.9749279121818236193, 1.000000000000000000),
 ( 0.3333333333333333703, 0.3249759707272745768, 0.3333333333333333703, 0.3249759707272745768, 0.3333333333333333703, 0.3249759707272745768, 0.3333333333333333703, 0.3249759707272745768, 0.3333333333333333703, 0.3249759707272745768, 0.3333333333333333703, 0.3249759707272745768, 0.3333333333333333703, 0.3249759707272745768, 0.3333333333333333703, 0.3249759707272745768, 0.3333333333333333703, 0.3249759707272745768, 0.3333333333333333703, 0.3249759707272745768, 0.3333333333333333703, 0.3249759707272745768, 0.3333333333333333703, 0.3249759707272745768, 0.3333333333333333703, 0.3249759707272745768, 0.3333333333333333703, 0.3249759707272745768, 0.3333333333333333703, 0.3249759707272745768, 0.3333333333333333703, 0.3249759707272745768, 0.3333333333333333703, 0.3249759707272745768, 0.3333333333333333703, 0.3249759707272745768, 0.3333333333333333703, 0.3249759707272745768, 0.3333333333333333703, 0.3249759707272745768, 0.3333333333333333703, 0.3249759707272745768, 0.3333333333333333703, 0.3249759707272745768, 0.3333333333333333703, 0.3249759707272745768, 0.3333333333333333703, 0.3249759707272745768, 0.3333333333333333703, 0.3249759707272745768, 0.3333333333333333703, 0.3249759707272745768, 0.3333333333333333703, 0.3249759707272745768, 0.3333333333333333703, 0.3249759707272745768, 0.3333333333333333703, 0.3249759707272745768, 0.3333333333333333703, 0.3249759707272745768, 0.3333333333333333703, 0.3249759707272745768, 0.3333333333333333703, 0.3249759707272745768, 0.3333333333333333703, 0.3249759707272745768, 0.3333333333333333703, 0.3249759707272745768, 0.3333333333333333703, 0.3249759707272745768, 0.3333333333333333703, 0.3249759707272745768, 0.3333333333333333703, 0.3249759707272745768, 0.3333333333333333703, 0.3249759707272745768, 0.3333333333333333703, 0.3249759707272745768, 0.3333333333333333703, 0.3249759707272745768, 0.3333333333333333703, 0.3249759707272745768, 0.3333333333333333703, 0.3249759707272745768, 0.3333333333333333703, 0.3249759707272745768, 0.3333333333333333703, 0.3249759707272745768, 0.3333333333333333703, 0.3249759707272745768, 0.3333333333333333703, 0.3249759707272745768, 0.3333333333333333703, 0.3249759707272745768, 0.3333333333333333703, 0.3249759707272745768, 0.3333333333333333703, 0.3249759707272745768, 0.3333333333333333703, 0.3249759707272745768, 0.3333333333333333703, 0.3249759707272745768, 0.3333333333333333703, 0.3249759707272745768, 0.3333333333333333703, 0.3249759707272745768, 0.3333333333333333703, 0.3249759707272745768, 0.3333333333333333703, 0.3249759707272745768, 0.3333333333333333703, 0.3249759707272745768, 0.3333333333333333703, 0.3249759707272745768, 0.3333333333333333703, 0.3249759707272745768, 0.3333333333333333703, 0.3249759707272745768, 0.3333333333333333703, 0.3249759707272745768, 0.3333333333333333703, 0.3249759707272745768, 0.3333333333333333703, 0.3249759707272745768, 0.3333333333333333703, 0.3249759707272745768, 0.3333333333333333703, 0.3249759707272745768, 0.3333333333333333703, 0.3249759707272745768, 0.3333333333333333703, 0.3249759707272745768, 0.3333333333333333703, 0.3249759707272745768, 0.3333333333333333703, 0.3249759707272745768, 0.3333333333333333703, 0.3249759707272745768, 0.3333333333333333703, 0.3249759707272745768, 0.3333333333333333703, 0.3249759707272745768, 0.3333333333333333703, 0.3249759707272745768, 0.3333333333333333703, 0.3249759707272745768, 0.3333333333333333703, 0.3249759707272745768, 0.3333333333333333703, 0.3249759707272745768, 0.3333333333333333703, 0.3249759707272745768, 0.3333333333333333703, 0.3249759707272745768, 0.3333333333333333703, 0.3249759707272745768, 0.3333333333333333703, 0.3249759707272745768, 0.3333333333333333703, 0.3249759707272745768, 0.3333333333333333703, 0.3249759707272745768, 0.3333333333333333703, 0.3249759707272745768, 0.3333333333333333703, 0.3249759707272745768, 0.3333333333333333703, 0.3249759707272745768, 0.3333333333333333703, 0.3249759707272745768, 0.3333333333333333703, 0.3249759707272745768, 0.3333333333333333703, 0.3249759707272745768, 0.3333333333333333703, 0.3249759707272745768, 0.3333333333333333703, 0.3249759707272745768, 0.3333333333333333703, 0.3249759707272745768, 0.3333333333333333703, 0.3249759707272745768, 0.3333333333333333703, 0.3249759707272745768, 0.3333333333333333703, 0.3249759707272745768, 0.3333333333333333703, 0.3249759707272745768, 0.3333333333333333703, 0.3249759707272745768, 0.3333333333333333703, 0.3249759707272745768, 0.3333333333333333703, 0.3249759707272745768, 0.3333333333333333703, 0.3249759707272745768, 0.3333333333333333703, 0.3249759707272745768, 0.3333333333333333703, 0.3249759707272745768, 0.3333333333333333703, 0.3249759707272745768, 0.3333333333333333703, 0.3249759707272745768, 0.3333333333333333703, 0.3249759707272745768, 0.3333333333333333703, 0.3249759707272745768, 0.3333333333333333703, 0.3249759707272745768, 0.3333333333333333703, 0.3249759707272745768, 0.3333333333333333703, 0.3249759707272745768, 0.3333333333333333703, 0.3249759707272745768, 0.3333333333333333703, 0.3249759707272745768, 0.3333333333333333703, 0.3249759707272745768, 0.3333333333333333703, 0.3249759707272745768, 0.3333333333333333703, 0.3249759707272745768, 0.3333333333333333703),
 ( 0.3333333333333333703, 0.3249759707272745768, 0.3333333333333333703, 0.3249759707272745768, 0.3333333333333333703, 0.3249759707272745768, 0.3333333333333333703, 0.3249759707272745768, 0.3333333333333333703, 0.3249759707272745768, 0.3333333333333333703, 0.3249759707272745768, 0.3333333333333333703, 0.3249759707272745768, 0.3333333333333333703, 0.3249759707272745768, 0.3333333333333333703, 0.3249759707272745768, 0.3333333333333333703, 0.3249759707272745768, 0.3333333333333333703, 0.3249759707272745768, 0.3333333333333333703, 0.3249759707272745768, 0.3333333333333333703, 0.3249759707272745768, 0.3333333333333333703, 0.3249759707272745768, 0.3333333333333333703, 0.3249759707272745768, 0.3333333333333333703, 0.3249759707272745768, 0.3333333333333333703, 0.3249759707272745768, 0.3333333333333333703, 0.3249759707272745768, 0.3333333333333333703, 0.3249759707272745768, 0.3333333333333333703, 0.3249759707272745768, 0.3333333333333333703, 0.3249759707272745768, 0.3333333333333333703, 0.3249759707272745768, 0.3333333333333333703, 0.3249759707272745768, 0.3333333333333333703, 0.3249759707272745768, 0.3333333333333333703, 0.3249759707272745768, 0.3333333333333333703, 0.3249759707272745768, 0.3333333333333333703, 0.3249759707272745768, 0.3333333333333333703, 0.3249759707272745768, 0.3333333333333333703, 0.3249759707272745768, 0.3333333333333333703, 0.3249759707272745768, 0.3333333333333333703, 0.3249759707272745768, 0.3333333333333333703, 0.3249759707272745768, 0.3333333333333333703, 0.3249759707272745768, 0.3333333333333333703, 0.3249759707272745768, 0.3333333333333333703, 0.3249759707272745768, 0.3333333333333333703, 0.3249759707272745768, 0.3333333333333333703, 0.3249759707272745768, 0.3333333333333333703, 0.3249759707272745768, 0.3333333333333333703, 0.3249759707272745768, 0.3333333333333333703, 0.3249759707272745768, 0.3333333333333333703, 0.3249759707272745768, 0.3333333333333333703, 0.3249759707272745768, 0.3333333333333333703, 0.3249759707272745768, 0.3333333333333333703, 0.3249759707272745768, 0.3333333333333333703, 0.3249759707272745768, 0.3333333333333333703, 0.3249759707272745768, 0.3333333333333333703, 0.3249759707272745768, 0.3333333333333333703, 0.3249759707272745768, 0.3333333333333333703, 0.3249759707272745768, 0.3333333333333333703, 0.3249759707272745768, 0.3333333333333333703, 0.3249759707272745768, 0.3333333333333333703, 0.3249759707272745768, 0.3333333333333333703, 0.3249759707272745768, 0.3333333333333333703, 0.3249759707272745768, 0.3333333333333333703, 0.3249759707272745768, 0.3333333333333333703, 0.3249759707272745768, 0.3333333333333333703, 0.3249759707272745768, 0.3333333333333333703, 0.3249759707272745768, 0.3333333333333333703, 0.3249759707272745768, 0.3333333333333333703, 0.3249759707272745768, 0.3333333333333333703, 0.3249759707272745768, 0.3333333333333333703, 0.3249759707272745768, 0.3333333333333333703, 0.3249759707272745768, 0.3333333333333333703, 0.3249759707272745768, 0.3333333333333333703, 0.3249759707272745768, 0.3333333333333333703, 0.3249759707272745768, 0.3333333333333333703, 0.3249759707272745768, 0.3333333333333333703, 0.3249759707272745768, 0.3333333333333333703, 0.3249759707272745768, 0.3333333333333333703, 0.3249759707272745768, 0.3333333333333333703, 0.3249759707272745768, 0.3333333333333333703, 0.3249759707272745768, 0.3333333333333333703, 0.3249759707272745768, 0.3333333333333333703, 0.3249759707272745768, 0.3333333333333333703, 0.3249759707272745768, 0.3333333333333333703, 0.3249759707272745768, 0.3333333333333333703, 0.3249759707272745768, 0.3333333333333333703, 0.3249759707272745768, 0.3333333333333333703, 0.3249759707272745768, 0.3333333333333333703, 0.3249759707272745768, 0.3333333333333333703, 0.3249759707272745768, 0.3333333333333333703, 0.3249759707272745768, 0.3333333333333333703, 0.3249759707272745768, 0.3333333333333333703, 0.3249759707272745768, 0.3333333333333333703, 0.3249759707272745768, 0.3333333333333333703, 0.3249759707272745768, 0.3333333333333333703, 0.3249759707272745768, 0.3333333333333333703, 0.3249759707272745768, 0.3333333333333333703, 0.3249759707272745768, 0.3333333333333333703, 0.3249759707272745768, 0.3333333333333333703, 0.3249759707272745768, 0.3333333333333333703, 0.3249759707272745768, 0.3333333333333333703, 0.3249759707272745768, 0.3333333333333333703, 0.3249759707272745768, 0.3333333333333333703, 0.3249759707272745768, 0.3333333333333333703, 0.3249759707272745768, 0.3333333333333333703, 0.3249759707272745768, 0.3333333333333333703, 0.3249759707272745768, 0.3333333333333333703, 0.3249759707272745768, 0.3333333333333333703, 0.3249759707272745768, 0.3333333333333333703, 0.3249759707272745768, 0.3333333333333333703, 0.3249759707272745768, 0.3333333333333333703, 0.3249759707272745768, 0.3333333333333333703, 0.3249759707272745768, 0.3333333333333333703, 0.3249759707272745768, 0.3333333333333333703, 0.3249759707272745768, 0.3333333333333333703, 0.3249759707272745768, 0.3333333333333333703, 0.3249759707272745768, 0.3333333333333333703, 0.3249759707272745768, 0.3333333333333333703, 0.3249759707272745768, 0.3333333333333333703, 0.3249759707272745768, 0.3333333333333333703, 0.3249759707272745768, 0.3333333333333333703),
 ( 1.000000000000000000, 0.9749279121818236193, 1.000000000000000000, 0.9749279121818236193, 1.000000000000000000, 0.9749279121818236193, 1.000000000000000000, 0.9749279121818236193, 1.000000000000000000, 0.9749279121818236193, 1.000000000000000000, 0.9749279121818236193, 1.000000000000000000, 0.9749279121818236193, 1.000000000000000000, 0.9749279121818236193, 1.000000000000000000, 0.9749279121818236193, 1.000000000000000000, 0.9749279121818236193, 1.000000000000000000, 0.9749279121818236193, 1.000000000000000000, 0.9749279121818236193, 1.000000000000000000, 0.9749279121818236193, 1.000000000000000000, 0.9749279121818236193, 1.000000000000000000, 0.9749279121818236193, 1.000000000000000000, 0.9749279121818236193, 1.000000000000000000, 0.9749279121818236193, 1.000000000000000000, 0.9749279121818236193, 1.000000000000000000, 0.9749279121818236193, 1.000000000000000000, 0.9749279121818236193, 1.000000000000000000, 0.9749279121818236193, 1.000000000000000000, 0.9749279121818236193, 1.000000000000000000, 0.9749279121818236193, 1.000000000000000000, 0.9749279121818236193, 1.000000000000000000, 0.9749279121818236193, 1.000000000000000000, 0.9749279121818236193, 1.000000000000000000, 0.9749279121818236193, 1.000000000000000000, 0.9749279121818236193, 1.000000000000000000, 0.9749279121818236193, 1.000000000000000000, 0.9749279121818236193, 1.000000000000000000, 0.9749279121818236193, 1.000000000000000000, 0.9749279121818236193, 1.000000000000000000, 0.9749279121818236193, 1.000000000000000000, 0.9749279121818236193, 1.000000000000000000, 0.9749279121818236193, 1.000000000000000000, 0.9749279121818236193, 1.000000000000000000, 0.9749279121818236193, 1.000000000000000000, 0.9749279121818236193, 1.000000000000000000, 0.9749279121818236193, 1.000000000000000000, 0.9749279121818236193, 1.000000000000000000, 0.9749279121818236193, 1.000000000000000000, 0.9749279121818236193, 1.000000000000000000, 0.9749279121818236193, 1.000000000000000000, 0.9749279121818236193, 1.000000000000000000, 0.9749279121818236193, 1.000000000000000000, 0.9749279121818236193, 1.000000000000000000, 0.9749279121818236193, 1.000000000000000000, 0.9749279121818236193, 1.000000000000000000, 0.9749279121818236193, 1.000000000000000000, 0.9749279121818236193, 1.000000000000000000, 0.9749279121818236193, 1.000000000000000000, 0.9749279121818236193, 1.000000000000000000, 0.9749279121818236193, 1.000000000000000000, 0.9749279121818236193, 1.000000000000000000, 0.9749279121818236193, 1.000000000000000000, 0.9749279121818236193, 1.000000000000000000, 0.9749279121818236193, 1.000000000000000000, 0.9749279121818236193, 1.000000000000000000, 0.9749279121818236193, 1.000000000000000000, 0.9749279121818236193, 1.000000000000000000, 0.9749279121818236193, 1.000000000000000000, 0.9749279121818236193, 1.000000000000000000, 0.9749279121818236193, 1.000000000000000000, 0.9749279121818236193, 1.000000000000000000, 0.9749279121818236193, 1.000000000000000000, 0.9749279121818236193, 1.000000000000000000, 0.9749279121818236193, 1.000000000000000000, 0.9749279121818236193, 1.000000000000000000, 0.9749279121818236193, 1.000000000000000000, 0.9749279121818236193, 1.000000000000000000, 0.9749279121818236193, 1.000000000000000000, 0.9749279121818236193, 1.000000000000000000, 0.9749279121818236193, 1.000000000000000000, 0.9749279121818236193, 1.000000000000000000, 0.9749279121818236193, 1.000000000000000000, 0.9749279121818236193, 1.000000000000000000, 0.9749279121818236193, 1.000000000000000000, 0.9749279121818236193, 1.000000000000000000, 0.9749279121818236193, 1.000000000000000000, 0.9749279121818236193, 1.000000000000000000, 0.9749279121818236193, 1.000000000000000000, 0.9749279121818236193, 1.000000000000000000, 0.9749279121818236193, 1.000000000000000000, 0.9749279121818236193, 1.000000000000000000, 0.9749279121818236193, 1.000000000000000000, 0.9749279121818236193, 1.000000000000000000, 0.9749279121818236193, 1.000000000000000000, 0.9749279121818236193, 1.000000000000000000, 0.9749279121818236193, 1.000000000000000000, 0.9749279121818236193, 1.000000000000000000, 0.9749279121818236193, 1.000000000000000000, 0.9749279121818236193, 1.000000000000000000, 0.9749279121818236193, 1.000000000000000000, 0.9749279121818236193, 1.000000000000000000, 0.9749279121818236193, 1.000000000000000000, 0.9749279121818236193, 1.000000000000000000, 0.9749279121818236193, 1.000000000000000000, 0.9749279121818236193, 1.000000000000000000, 0.9749279121818236193, 1.000000000000000000, 0.9749279121818236193, 1.000000000000000000, 0.9749279121818236193, 1.000000000000000000, 0.9749279121818236193, 1.000000000000000000, 0.9749279121818236193, 1.000000000000000000, 0.9749279121818236193, 1.000000000000000000, 0.9749279121818236193, 1.000000000000000000, 0.9749279121818236193, 1.000000000000000000, 0.9749279121818236193, 1.000000000000000000, 0.9749279121818236193, 1.000000000000000000, 0.9749279121818236193, 1.000000000000000000, 0.9749279121818236193, 1.000000000000000000, 0.9749279121818236193, 1.000000000000000000, 0.9749279121818236193, 1.000000000000000000),
 ( 0.3333333333333333703, 0.3249759707272745768, 0.3333333333333333703, 0.3249759707272745768, 0.3333333333333333703, 0.3249759707272745768, 0.3333333333333333703, 0.3249759707272745768, 0.3333333333333333703, 0.3249759707272745768, 0.3333333333333333703, 0.3249759707272745768, 0.3333333333333333703, 0.3249759707272745768, 0.3333333333333333703, 0.3249759707272745768, 0.3333333333333333703, 0.3249759707272745768, 0.3333333333333333703, 0.3249759707272745768, 0.3333333333333333703, 0.3249759707272745768, 0.3333333333333333703, 0.3249759707272745768, 0.3333333333333333703, 0.3249759707272745768, 0.3333333333333333703, 0.3249759707272745768, 0.3333333333333333703, 0.3249759707272745768, 0.3333333333333333703, 0.3249759707272745768, 0.3333333333333333703, 0.3249759707272745768, 0.3333333333333333703, 0.3249759707272745768, 0.3333333333333333703, 0.3249759707272745768, 0.3333333333333333703, 0.3249759707272745768, 0.3333333333333333703, 0.3249759707272745768, 0.3333333333333333703, 0.3249759707272745768, 0.3333333333333333703, 0.3249759707272745768, 0.3333333333333333703, 0.3249759707272745768, 0.3333333333333333703, 0.3249759707272745768, 0.3333333333333333703, 0.3249759707272745768, 0.3333333333333333703, 0.3249759707272745768, 0.3333333333333333703, 0.3249759707272745768, 0.3333333333333333703, 0.3249759707272745768, 0.3333333333333333703, 0.3249759707272745768, 0.3333333333333333703, 0.3249759707272745768, 0.3333333333333333703, 0.3249759707272745768, 0.3333333333333333703, 0.3249759707272745768, 0.3333333333333333703, 0.3249759707272745768, 0.3333333333333333703, 0.3249759707272745768, 0.3333333333333333703, 0.3249759707272745768, 0.3333333333333333703, 0.3249759707272745768, 0.3333333333333333703, 0.3249759707272745768, 0.3333333333333333703, 0.3249759707272745768, 0.3333333333333333703, 0.3249759707272745768, 0.3333333333333333703, 0.3249759707272745768, 0.3333333333333333703, 0.3249759707272745768, 0.3333333333333333703, 0.3249759707272745768, 0.3333333333333333703, 0.3249759707272745768, 0.3333333333333333703, 0.3249759707272745768, 0.3333333333333333703, 0.3249759707272745768, 0.3333333333333333703, 0.3249759707272745768, 0.3333333333333333703, 0.3249759707272745768, 0.3333333333333333703, 0.3249759707272745768, 0.3333333333333333703, 0.3249759707272745768, 0.3333333333333333703, 0.3249759707272745768, 0.3333333333333333703, 0.3249759707272745768, 0.3333333333333333703, 0.3249759707272745768, 0.3333333333333333703, 0.3249759707272745768, 0.3333333333333333703, 0.3249759707272745768, 0.3333333333333333703, 0.3249759707272745768, 0.3333333333333333703, 0.3249759707272745768, 0.3333333333333333703, 0.3249759707272745768, 0.3333333333333333703, 0.3249759707272745768, 0.3333333333333333703, 0.3249759707272745768, 0.3333333333333333703, 0.3249759707272745768, 0.3333333333333333703, 0.3249759707272745768, 0.3333333333333333703, 0.3249759707272745768, 0.3333333333333333703, 0.3249759707272745768, 0.3333333333333333703, 0.3249759707272745768, 0.3333333333333333703, 0.3249759707272745768, 0.3333333333333333703, 0.3249759707272745768, 0.3333333333333333703, 0.3249759707272745768, 0.3333333333333333703, 0.3249759707272745768, 0.3333333333333333703, 0.3249759707272745768, 0.3333333333333333703, 0.3249759707272745768, 0.3333333333333333703, 0.3249759707272745768, 0.3333333333333333703, 0.3249759707272745768, 0.3333333333333333703, 0.3249759707272745768, 0.3333333333333333703, 0.3249759707272745768, 0.3333333333333333703, 0.3249759707272745768, 0.3333333333333333703, 0.3249759707272745768, 0.3333333333333333703, 0.3249759707272745768, 0.3333333333333333703, 0.3249759707272745768, 0.3333333333333333703, 0.3249759707272745768, 0.3333333333333333703, 0.3249759707272745768, 0.3333333333333333703, 0.3249759707272745768, 0.3333333333333333703, 0.3249759707272745768, 0.3333333333333333703, 0.3249759707272745768, 0.3333333333333333703, 0.3249759707272745768, 0.3333333333333333703, 0.3249759707272745768, 0.3333333333333333703, 0.3249759707272745768, 0.3333333333333333703, 0.3249759707272745768, 0.3333333333333333703, 0.3249759707272745768, 0.3333333333333333703, 0.3249759707272745768, 0.3333333333333333703, 0.3249759707272745768, 0.3333333333333333703, 0.3249759707272745768, 0.3333333333333333703, 0.3249759707272745768, 0.3333333333333333703, 0.3249759707272745768, 0.3333333333333333703, 0.3249759707272745768, 0.3333333333333333703, 0.3249759707272745768, 0.3333333333333333703, 0.3249759707272745768, 0.3333333333333333703, 0.3249759707272745768, 0.3333333333333333703, 0.3249759707272745768, 0.3333333333333333703, 0.3249759707272745768, 0.3333333333333333703, 0.3249759707272745768, 0.3333333333333333703, 0.3249759707272745768, 0.3333333333333333703, 0.3249759707272745768, 0.3333333333333333703, 0.3249759707272745768, 0.3333333333333333703, 0.3249759707272745768, 0.3333333333333333703, 0.3249759707272745768, 0.3333333333333333703, 0.3249759707272745768, 0.3333333333333333703, 0.3249759707272745768, 0.3333333333333333703, 0.3249759707272745768, 0.3333333333333333703, 0.3249759707272745768, 0.3333333333333333703, 0.3249759707272745768, 0.3333333333333333703, 0.3249759707272745768, 0.3333333333333333703),
 ( 0.3333333333333333703, 0.3249759707272745768, 0.3333333333333333703, 0.3249759707272745768, 0.3333333333333333703, 0.3249759707272745768, 0.3333333333333333703, 0.3249759707272745768, 0.3333333333333333703, 0.3249759707272745768, 0.3333333333333333703, 0.3249759707272745768, 0.3333333333333333703, 0.3249759707272745768, 0.3333333333333333703, 0.3249759707272745768, 0.3333333333333333703, 0.3249759707272745768, 0.3333333333333333703, 0.3249759707272745768, 0.3333333333333333703, 0.3249759707272745768, 0.3333333333333333703, 0.3249759707272745768, 0.3333333333333333703, 0.3249759707272745768, 0.3333333333333333703, 0.3249759707272745768, 0.3333333333333333703, 0.3249759707272745768, 0.3333333333333333703, 0.3249759707272745768, 0.3333333333333333703, 0.3249759707272745768, 0.3333333333333333703, 0.3249759707272745768, 0.3333333333333333703, 0.3249759707272745768, 0.3333333333333333703, 0.3249759707272745768, 0.3333333333333333703, 0.3249759707272745768, 0.3333333333333333703, 0.3249759707272745768, 0.3333333333333333703, 0.3249759707272745768, 0.3333333333333333703, 0.3249759707272745768, 0.3333333333333333703, 0.3249759707272745768, 0.3333333333333333703, 0.3249759707272745768, 0.3333333333333333703, 0.3249759707272745768, 0.3333333333333333703, 0.3249759707272745768, 0.3333333333333333703, 0.3249759707272745768, 0.3333333333333333703, 0.3249759707272745768, 0.3333333333333333703, 0.3249759707272745768, 0.3333333333333333703, 0.3249759707272745768, 0.3333333333333333703, 0.3249759707272745768, 0.3333333333333333703, 0.3249759707272745768, 0.3333333333333333703, 0.3249759707272745768, 0.3333333333333333703, 0.3249759707272745768, 0.3333333333333333703, 0.3249759707272745768, 0.3333333333333333703, 0.3249759707272745768, 0.3333333333333333703, 0.3249759707272745768, 0.3333333333333333703, 0.3249759707272745768, 0.3333333333333333703, 0.3249759707272745768, 0.3333333333333333703, 0.3249759707272745768, 0.3333333333333333703, 0.3249759707272745768, 0.3333333333333333703, 0.3249759707272745768, 0.3333333333333333703, 0.3249759707272745768, 0.3333333333333333703, 0.3249759707272745768, 0.3333333333333333703, 0.3249759707272745768, 0.3333333333333333703, 0.3249759707272745768, 0.3333333333333333703, 0.3249759707272745768, 0.3333333333333333703, 0.3249759707272745768, 0.3333333333333333703, 0.3249759707272745768, 0.3333333333333333703, 0.3249759707272745768, 0.3333333333333333703, 0.3249759707272745768, 0.3333333333333333703, 0.3249759707272745768, 0.3333333333333333703, 0.3249759707272745768, 0.3333333333333333703, 0.3249759707272745768, 0.3333333333333333703, 0.3249759707272745768, 0.3333333333333333703, 0.3249759707272745768, 0.3333333333333333703, 0.3249759707272745768, 0.3333333333333333703, 0.3249759707272745768, 0.3333333333333333703, 0.3249759707272745768, 0.3333333333333333703, 0.3249759707272745768, 0.3333333333333333703, 0.3249759707272745768, 0.3333333333333333703, 0.3249759707272745768, 0.3333333333333333703, 0.3249759707272745768, 0.3333333333333333703, 0.3249759707272745768, 0.3333333333333333703, 0.3249759707272745768, 0.3333333333333333703, 0.3249759707272745768, 0.3333333333333333703, 0.3249759707272745768, 0.3333333333333333703, 0.3249759707272745768, 0.3333333333333333703, 0.3249759707272745768, 0.3333333333333333703, 0.3249759707272745768, 0.3333333333333333703, 0.3249759707272745768, 0.3333333333333333703, 0.3249759707272745768, 0.3333333333333333703, 0.3249759707272745768, 0.3333333333333333703, 0.3249759707272745768, 0.3333333333333333703, 0.3249759707272745768, 0.3333333333333333703, 0.3249759707272745768, 0.3333333333333333703, 0.3249759707272745768, 0.3333333333333333703, 0.3249759707272745768, 0.3333333333333333703, 0.3249759707272745768, 0.3333333333333333703, 0.3249759707272745768, 0.3333333333333333703, 0.3249759707272745768, 0.3333333333333333703, 0.3249759707272745768, 0.3333333333333333703, 0.3249759707272745768, 0.3333333333333333703, 0.3249759707272745768, 0.3333333333333333703, 0.3249759707272745768, 0.3333333333333333703, 0.3249759707272745768, 0.3333333333333333703, 0.3249759707272745768, 0.3333333333333333703, 0.3249759707272745768, 0.3333333333333333703, 0.3249759707272745768, 0.3333333333333333703, 0.3249759707272745768, 0.3333333333333333703, 0.3249759707272745768, 0.3333333333333333703, 0.3249759707272745768, 0.3333333333333333703, 0.3249759707272745768, 0.3333333333333333703, 0.3249759707272745768, 0.3333333333333333703, 0.3249759707272745768, 0.3333333333333333703, 0.3249759707272745768, 0.3333333333333333703, 0.3249759707272745768, 0.3333333333333333703, 0.3249759707272745768, 0.3333333333333333703, 0.3249759707272745768, 0.3333333333333333703, 0.3249759707272745768, 0.3333333333333333703, 0.3249759707272745768, 0.3333333333333333703, 0.3249759707272745768, 0.3333333333333333703, 0.3249759707272745768, 0.3333333333333333703, 0.3249759707272745768, 0.3333333333333333703, 0.3249759707272745768, 0.3333333333333333703, 0.3249759707272745768, 0.3333333333333333703, 0.3249759707272745768, 0.3333333333333333703, 0.3249759707272745768, 0.3333333333333333703, 0.3249759707272745768, 0.3333333333333333703, 0.3249759707272745768, 0.3333333333333333703),
 ( 1.000000000000000000, 0.9749279121818236193, 1.000000000000000000, 0.9749279121818236193, 1.000000000000000000, 0.9749279121818236193, 1.000000000000000000, 0.9749279121818236193, 1.000000000000000000, 0.9749279121818236193, 1.000000000000000000, 0.9749279121818236193, 1.000000000000000000, 0.9749279121818236193, 1.000000000000000000, 0.9749279121818236193, 1.000000000000000000, 0.9749279121818236193, 1.000000000000000000, 0.9749279121818236193, 1.000000000000000000, 0.9749279121818236193, 1.000000000000000000, 0.9749279121818236193, 1.000000000000000000, 0.9749279121818236193, 1.000000000000000000, 0.9749279121818236193, 1.000000000000000000, 0.9749279121818236193, 1.000000000000000000, 0.9749279121818236193, 1.000000000000000000, 0.9749279121818236193, 1.000000000000000000, 0.9749279121818236193, 1.000000000000000000, 0.9749279121818236193, 1.000000000000000000, 0.9749279121818236193, 1.000000000000000000, 0.9749279121818236193, 1.000000000000000000, 0.9749279121818236193, 1.000000000000000000, 0.9749279121818236193, 1.000000000000000000, 0.9749279121818236193, 1.000000000000000000, 0.9749279121818236193, 1.000000000000000000, 0.9749279121818236193, 1.000000000000000000, 0.9749279121818236193, 1.000000000000000000, 0.9749279121818236193, 1.000000000000000000, 0.9749279121818236193, 1.000000000000000000, 0.9749279121818236193, 1.000000000000000000, 0.9749279121818236193, 1.000000000000000000, 0.9749279121818236193, 1.000000000000000000, 0.9749279121818236193, 1.000000000000000000, 0.9749279121818236193, 1.000000000000000000, 0.9749279121818236193, 1.000000000000000000, 0.9749279121818236193, 1.000000000000000000, 0.9749279121818236193, 1.000000000000000000, 0.9749279121818236193, 1.000000000000000000, 0.9749279121818236193, 1.000000000000000000, 0.9749279121818236193, 1.000000000000000000, 0.9749279121818236193, 1.000000000000000000, 0.9749279121818236193, 1.000000000000000000, 0.9749279121818236193, 1.000000000000000000, 0.9749279121818236193, 1.000000000000000000, 0.9749279121818236193, 1.000000000000000000, 0.9749279121818236193, 1.000000000000000000, 0.9749279121818236193, 1.000000000000000000, 0.9749279121818236193, 1.000000000000000000, 0.9749279121818236193, 1.000000000000000000, 0.9749279121818236193, 1.000000000000000000, 0.9749279121818236193, 1.000000000000000000, 0.9749279121818236193, 1.000000000000000000, 0.9749279121818236193, 1.000000000000000000, 0.9749279121818236193, 1.000000000000000000, 0.9749279121818236193, 1.000000000000000000, 0.9749279121818236193, 1.000000000000000000, 0.9749279121818236193, 1.000000000000000000, 0.9749279121818236193, 1.000000000000000000, 0.9749279121818236193, 1.000000000000000000, 0.9749279121818236193, 1.000000000000000000, 0.9749279121818236193, 1.000000000000000000, 0.9749279121818236193, 1.000000000000000000, 0.9749279121818236193, 1.000000000000000000, 0.9749279121818236193, 1.000000000000000000, 0.9749279121818236193, 1.000000000000000000, 0.9749279121818236193, 1.000000000000000000, 0.9749279121818236193, 1.000000000000000000, 0.9749279121818236193, 1.000000000000000000, 0.9749279121818236193, 1.000000000000000000, 0.9749279121818236193, 1.000000000000000000, 0.9749279121818236193, 1.000000000000000000, 0.9749279121818236193, 1.000000000000000000, 0.9749279121818236193, 1.000000000000000000, 0.9749279121818236193, 1.000000000000000000, 0.9749279121818236193, 1.000000000000000000, 0.9749279121818236193, 1.000000000000000000, 0.9749279121818236193, 1.000000000000000000, 0.9749279121818236193, 1.000000000000000000, 0.9749279121818236193, 1.000000000000000000, 0.9749279121818236193, 1.000000000000000000, 0.9749279121818236193, 1.000000000000000000, 0.9749279121818236193, 1.000000000000000000, 0.9749279121818236193, 1.000000000000000000, 0.9749279121818236193, 1.000000000000000000, 0.9749279121818236193, 1.000000000000000000, 0.9749279121818236193, 1.000000000000000000, 0.9749279121818236193, 1.000000000000000000, 0.9749279121818236193, 1.000000000000000000, 0.9749279121818236193, 1.000000000000000000, 0.9749279121818236193, 1.000000000000000000, 0.9749279121818236193, 1.000000000000000000, 0.9749279121818236193, 1.000000000000000000, 0.9749279121818236193, 1.000000000000000000, 0.9749279121818236193, 1.000000000000000000, 0.9749279121818236193, 1.000000000000000000, 0.9749279121818236193, 1.000000000000000000, 0.9749279121818236193, 1.000000000000000000, 0.9749279121818236193, 1.000000000000000000, 0.9749279121818236193, 1.000000000000000000, 0.9749279121818236193, 1.000000000000000000, 0.9749279121818236193, 1.000000000000000000, 0.9749279121818236193, 1.000000000000000000, 0.9749279121818236193, 1.000000000000000000, 0.9749279121818236193, 1.000000000000000000, 0.9749279121818236193, 1.000000000000000000, 0.9749279121818236193, 1.000000000000000000, 0.9749279121818236193, 1.000000000000000000, 0.9749279121818236193, 1.000000000000000000, 0.9749279121818236193, 1.000000000000000000, 0.9749279121818236193, 1.000000000000000000, 0.9749279121818236193, 1.000000000000000000, 0.9749279121818236193, 1.000000000000000000) ) ) 
 REPRESENTATION_ITEM ( '' )  SURFACE ( )  );
#3725 = CARTESIAN_POINT ( 'NONE',  ( -2.066372343659833355, 38.31194635782487268, -18.33383792212573837 ) ) ;
#3726 = CARTESIAN_POINT ( 'NONE',  ( -7.441184992820900845, 57.86551778639630328, 11.84375244410240846 ) ) ;
#3727 = CARTESIAN_POINT ( 'NONE',  ( -5.804904578083523781, 9.086575417546306710, 17.51559745220038522 ) ) ;
#3728 = CARTESIAN_POINT ( 'NONE',  ( 6.093016998895132375, 1.347660643539160930, -17.41478255588030777 ) ) ;
#3729 = CARTESIAN_POINT ( 'NONE',  ( -6.093016998895131486, 27.59766064353917159, 17.41478255588030777 ) ) ;
#3730 = CARTESIAN_POINT ( 'NONE',  ( 7.189209593698524081, 43.10443256040345261, -12.00207908097901921 ) ) ;
#3731 = CARTESIAN_POINT ( 'NONE',  ( -11.98593830499178914, 10.75160301238915928, -7.891004345876712733 ) ) ;
#3732 = COORDINATED_UNIVERSAL_TIME_OFFSET ( 5, 30, .AHEAD. ) ;
#3733 = CARTESIAN_POINT ( 'NONE',  ( -12.14833660634136869, 22.24051778639630328, -7.632548929867056131 ) ) ;
#3734 = CARTESIAN_POINT ( 'NONE',  ( -17.31354432756522499, 25.15800398897487966, 6.382339233041261828 ) ) ;
#3735 = CARTESIAN_POINT ( 'NONE',  ( 18.29980522008792931, 43.96588872667487635, 2.368420928421932636 ) ) ;
#3736 = CARTESIAN_POINT ( 'NONE',  ( -5.941431822409547259, 38.04408921496773388, -16.97774488012678518 ) ) ;
#3737 = CARTESIAN_POINT ( 'NONE',  ( -17.41435922388530244, 28.66908921496773388, 6.094226812229657675 ) ) ;
#3738 = CARTESIAN_POINT ( 'NONE',  ( 13.26144797630247041, -2.105539844753699708, -12.83067754871767185 ) ) ;
#3739 = CARTESIAN_POINT ( 'NONE',  ( -13.04560959886931926, 58.13337492925346339, 13.04651592615081768 ) ) ;
#3740 = CARTESIAN_POINT ( 'NONE',  ( -13.30091153345750854, 25.96157541754630671, -4.338247252905039097 ) ) ;
#3741 = CARTESIAN_POINT ( 'NONE',  ( 9.816491301159272709, 26.52623207211060219, 15.62165183812783198 ) ) ;
#3742 = CARTESIAN_POINT ( 'NONE',  ( -13.89932148812502000, 28.93694635782487623, 1.566706170381279684 ) ) ;
#3743 = CARTESIAN_POINT ( 'NONE',  ( 7.441184992820901734, 46.61551778639630328, -11.84375244410240668 ) ) ;
#3744 = CARTESIAN_POINT ( 'NONE',  ( 17.84085098524932178, 6.675861131832021123, -2.310281418091023387 ) ) ;
#3745 = CARTESIAN_POINT ( 'NONE',  ( -13.10433702068519146, 10.48374586953201515, -4.900024934696059375 ) ) ;
#3746 = CARTESIAN_POINT ( 'NONE',  ( 2.066372343659836464, 19.56194635782488334, 18.33383792212573837 ) ) ;
#3747 = CARTESIAN_POINT ( 'NONE',  ( 11.68476097758757071, 51.14014684611774442, -7.694218462251239288 ) ) ;
#3748 = CARTESIAN_POINT ( 'NONE',  ( -4.339426733693341198, -3.444825559039413676, -13.30049881527948585 ) ) ;
#3749 = AXIS2_PLACEMENT_3D ( 'NONE', #3546, #1178, #3243 ) ;
#3750 = CARTESIAN_POINT ( 'NONE',  ( 4.737925785162140357, 38.84766064353915738, -13.54215436044368737 ) ) ;
#3751 = CARTESIAN_POINT ( 'NONE',  ( 1.717604984321167372, 20.06871827468916791, -17.90762958145169037 ) ) ;
#3752 = CARTESIAN_POINT ( 'NONE',  ( -15.45993546374941552, 55.75160301238916105, -10.07386143661146427 ) ) ;
#3753 = CARTESIAN_POINT ( 'NONE',  ( 9.816491301159272709, 41.52623207211058798, 15.62165183812783198 ) ) ;
#3754 = CARTESIAN_POINT ( 'NONE',  ( 6.093016998895132375, 23.84766064353916093, -17.41478255588030777 ) ) ;
#3755 = CARTESIAN_POINT ( 'NONE',  ( -1.861181766500929369, 53.34088872667487635, 13.86614205698138669 ) ) ;
#3756 = CARTESIAN_POINT ( 'NONE',  ( -9.569313298882221375, 50.36551778639630328, 15.23064924101556450 ) ) ;
#3757 = CARTESIAN_POINT ( 'NONE',  ( 7.189209593698524081, 43.10443256040345261, -12.00207908097901921 ) ) ;
#3758 = CARTESIAN_POINT ( 'NONE',  ( -9.816491301159269156, 22.77623207211059153, -15.62165183812783198 ) ) ;
#3759 = CARTESIAN_POINT ( 'NONE',  ( -4.620315574588849117, 23.04408921496773388, -13.20221155889332287 ) ) ;
#3760 = CARTESIAN_POINT ( 'NONE',  ( 13.26144797630247041, 5.394460155246299848, -12.83067754871767185 ) ) ;
#3761 = CARTESIAN_POINT ( 'NONE',  ( -1.606996938753239457, 53.31194635782487268, -14.25676843841640284 ) ) ;
ENDSEC;
END-ISO-10303-21;
